Workbook

Sheet 🔐 SHA-1
B1: 🔐 SHA-1 — pure Excel formulas, no VBA
B2: 32-bit words · Big-endian · 80 rounds · 4 constants · Excel 2013+
B4: ✏️ ENTER A WORD (1–7 ASCII characters):
B5: hello
B7: 🔑 SHA-1 RESULT:
B8: ='⚙️ Computation'!B2 -> aaf4c61ddcc5e8a2dabede0f3b482cd9aea9434d
B10: 📌 Sheets: 📖 How SHA-1 Works | 📦 Константы | ⚙️ Computation
B12: ✅ Verified: "hello" → aaf4c61ddcc5e8a2dabede0f3b482cd9aea9434d
B13: ⚠️ Maximum 7 characters · ASCII only · SHA-1 считается устаревшим с 2017 года

Sheet 📖 How SHA-1 Works
B1: 📖 How SHA-1 Works — step-by-step explanation
B2: SHA-1 Overview
B3: SHA-1 — хэш-функция NIST (1995), пришедшая на смену MD5. Блок: 512 бит (64 байта). Хэш: 160 бит (40 hex символов). 5 переменных состояния (a,b,c,d,e). 80 раундов. 4 константы K. ⚠️ Считается криптографически слабым с 2017 года (SHAttered атака).
B4: Comparison with MD5
B5: MD5: 4 переменные, 64 раунда, little-endian, 128-бит хэш SHA-1: 5 переменных, 80 раундов, big-endian, 160-бит хэш Главные отличия: · SHA-1 использует ROL (левый циклический сдвиг), MD5 — смешанные сдвиги · SHA-1: расписание W[i] через XOR+ROL, MD5: прямые слова M[i] · SHA-1 big-endian (как SHA-256), MD5 little-endian
B6: Padding
B7: Идентично SHA-256: · Добавить байт 0x80 после сообщения · Добавлять нули до длины ≡ 56 (mod 64) · Байты 56..63: исходная длина в битах (big-endian 64-bit) Для ≤7 байт: итого ровно 512 бит = 16 слов W[0..15].
B8: Initial Constants H[0..4]
B9: 5 магических 32-битных чисел (из стандарта FIPS 180): H0 = 0x67452301 (те же что в MD5!) H1 = 0xEFCDAB89 H2 = 0x98BADCFE H3 = 0x10325476 H4 = 0xC3D2E1F0 ← новый, которого нет в MD5
B10: Message Schedule W[0..79]
B11: W[0..15] = 16 слов из входного блока (big-endian 32-bit). W[i] для i=16..79: W[i] = ROL32( W[i-3] XOR W[i-8] XOR W[i-14] XOR W[i-16], 1 ) В Excel: XOR через a+b-2×AND(a,b), ROL через MOD/INT. Промежуточный XOR хранится в helper-ячейке, затем ROL.
B12: 4 Rounds of 20 Operations
... B17: · ROL32(x,n) = MOD( MOD(x,2^(32−n))×2^n + INT(x/2^(32−n)), 2³² ) · XOR32(a,b) через AND32 (побайтовое INT/MOD разложение) · Ch = AND(b,c) + AND(NOT_b,d) [биты попарно непересекаются] · Parity = XOR3(b,c,d) = b+c-2AND(b,c), затем XOR с d · Maj = AND(b,c)+AND(b,d)+AND(c,d)-2×AND(AND(b,c),AND(c,d)) · Каждый W[i>=16] хранит промежуточный XOR в helper-ячейке · Итого ~1500 формул на 3 листа

Sheet 📦 SHA-1 Constants
B1: 📦 SHA-1 Constants: K[0..3] and H[0..4]
B2: K[i] is used in each of 4 blocks of 20 operations. H[0..4] — initial state values (same as MD5 for H[0..3]).
B3: Round | C3: K (decimal) | D3: K (hex) | E3: Operations | G3: Initial H[0..4]
B4: Round 1 (0–19) | C4: 1518500249 | D4: 0x5A827999 | E4: Ch (f=AND+AND) | G4: H0 = 1732584193 | H4: 0x67452301 | I4: √2 (×2³²)
B5: Round 2 (20–39) | C5: 1859775393 | D5: 0x6ED9EBA1 | E5: Parity (f=XOR) | G5: H1 = 4023233417 | H5: 0xEFCDAB89 | I5: √3
B6: Round 3 (40–59) | C6: 2400959708 | D6: 0x8F1BBCDC | E6: Maj (f=AND×3) | G6: H2 = 2562383102 | H6: 0x98BADCFE | I6: √5
B7: Round 4 (60–79) | C7: 3395469782 | D7: 0xCA62C1D6 | E7: Parity (f=XOR) | G7: H3 = 271733878 | H7: 0x10325476 | I7: √7
G8: H4 = 3285377520 | H8: 0xC3D2E1F0 | I8: √11

Sheet ⚙️ Computation
B1: ⚙️ SHA-1 Computation — 80 rounds (a,b,c,d,e + helper columns)
B2: =LOWER(MID("0123456789abcdef",MOD(INT((MOD(INT(C86/256^3),256))/16),16)+1,1)&MID("0123456789abcdef",MOD(MOD((MOD(INT(C86/256^3),256)),16),16)+1,1)&MID("0123456789abcdef",MOD(INT((MOD(INT(C86/256^2),256))/16),16)+1,1)&MID("0123456789abcdef",MOD(MOD((MOD(INT(C86/256^2),256)),16),16)+1,1)&MID("0123456789abcdef",MOD(INT((MOD(INT(C86/256^1),256))/16),16)+1,1)&MID("0123456789abcdef",MOD(MOD((MOD(INT(C86/256^1),256)),16),16)+1,1)&MID("0123456789abcdef",MOD(INT((MOD(INT(C86/256^0),256))/16),16)+1,1)&MID("0123456789abcdef",MOD(MOD((MOD(INT(C86/256^0),256)),16),16)+1,1)&MID("0123456789abcdef",MOD(INT((MOD(INT(D86/256^3),256))/16),16)+1,1)&MID("0123456789abcdef",MOD(MOD((MOD(INT(D86/256^3),256)),16),16)+1,1)&MID("0123456789abcdef",MOD(INT((MOD(INT(D86/256^2),256))/16),16)+1,1)&MID("0123456789abcdef",MOD(MOD((MOD(INT(D86/256^2),256)),16),16)+1,1)&MID("0123456789abcdef",MOD(INT((MOD(INT(D86/256^1),256))/16),16)+1,1)&MID("0123456789abcdef",MOD(MOD((MOD(INT(D86/256^1),256)),16),16)+1,1)&MID("0123456789abcdef",MOD(INT((MOD(INT(D86/256^0),256))/16),16)+1,1)&MID("0123456789abcdef",MOD(MOD((MOD(INT(D86/256^0),256)),16),16)+1,1)&MID("0123456789abcdef",MOD(INT((MOD(INT(E86/256^3),256))/16),16)+1,1)&MID("0123456789abcdef",MOD(MOD((MOD(INT(E86/256^3),256)),16),16)+1,1)&MID("0123456789abcdef",MOD(INT((MOD(INT(E86/256^2),256))/16),16)+1,1)&MID("0123456789abcdef",MOD(MOD((MOD(INT(E86/256^2),256)),16),16)+1,1)&MID("0123456789abcdef",MOD(INT((MOD(INT(E86/256^1),256))/16),16)+1,1)&MID("0123456789abcdef",MOD(MOD((MOD(INT(E86/256^1),256)),16),16)+1,1)&MID("0123456789abcdef",MOD(INT((MOD(INT(E86/256^0),256))/16),16)+1,1)&MID("0123456789abcdef",MOD(MOD((MOD(INT(E86/256^0),256)),16),16)+1,1)&MID("0123456789abcdef",MOD(INT((MOD(INT(F86/256^3),256))/16),16)+1,1)&MID("0123456789abcdef",MOD(MOD((MOD(INT(F86/256^3),256)),16),16)+1,1)&MID("0123456789abcdef",MOD(INT((MOD(INT(F86/256^2),256))/16),16)+1,1)&MID("0123456789abcdef",MOD(MOD((MOD(INT(F86/256^2),256)),16),16)+1,1)&MID("0123456789abcdef",MOD(INT((MOD(INT(F86/256^1),256))/16),16)+1,1)&MID("0123456789abcdef",MOD(MOD((MOD(INT(F86/256^1),256)),16),16)+1,1)&MID("0123456789abcdef",MOD(INT((MOD(INT(F86/256^0),256))/16),16)+1,1)&MID("0123456789abcdef",MOD(MOD((MOD(INT(F86/256^0),256)),16),16)+1,1)&MID("0123456789abcdef",MOD(INT((MOD(INT(G86/256^3),256))/16),16)+1,1)&MID("0123456789abcdef",MOD(MOD((MOD(INT(G86/256^3),256)),16),16)+1,1)&MID("0123456789abcdef",MOD(INT((MOD(INT(G86/256^2),256))/16),16)+1,1)&MID("0123456789abcdef",MOD(MOD((MOD(INT(G86/256^2),256)),16),16)+1,1)&MID("0123456789abcdef",MOD(INT((MOD(INT(G86/256^1),256))/16),16)+1,1)&MID("0123456789abcdef",MOD(MOD((MOD(INT(G86/256^1),256)),16),16)+1,1)&MID("0123456789abcdef",MOD(INT((MOD(INT(G86/256^0),256))/16),16)+1,1)&MID("0123456789abcdef",MOD(MOD((MOD(INT(G86/256^0),256)),16),16)+1,1)) -> aaf4c61ddcc5e8a2dabede0f3b482cd9aea9434d
B3: Each step: tmp=ADD32(ROL(a,5), f(b,c,d), e, K, W[i]) e←d d←c c←ROL(b,30) b←a a←tmp | Round 1: f=Ch Round 2: f=XOR Round 3: f=Maj Round 4: f=XOR
B4: Step | C4: a | D4: b | E4: c | F4: d | G4: e | H4: ROL(a,5) | I4: f_part1 | J4: f_part2 | K4: AND(fp1,fp2) | L4: f | M4: AND(f,W_k) | N4: tmp_inner | O4: tmp=new_a | P4: ROL(b,30) | BF4: W[i]
B5: INIT | C5: 1732584193 | D5: 4023233417 | E5: 2562383102 | F5: 271733878 | G5: 3285377520
B6: 1 | C6: =MOD(H6+L6+G5+1518500249+BF200,4294967296) -> 135922975 | D6: =C5 -> 1732584193 | E6: =P6 -> 2079550178 | F6: =E5 -> 2562383102 | G6: =F5 -> 271733878 | H6: =MOD(MOD(C5,2^27)*2^5+INT(C5/2^27),4294967296) -> 3903086636 | I6: =((MOD(INT(MOD(INT((D5)/1),256)/2^0),2)*MOD(INT(MOD(INT((E5)/1),256)/2^0),2)*1+MOD(INT(MOD(INT((D5)/1),256)/2^1),2)*MOD(INT(MOD(INT((E5)/1),256)/2^1),2)*2+MOD(INT(MOD(INT((D5)/1),256)/2^2),2)*MOD(INT(MOD(INT((E5)/1),256)/2^2),2)*4+MOD(INT(MOD(INT((D5)/1),256)/2^3),2)*MOD(INT(MOD(INT((E5)/1),256)/2^3),2)*8+MOD(INT(MOD(INT((D5)/1),256)/2^4),2)*MOD(INT(MOD(INT((E5)/1),256)/2^4),2)*16+MOD(INT(MOD(INT((D5)/1),256)/2^5),2)*MOD(INT(MOD(INT((E5)/1),256)/2^5),2)*32+MOD(INT(MOD(INT((D5)/1),256)/2^6),2)*MOD(INT(MOD(INT((E5)/1),256)/2^6),2)*64+MOD(INT(MOD(INT((D5)/1),256)/2^7),2)*MOD(INT(MOD(INT((E5)/1),256)/2^7),2)*128)*1+(MOD(INT(MOD(INT((D5)/256),256)/2^0),2)*MOD(INT(MOD(INT((E5)/256),256)/2^0),2)*1+MOD(INT(MOD(INT((D5)/256),256)/2^1),2)*MOD(INT(MOD(INT((E5)/256),256)/2^1),2)*2+MOD(INT(MOD(INT((D5)/256),256)/2^2),2)*MOD(INT(MOD(INT((E5)/256),256)/2^2),2)*4+MOD(INT(MOD(INT((D5)/256),256)/2^3),2)*MOD(INT(MOD(INT((E5)/256),256)/2^3),2)*8+MOD(INT(MOD(INT((D5)/256),256)/2^4),2)*MOD(INT(MOD(INT((E5)/256),256)/2^4),2)*16+MOD(INT(MOD(INT((D5)/256),256)/2^5),2)*MOD(INT(MOD(INT((E5)/256),256)/2^5),2)*32+MOD(INT(MOD(INT((D5)/256),256)/2^6),2)*MOD(INT(MOD(INT((E5)/256),256)/2^6),2)*64+MOD(INT(MOD(INT((D5)/256),256)/2^7),2)*MOD(INT(MOD(INT((E5)/256),256)/2^7),2)*128)*256+(MOD(INT(MOD(INT((D5)/65536),256)/2^0),2)*MOD(INT(MOD(INT((E5)/65536),256)/2^0),2)*1+MOD(INT(MOD(INT((D5)/65536),256)/2^1),2)*MOD(INT(MOD(INT((E5)/65536),256)/2^1),2)*2+MOD(INT(MOD(INT((D5)/65536),256)/2^2),2)*MOD(INT(MOD(INT((E5)/65536),256)/2^2),2)*4+MOD(INT(MOD(INT((D5)/65536),256)/2^3),2)*MOD(INT(MOD(INT((E5)/65536),256)/2^3),2)*8+MOD(INT(MOD(INT((D5)/65536),256)/2^4),2)*MOD(INT(MOD(INT((E5)/65536),256)/2^4),2)*16+MOD(INT(MOD(INT((D5)/65536),256)/2^5),2)*MOD(INT(MOD(INT((E5)/65536),256)/2^5),2)*32+MOD(INT(MOD(INT((D5)/65536),256)/2^6),2)*MOD(INT(MOD(INT((E5)/65536),256)/2^6),2)*64+MOD(INT(MOD(INT((D5)/65536),256)/2^7),2)*MOD(INT(MOD(INT((E5)/65536),256)/2^7),2)*128)*65536+(MOD(INT(MOD(INT((D5)/16777216),256)/2^0),2)*MOD(INT(MOD(INT((E5)/16777216),256)/2^0),2)*1+MOD(INT(MOD(INT((D5)/16777216),256)/2^1),2)*MOD(INT(MOD(INT((E5)/16777216),256)/2^1),2)*2+MOD(INT(MOD(INT((D5)/16777216),256)/2^2),2)*MOD(INT(MOD(INT((E5)/16777216),256)/2^2),2)*4+MOD(INT(MOD(INT((D5)/16777216),256)/2^3),2)*MOD(INT(MOD(INT((E5)/16777216),256)/2^3),2)*8+MOD(INT(MOD(INT((D5)/16777216),256)/2^4),2)*MOD(INT(MOD(INT((E5)/16777216),256)/2^4),2)*16+MOD(INT(MOD(INT((D5)/16777216),256)/2^5),2)*MOD(INT(MOD(INT((E5)/16777216),256)/2^5),2)*32+MOD(INT(MOD(INT((D5)/16777216),256)/2^6),2)*MOD(INT(MOD(INT((E5)/16777216),256)/2^6),2)*64+MOD(INT(MOD(INT((D5)/16777216),256)/2^7),2)*MOD(INT(MOD(INT((E5)/16777216),256)/2^7),2)*128)*16777216) -> 2290649224 | J6: =((MOD(INT(MOD(INT(((4294967295-D5))/1),256)/2^0),2)*MOD(INT(MOD(INT((F5)/1),256)/2^0),2)*1+MOD(INT(MOD(INT(((4294967295-D5))/1),256)/2^1),2)*MOD(INT(MOD(INT((F5)/1),256)/2^1),2)*2+MOD(INT(MOD(INT(((4294967295-D5))/1),256)/2^2),2)*MOD(INT(MOD(INT((F5)/1),256)/2^2),2)*4+MOD(INT(MOD(INT(((4294967295-D5))/1),256)/2^3),2)*MOD(INT(MOD(INT((F5)/1),256)/2^3),2)*8+MOD(INT(MOD(INT(((4294967295-D5))/1),256)/2^4),2)*MOD(INT(MOD(INT((F5)/1),256)/2^4),2)*16+MOD(INT(MOD(INT(((4294967295-D5))/1),256)/2^5),2)*MOD(INT(MOD(INT((F5)/1),256)/2^5),2)*32+MOD(INT(MOD(INT(((4294967295-D5))/1),256)/2^6),2)*MOD(INT(MOD(INT((F5)/1),256)/2^6),2)*64+MOD(INT(MOD(INT(((4294967295-D5))/1),256)/2^7),2)*MOD(INT(MOD(INT((F5)/1),256)/2^7),2)*128)*1+(MOD(INT(MOD(INT(((4294967295-D5))/256),256)/2^0),2)*MOD(INT(MOD(INT((F5)/256),256)/2^0),2)*1+MOD(INT(MOD(INT(((4294967295-D5))/256),256)/2^1),2)*MOD(INT(MOD(INT((F5)/256),256)/2^1),2)*2+MOD(INT(MOD(INT(((4294967295-D5))/256),256)/2^2),2)*MOD(INT(MOD(INT((F5)/256),256)/2^2),2)*4+MOD(INT(MOD(INT(((4294967295-D5))/256),256)/2^3),2)*MOD(INT(MOD(INT((F5)/256),256)/2^3),2)*8+MOD(INT(MOD(INT(((4294967295-D5))/256),256)/2^4),2)*MOD(INT(MOD(INT((F5)/256),256)/2^4),2)*16+MOD(INT(MOD(INT(((4294967295-D5))/256),256)/2^5),2)*MOD(INT(MOD(INT((F5)/256),256)/2^5),2)*32+MOD(INT(MOD(INT(((4294967295-D5))/256),256)/2^6),2)*MOD(INT(MOD(INT((F5)/256),256)/2^6),2)*64+MOD(INT(MOD(INT(((4294967295-D5))/256),256)/2^7),2)*MOD(INT(MOD(INT((F5)/256),256)/2^7),2)*128)*256+(MOD(INT(MOD(INT(((4294967295-D5))/65536),256)/2^0),2)*MOD(INT(MOD(INT((F5)/65536),256)/2^0),2)*1+MOD(INT(MOD(INT(((4294967295-D5))/65536),256)/2^1),2)*MOD(INT(MOD(INT((F5)/65536),256)/2^1),2)*2+MOD(INT(MOD(INT(((4294967295-D5))/65536),256)/2^2),2)*MOD(INT(MOD(INT((F5)/65536),256)/2^2),2)*4+MOD(INT(MOD(INT(((4294967295-D5))/65536),256)/2^3),2)*MOD(INT(MOD(INT((F5)/65536),256)/2^3),2)*8+MOD(INT(MOD(INT(((4294967295-D5))/65536),256)/2^4),2)*MOD(INT(MOD(INT((F5)/65536),256)/2^4),2)*16+MOD(INT(MOD(INT(((4294967295-D5))/65536),256)/2^5),2)*MOD(INT(MOD(INT((F5)/65536),256)/2^5),2)*32+MOD(INT(MOD(INT(((4294967295-D5))/65536),256)/2^6),2)*MOD(INT(MOD(INT((F5)/65536),256)/2^6),2)*64+MOD(INT(MOD(INT(((4294967295-D5))/65536),256)/2^7),2)*MOD(INT(MOD(INT((F5)/65536),256)/2^7),2)*128)*65536+(MOD(INT(MOD(INT(((4294967295-D5))/16777216),256)/2^0),2)*MOD(INT(MOD(INT((F5)/16777216),256)/2^0),2)*1+MOD(INT(MOD(INT(((4294967295-D5))/16777216),256)/2^1),2)*MOD(INT(MOD(INT((F5)/16777216),256)/2^1),2)*2+MOD(INT(MOD(INT(((4294967295-D5))/16777216),256)/2^2),2)*MOD(INT(MOD(INT((F5)/16777216),256)/2^2),2)*4+MOD(INT(MOD(INT(((4294967295-D5))/16777216),256)/2^3),2)*MOD(INT(MOD(INT((F5)/16777216),256)/2^3),2)*8+MOD(INT(MOD(INT(((4294967295-D5))/16777216),256)/2^4),2)*MOD(INT(MOD(INT((F5)/16777216),256)/2^4),2)*16+MOD(INT(MOD(INT(((4294967295-D5))/16777216),256)/2^5),2)*MOD(INT(MOD(INT((F5)/16777216),256)/2^5),2)*32+MOD(INT(MOD(INT(((4294967295-D5))/16777216),256)/2^6),2)*MOD(INT(MOD(INT((F5)/16777216),256)/2^6),2)*64+MOD(INT(MOD(INT(((4294967295-D5))/16777216),256)/2^7),2)*MOD(INT(MOD(INT((F5)/16777216),256)/2^7),2)*128)*16777216) -> 271733878 | K6: =0 -> 0 | L6: =MOD(I6+J6,4294967296) -> 2562383102 | P6: =MOD(MOD(D5,2^2)*2^30+INT(D5/2^2),4294967296) -> 2079550178
B7: 2 | C7: =MOD(H7+L7+G6+1518500249+BF201,4294967296) -> 3648090350 | D7: =C6 -> 135922975 | E7: =P7 -> 1506887872 | F7: =E6 -> 2079550178 | G7: =F6 -> 2562383102 | H7: =MOD(MOD(C6,2^27)*2^5+INT(C6/2^27),4294967296) -> 54567905 | I7: =((MOD(INT(MOD(INT((D6)/1),256)/2^0),2)*MOD(INT(MOD(INT((E6)/1),256)/2^0),2)*1+MOD(INT(MOD(INT((D6)/1),256)/2^1),2)*MOD(INT(MOD(INT((E6)/1),256)/2^1),2)*2+MOD(INT(MOD(INT((D6)/1),256)/2^2),2)*MOD(INT(MOD(INT((E6)/1),256)/2^2),2)*4+MOD(INT(MOD(INT((D6)/1),256)/2^3),2)*MOD(INT(MOD(INT((E6)/1),256)/2^3),2)*8+MOD(INT(MOD(INT((D6)/1),256)/2^4),2)*MOD(INT(MOD(INT((E6)/1),256)/2^4),2)*16+MOD(INT(MOD(INT((D6)/1),256)/2^5),2)*MOD(INT(MOD(INT((E6)/1),256)/2^5),2)*32+MOD(INT(MOD(INT((D6)/1),256)/2^6),2)*MOD(INT(MOD(INT((E6)/1),256)/2^6),2)*64+MOD(INT(MOD(INT((D6)/1),256)/2^7),2)*MOD(INT(MOD(INT((E6)/1),256)/2^7),2)*128)*1+(MOD(INT(MOD(INT((D6)/256),256)/2^0),2)*MOD(INT(MOD(INT((E6)/256),256)/2^0),2)*1+MOD(INT(MOD(INT((D6)/256),256)/2^1),2)*MOD(INT(MOD(INT((E6)/256),256)/2^1),2)*2+MOD(INT(MOD(INT((D6)/256),256)/2^2),2)*MOD(INT(MOD(INT((E6)/256),256)/2^2),2)*4+MOD(INT(MOD(INT((D6)/256),256)/2^3),2)*MOD(INT(MOD(INT((E6)/256),256)/2^3),2)*8+MOD(INT(MOD(INT((D6)/256),256)/2^4),2)*MOD(INT(MOD(INT((E6)/256),256)/2^4),2)*16+MOD(INT(MOD(INT((D6)/256),256)/2^5),2)*MOD(INT(MOD(INT((E6)/256),256)/2^5),2)*32+MOD(INT(MOD(INT((D6)/256),256)/2^6),2)*MOD(INT(MOD(INT((E6)/256),256)/2^6),2)*64+MOD(INT(MOD(INT((D6)/256),256)/2^7),2)*MOD(INT(MOD(INT((E6)/256),256)/2^7),2)*128)*256+(MOD(INT(MOD(INT((D6)/65536),256)/2^0),2)*MOD(INT(MOD(INT((E6)/65536),256)/2^0),2)*1+MOD(INT(MOD(INT((D6)/65536),256)/2^1),2)*MOD(INT(MOD(INT((E6)/65536),256)/2^1),2)*2+MOD(INT(MOD(INT((D6)/65536),256)/2^2),2)*MOD(INT(MOD(INT((E6)/65536),256)/2^2),2)*4+MOD(INT(MOD(INT((D6)/65536),256)/2^3),2)*MOD(INT(MOD(INT((E6)/65536),256)/2^3),2)*8+MOD(INT(MOD(INT((D6)/65536),256)/2^4),2)*MOD(INT(MOD(INT((E6)/65536),256)/2^4),2)*16+MOD(INT(MOD(INT((D6)/65536),256)/2^5),2)*MOD(INT(MOD(INT((E6)/65536),256)/2^5),2)*32+MOD(INT(MOD(INT((D6)/65536),256)/2^6),2)*MOD(INT(MOD(INT((E6)/65536),256)/2^6),2)*64+MOD(INT(MOD(INT((D6)/65536),256)/2^7),2)*MOD(INT(MOD(INT((E6)/65536),256)/2^7),2)*128)*65536+(MOD(INT(MOD(INT((D6)/16777216),256)/2^0),2)*MOD(INT(MOD(INT((E6)/16777216),256)/2^0),2)*1+MOD(INT(MOD(INT((D6)/16777216),256)/2^1),2)*MOD(INT(MOD(INT((E6)/16777216),256)/2^1),2)*2+MOD(INT(MOD(INT((D6)/16777216),256)/2^2),2)*MOD(INT(MOD(INT((E6)/16777216),256)/2^2),2)*4+MOD(INT(MOD(INT((D6)/16777216),256)/2^3),2)*MOD(INT(MOD(INT((E6)/16777216),256)/2^3),2)*8+MOD(INT(MOD(INT((D6)/16777216),256)/2^4),2)*MOD(INT(MOD(INT((E6)/16777216),256)/2^4),2)*16+MOD(INT(MOD(INT((D6)/16777216),256)/2^5),2)*MOD(INT(MOD(INT((E6)/16777216),256)/2^5),2)*32+MOD(INT(MOD(INT((D6)/16777216),256)/2^6),2)*MOD(INT(MOD(INT((E6)/16777216),256)/2^6),2)*64+MOD(INT(MOD(INT((D6)/16777216),256)/2^7),2)*MOD(INT(MOD(INT((E6)/16777216),256)/2^7),2)*128)*16777216) -> 1665212928 | J7: =((MOD(INT(MOD(INT(((4294967295-D6))/1),256)/2^0),2)*MOD(INT(MOD(INT((F6)/1),256)/2^0),2)*1+MOD(INT(MOD(INT(((4294967295-D6))/1),256)/2^1),2)*MOD(INT(MOD(INT((F6)/1),256)/2^1),2)*2+MOD(INT(MOD(INT(((4294967295-D6))/1),256)/2^2),2)*MOD(INT(MOD(INT((F6)/1),256)/2^2),2)*4+MOD(INT(MOD(INT(((4294967295-D6))/1),256)/2^3),2)*MOD(INT(MOD(INT((F6)/1),256)/2^3),2)*8+MOD(INT(MOD(INT(((4294967295-D6))/1),256)/2^4),2)*MOD(INT(MOD(INT((F6)/1),256)/2^4),2)*16+MOD(INT(MOD(INT(((4294967295-D6))/1),256)/2^5),2)*MOD(INT(MOD(INT((F6)/1),256)/2^5),2)*32+MOD(INT(MOD(INT(((4294967295-D6))/1),256)/2^6),2)*MOD(INT(MOD(INT((F6)/1),256)/2^6),2)*64+MOD(INT(MOD(INT(((4294967295-D6))/1),256)/2^7),2)*MOD(INT(MOD(INT((F6)/1),256)/2^7),2)*128)*1+(MOD(INT(MOD(INT(((4294967295-D6))/256),256)/2^0),2)*MOD(INT(MOD(INT((F6)/256),256)/2^0),2)*1+MOD(INT(MOD(INT(((4294967295-D6))/256),256)/2^1),2)*MOD(INT(MOD(INT((F6)/256),256)/2^1),2)*2+MOD(INT(MOD(INT(((4294967295-D6))/256),256)/2^2),2)*MOD(INT(MOD(INT((F6)/256),256)/2^2),2)*4+MOD(INT(MOD(INT(((4294967295-D6))/256),256)/2^3),2)*MOD(INT(MOD(INT((F6)/256),256)/2^3),2)*8+MOD(INT(MOD(INT(((4294967295-D6))/256),256)/2^4),2)*MOD(INT(MOD(INT((F6)/256),256)/2^4),2)*16+MOD(INT(MOD(INT(((4294967295-D6))/256),256)/2^5),2)*MOD(INT(MOD(INT((F6)/256),256)/2^5),2)*32+MOD(INT(MOD(INT(((4294967295-D6))/256),256)/2^6),2)*MOD(INT(MOD(INT((F6)/256),256)/2^6),2)*64+MOD(INT(MOD(INT(((4294967295-D6))/256),256)/2^7),2)*MOD(INT(MOD(INT((F6)/256),256)/2^7),2)*128)*256+(MOD(INT(MOD(INT(((4294967295-D6))/65536),256)/2^0),2)*MOD(INT(MOD(INT((F6)/65536),256)/2^0),2)*1+MOD(INT(MOD(INT(((4294967295-D6))/65536),256)/2^1),2)*MOD(INT(MOD(INT((F6)/65536),256)/2^1),2)*2+MOD(INT(MOD(INT(((4294967295-D6))/65536),256)/2^2),2)*MOD(INT(MOD(INT((F6)/65536),256)/2^2),2)*4+MOD(INT(MOD(INT(((4294967295-D6))/65536),256)/2^3),2)*MOD(INT(MOD(INT((F6)/65536),256)/2^3),2)*8+MOD(INT(MOD(INT(((4294967295-D6))/65536),256)/2^4),2)*MOD(INT(MOD(INT((F6)/65536),256)/2^4),2)*16+MOD(INT(MOD(INT(((4294967295-D6))/65536),256)/2^5),2)*MOD(INT(MOD(INT((F6)/65536),256)/2^5),2)*32+MOD(INT(MOD(INT(((4294967295-D6))/65536),256)/2^6),2)*MOD(INT(MOD(INT((F6)/65536),256)/2^6),2)*64+MOD(INT(MOD(INT(((4294967295-D6))/65536),256)/2^7),2)*MOD(INT(MOD(INT((F6)/65536),256)/2^7),2)*128)*65536+(MOD(INT(MOD(INT(((4294967295-D6))/16777216),256)/2^0),2)*MOD(INT(MOD(INT((F6)/16777216),256)/2^0),2)*1+MOD(INT(MOD(INT(((4294967295-D6))/16777216),256)/2^1),2)*MOD(INT(MOD(INT((F6)/16777216),256)/2^1),2)*2+MOD(INT(MOD(INT(((4294967295-D6))/16777216),256)/2^2),2)*MOD(INT(MOD(INT((F6)/16777216),256)/2^2),2)*4+MOD(INT(MOD(INT(((4294967295-D6))/16777216),256)/2^3),2)*MOD(INT(MOD(INT((F6)/16777216),256)/2^3),2)*8+MOD(INT(MOD(INT(((4294967295-D6))/16777216),256)/2^4),2)*MOD(INT(MOD(INT((F6)/16777216),256)/2^4),2)*16+MOD(INT(MOD(INT(((4294967295-D6))/16777216),256)/2^5),2)*MOD(INT(MOD(INT((F6)/16777216),256)/2^5),2)*32+MOD(INT(MOD(INT(((4294967295-D6))/16777216),256)/2^6),2)*MOD(INT(MOD(INT((F6)/16777216),256)/2^6),2)*64+MOD(INT(MOD(INT(((4294967295-D6))/16777216),256)/2^7),2)*MOD(INT(MOD(INT((F6)/16777216),256)/2^7),2)*128)*16777216) -> 2562383102 | K7: =0 -> 0 | L7: =MOD(I7+J7,4294967296) -> 4227596030 | P7: =MOD(MOD(D6,2^2)*2^30+INT(D6/2^2),4294967296) -> 1506887872
B8: 3 | C8: =MOD(H8+L8+G7+1518500249+BF202,4294967296) -> 2640109394 | D8: =C7 -> 3648090350 | E8: =P8 -> 3255206215 | F8: =E7 -> 1506887872 | G8: =F7 -> 2079550178 | H8: =MOD(MOD(C7,2^27)*2^5+INT(C7/2^27),4294967296) -> 774774235 | I8: =((MOD(INT(MOD(INT((D7)/1),256)/2^0),2)*MOD(INT(MOD(INT((E7)/1),256)/2^0),2)*1+MOD(INT(MOD(INT((D7)/1),256)/2^1),2)*MOD(INT(MOD(INT((E7)/1),256)/2^1),2)*2+MOD(INT(MOD(INT((D7)/1),256)/2^2),2)*MOD(INT(MOD(INT((E7)/1),256)/2^2),2)*4+MOD(INT(MOD(INT((D7)/1),256)/2^3),2)*MOD(INT(MOD(INT((E7)/1),256)/2^3),2)*8+MOD(INT(MOD(INT((D7)/1),256)/2^4),2)*MOD(INT(MOD(INT((E7)/1),256)/2^4),2)*16+MOD(INT(MOD(INT((D7)/1),256)/2^5),2)*MOD(INT(MOD(INT((E7)/1),256)/2^5),2)*32+MOD(INT(MOD(INT((D7)/1),256)/2^6),2)*MOD(INT(MOD(INT((E7)/1),256)/2^6),2)*64+MOD(INT(MOD(INT((D7)/1),256)/2^7),2)*MOD(INT(MOD(INT((E7)/1),256)/2^7),2)*128)*1+(MOD(INT(MOD(INT((D7)/256),256)/2^0),2)*MOD(INT(MOD(INT((E7)/256),256)/2^0),2)*1+MOD(INT(MOD(INT((D7)/256),256)/2^1),2)*MOD(INT(MOD(INT((E7)/256),256)/2^1),2)*2+MOD(INT(MOD(INT((D7)/256),256)/2^2),2)*MOD(INT(MOD(INT((E7)/256),256)/2^2),2)*4+MOD(INT(MOD(INT((D7)/256),256)/2^3),2)*MOD(INT(MOD(INT((E7)/256),256)/2^3),2)*8+MOD(INT(MOD(INT((D7)/256),256)/2^4),2)*MOD(INT(MOD(INT((E7)/256),256)/2^4),2)*16+MOD(INT(MOD(INT((D7)/256),256)/2^5),2)*MOD(INT(MOD(INT((E7)/256),256)/2^5),2)*32+MOD(INT(MOD(INT((D7)/256),256)/2^6),2)*MOD(INT(MOD(INT((E7)/256),256)/2^6),2)*64+MOD(INT(MOD(INT((D7)/256),256)/2^7),2)*MOD(INT(MOD(INT((E7)/256),256)/2^7),2)*128)*256+(MOD(INT(MOD(INT((D7)/65536),256)/2^0),2)*MOD(INT(MOD(INT((E7)/65536),256)/2^0),2)*1+MOD(INT(MOD(INT((D7)/65536),256)/2^1),2)*MOD(INT(MOD(INT((E7)/65536),256)/2^1),2)*2+MOD(INT(MOD(INT((D7)/65536),256)/2^2),2)*MOD(INT(MOD(INT((E7)/65536),256)/2^2),2)*4+MOD(INT(MOD(INT((D7)/65536),256)/2^3),2)*MOD(INT(MOD(INT((E7)/65536),256)/2^3),2)*8+MOD(INT(MOD(INT((D7)/65536),256)/2^4),2)*MOD(INT(MOD(INT((E7)/65536),256)/2^4),2)*16+MOD(INT(MOD(INT((D7)/65536),256)/2^5),2)*MOD(INT(MOD(INT((E7)/65536),256)/2^5),2)*32+MOD(INT(MOD(INT((D7)/65536),256)/2^6),2)*MOD(INT(MOD(INT((E7)/65536),256)/2^6),2)*64+MOD(INT(MOD(INT((D7)/65536),256)/2^7),2)*MOD(INT(MOD(INT((E7)/65536),256)/2^7),2)*128)*65536+(MOD(INT(MOD(INT((D7)/16777216),256)/2^0),2)*MOD(INT(MOD(INT((E7)/16777216),256)/2^0),2)*1+MOD(INT(MOD(INT((D7)/16777216),256)/2^1),2)*MOD(INT(MOD(INT((E7)/16777216),256)/2^1),2)*2+MOD(INT(MOD(INT((D7)/16777216),256)/2^2),2)*MOD(INT(MOD(INT((E7)/16777216),256)/2^2),2)*4+MOD(INT(MOD(INT((D7)/16777216),256)/2^3),2)*MOD(INT(MOD(INT((E7)/16777216),256)/2^3),2)*8+MOD(INT(MOD(INT((D7)/16777216),256)/2^4),2)*MOD(INT(MOD(INT((E7)/16777216),256)/2^4),2)*16+MOD(INT(MOD(INT((D7)/16777216),256)/2^5),2)*MOD(INT(MOD(INT((E7)/16777216),256)/2^5),2)*32+MOD(INT(MOD(INT((D7)/16777216),256)/2^6),2)*MOD(INT(MOD(INT((E7)/16777216),256)/2^6),2)*64+MOD(INT(MOD(INT((D7)/16777216),256)/2^7),2)*MOD(INT(MOD(INT((E7)/16777216),256)/2^7),2)*128)*16777216) -> 135266304 | J8: =((MOD(INT(MOD(INT(((4294967295-D7))/1),256)/2^0),2)*MOD(INT(MOD(INT((F7)/1),256)/2^0),2)*1+MOD(INT(MOD(INT(((4294967295-D7))/1),256)/2^1),2)*MOD(INT(MOD(INT((F7)/1),256)/2^1),2)*2+MOD(INT(MOD(INT(((4294967295-D7))/1),256)/2^2),2)*MOD(INT(MOD(INT((F7)/1),256)/2^2),2)*4+MOD(INT(MOD(INT(((4294967295-D7))/1),256)/2^3),2)*MOD(INT(MOD(INT((F7)/1),256)/2^3),2)*8+MOD(INT(MOD(INT(((4294967295-D7))/1),256)/2^4),2)*MOD(INT(MOD(INT((F7)/1),256)/2^4),2)*16+MOD(INT(MOD(INT(((4294967295-D7))/1),256)/2^5),2)*MOD(INT(MOD(INT((F7)/1),256)/2^5),2)*32+MOD(INT(MOD(INT(((4294967295-D7))/1),256)/2^6),2)*MOD(INT(MOD(INT((F7)/1),256)/2^6),2)*64+MOD(INT(MOD(INT(((4294967295-D7))/1),256)/2^7),2)*MOD(INT(MOD(INT((F7)/1),256)/2^7),2)*128)*1+(MOD(INT(MOD(INT(((4294967295-D7))/256),256)/2^0),2)*MOD(INT(MOD(INT((F7)/256),256)/2^0),2)*1+MOD(INT(MOD(INT(((4294967295-D7))/256),256)/2^1),2)*MOD(INT(MOD(INT((F7)/256),256)/2^1),2)*2+MOD(INT(MOD(INT(((4294967295-D7))/256),256)/2^2),2)*MOD(INT(MOD(INT((F7)/256),256)/2^2),2)*4+MOD(INT(MOD(INT(((4294967295-D7))/256),256)/2^3),2)*MOD(INT(MOD(INT((F7)/256),256)/2^3),2)*8+MOD(INT(MOD(INT(((4294967295-D7))/256),256)/2^4),2)*MOD(INT(MOD(INT((F7)/256),256)/2^4),2)*16+MOD(INT(MOD(INT(((4294967295-D7))/256),256)/2^5),2)*MOD(INT(MOD(INT((F7)/256),256)/2^5),2)*32+MOD(INT(MOD(INT(((4294967295-D7))/256),256)/2^6),2)*MOD(INT(MOD(INT((F7)/256),256)/2^6),2)*64+MOD(INT(MOD(INT(((4294967295-D7))/256),256)/2^7),2)*MOD(INT(MOD(INT((F7)/256),256)/2^7),2)*128)*256+(MOD(INT(MOD(INT(((4294967295-D7))/65536),256)/2^0),2)*MOD(INT(MOD(INT((F7)/65536),256)/2^0),2)*1+MOD(INT(MOD(INT(((4294967295-D7))/65536),256)/2^1),2)*MOD(INT(MOD(INT((F7)/65536),256)/2^1),2)*2+MOD(INT(MOD(INT(((4294967295-D7))/65536),256)/2^2),2)*MOD(INT(MOD(INT((F7)/65536),256)/2^2),2)*4+MOD(INT(MOD(INT(((4294967295-D7))/65536),256)/2^3),2)*MOD(INT(MOD(INT((F7)/65536),256)/2^3),2)*8+MOD(INT(MOD(INT(((4294967295-D7))/65536),256)/2^4),2)*MOD(INT(MOD(INT((F7)/65536),256)/2^4),2)*16+MOD(INT(MOD(INT(((4294967295-D7))/65536),256)/2^5),2)*MOD(INT(MOD(INT((F7)/65536),256)/2^5),2)*32+MOD(INT(MOD(INT(((4294967295-D7))/65536),256)/2^6),2)*MOD(INT(MOD(INT((F7)/65536),256)/2^6),2)*64+MOD(INT(MOD(INT(((4294967295-D7))/65536),256)/2^7),2)*MOD(INT(MOD(INT((F7)/65536),256)/2^7),2)*128)*65536+(MOD(INT(MOD(INT(((4294967295-D7))/16777216),256)/2^0),2)*MOD(INT(MOD(INT((F7)/16777216),256)/2^0),2)*1+MOD(INT(MOD(INT(((4294967295-D7))/16777216),256)/2^1),2)*MOD(INT(MOD(INT((F7)/16777216),256)/2^1),2)*2+MOD(INT(MOD(INT(((4294967295-D7))/16777216),256)/2^2),2)*MOD(INT(MOD(INT((F7)/16777216),256)/2^2),2)*4+MOD(INT(MOD(INT(((4294967295-D7))/16777216),256)/2^3),2)*MOD(INT(MOD(INT((F7)/16777216),256)/2^3),2)*8+MOD(INT(MOD(INT(((4294967295-D7))/16777216),256)/2^4),2)*MOD(INT(MOD(INT((F7)/16777216),256)/2^4),2)*16+MOD(INT(MOD(INT(((4294967295-D7))/16777216),256)/2^5),2)*MOD(INT(MOD(INT((F7)/16777216),256)/2^5),2)*32+MOD(INT(MOD(INT(((4294967295-D7))/16777216),256)/2^6),2)*MOD(INT(MOD(INT((F7)/16777216),256)/2^6),2)*64+MOD(INT(MOD(INT(((4294967295-D7))/16777216),256)/2^7),2)*MOD(INT(MOD(INT((F7)/16777216),256)/2^7),2)*128)*16777216) -> 1944152800 | K8: =0 -> 0 | L8: =MOD(I8+J8,4294967296) -> 2079419104 | P8: =MOD(MOD(D7,2^2)*2^30+INT(D7/2^2),4294967296) -> 3255206215
B9: 4 | C9: =MOD(H9+L9+G8+1518500249+BF203,4294967296) -> 1116854036 | D9: =C8 -> 2640109394 | E9: =P9 -> 3059506235 | F9: =E8 -> 3255206215 | G9: =F8 -> 1506887872 | H9: =MOD(MOD(C8,2^27)*2^5+INT(C8/2^27),4294967296) -> 2879122003 | I9: =((MOD(INT(MOD(INT((D8)/1),256)/2^0),2)*MOD(INT(MOD(INT((E8)/1),256)/2^0),2)*1+MOD(INT(MOD(INT((D8)/1),256)/2^1),2)*MOD(INT(MOD(INT((E8)/1),256)/2^1),2)*2+MOD(INT(MOD(INT((D8)/1),256)/2^2),2)*MOD(INT(MOD(INT((E8)/1),256)/2^2),2)*4+MOD(INT(MOD(INT((D8)/1),256)/2^3),2)*MOD(INT(MOD(INT((E8)/1),256)/2^3),2)*8+MOD(INT(MOD(INT((D8)/1),256)/2^4),2)*MOD(INT(MOD(INT((E8)/1),256)/2^4),2)*16+MOD(INT(MOD(INT((D8)/1),256)/2^5),2)*MOD(INT(MOD(INT((E8)/1),256)/2^5),2)*32+MOD(INT(MOD(INT((D8)/1),256)/2^6),2)*MOD(INT(MOD(INT((E8)/1),256)/2^6),2)*64+MOD(INT(MOD(INT((D8)/1),256)/2^7),2)*MOD(INT(MOD(INT((E8)/1),256)/2^7),2)*128)*1+(MOD(INT(MOD(INT((D8)/256),256)/2^0),2)*MOD(INT(MOD(INT((E8)/256),256)/2^0),2)*1+MOD(INT(MOD(INT((D8)/256),256)/2^1),2)*MOD(INT(MOD(INT((E8)/256),256)/2^1),2)*2+MOD(INT(MOD(INT((D8)/256),256)/2^2),2)*MOD(INT(MOD(INT((E8)/256),256)/2^2),2)*4+MOD(INT(MOD(INT((D8)/256),256)/2^3),2)*MOD(INT(MOD(INT((E8)/256),256)/2^3),2)*8+MOD(INT(MOD(INT((D8)/256),256)/2^4),2)*MOD(INT(MOD(INT((E8)/256),256)/2^4),2)*16+MOD(INT(MOD(INT((D8)/256),256)/2^5),2)*MOD(INT(MOD(INT((E8)/256),256)/2^5),2)*32+MOD(INT(MOD(INT((D8)/256),256)/2^6),2)*MOD(INT(MOD(INT((E8)/256),256)/2^6),2)*64+MOD(INT(MOD(INT((D8)/256),256)/2^7),2)*MOD(INT(MOD(INT((E8)/256),256)/2^7),2)*128)*256+(MOD(INT(MOD(INT((D8)/65536),256)/2^0),2)*MOD(INT(MOD(INT((E8)/65536),256)/2^0),2)*1+MOD(INT(MOD(INT((D8)/65536),256)/2^1),2)*MOD(INT(MOD(INT((E8)/65536),256)/2^1),2)*2+MOD(INT(MOD(INT((D8)/65536),256)/2^2),2)*MOD(INT(MOD(INT((E8)/65536),256)/2^2),2)*4+MOD(INT(MOD(INT((D8)/65536),256)/2^3),2)*MOD(INT(MOD(INT((E8)/65536),256)/2^3),2)*8+MOD(INT(MOD(INT((D8)/65536),256)/2^4),2)*MOD(INT(MOD(INT((E8)/65536),256)/2^4),2)*16+MOD(INT(MOD(INT((D8)/65536),256)/2^5),2)*MOD(INT(MOD(INT((E8)/65536),256)/2^5),2)*32+MOD(INT(MOD(INT((D8)/65536),256)/2^6),2)*MOD(INT(MOD(INT((E8)/65536),256)/2^6),2)*64+MOD(INT(MOD(INT((D8)/65536),256)/2^7),2)*MOD(INT(MOD(INT((E8)/65536),256)/2^7),2)*128)*65536+(MOD(INT(MOD(INT((D8)/16777216),256)/2^0),2)*MOD(INT(MOD(INT((E8)/16777216),256)/2^0),2)*1+MOD(INT(MOD(INT((D8)/16777216),256)/2^1),2)*MOD(INT(MOD(INT((E8)/16777216),256)/2^1),2)*2+MOD(INT(MOD(INT((D8)/16777216),256)/2^2),2)*MOD(INT(MOD(INT((E8)/16777216),256)/2^2),2)*4+MOD(INT(MOD(INT((D8)/16777216),256)/2^3),2)*MOD(INT(MOD(INT((E8)/16777216),256)/2^3),2)*8+MOD(INT(MOD(INT((D8)/16777216),256)/2^4),2)*MOD(INT(MOD(INT((E8)/16777216),256)/2^4),2)*16+MOD(INT(MOD(INT((D8)/16777216),256)/2^5),2)*MOD(INT(MOD(INT((E8)/16777216),256)/2^5),2)*32+MOD(INT(MOD(INT((D8)/16777216),256)/2^6),2)*MOD(INT(MOD(INT((E8)/16777216),256)/2^6),2)*64+MOD(INT(MOD(INT((D8)/16777216),256)/2^7),2)*MOD(INT(MOD(INT((E8)/16777216),256)/2^7),2)*128)*16777216) -> 3221225542 | J9: =((MOD(INT(MOD(INT(((4294967295-D8))/1),256)/2^0),2)*MOD(INT(MOD(INT((F8)/1),256)/2^0),2)*1+MOD(INT(MOD(INT(((4294967295-D8))/1),256)/2^1),2)*MOD(INT(MOD(INT((F8)/1),256)/2^1),2)*2+MOD(INT(MOD(INT(((4294967295-D8))/1),256)/2^2),2)*MOD(INT(MOD(INT((F8)/1),256)/2^2),2)*4+MOD(INT(MOD(INT(((4294967295-D8))/1),256)/2^3),2)*MOD(INT(MOD(INT((F8)/1),256)/2^3),2)*8+MOD(INT(MOD(INT(((4294967295-D8))/1),256)/2^4),2)*MOD(INT(MOD(INT((F8)/1),256)/2^4),2)*16+MOD(INT(MOD(INT(((4294967295-D8))/1),256)/2^5),2)*MOD(INT(MOD(INT((F8)/1),256)/2^5),2)*32+MOD(INT(MOD(INT(((4294967295-D8))/1),256)/2^6),2)*MOD(INT(MOD(INT((F8)/1),256)/2^6),2)*64+MOD(INT(MOD(INT(((4294967295-D8))/1),256)/2^7),2)*MOD(INT(MOD(INT((F8)/1),256)/2^7),2)*128)*1+(MOD(INT(MOD(INT(((4294967295-D8))/256),256)/2^0),2)*MOD(INT(MOD(INT((F8)/256),256)/2^0),2)*1+MOD(INT(MOD(INT(((4294967295-D8))/256),256)/2^1),2)*MOD(INT(MOD(INT((F8)/256),256)/2^1),2)*2+MOD(INT(MOD(INT(((4294967295-D8))/256),256)/2^2),2)*MOD(INT(MOD(INT((F8)/256),256)/2^2),2)*4+MOD(INT(MOD(INT(((4294967295-D8))/256),256)/2^3),2)*MOD(INT(MOD(INT((F8)/256),256)/2^3),2)*8+MOD(INT(MOD(INT(((4294967295-D8))/256),256)/2^4),2)*MOD(INT(MOD(INT((F8)/256),256)/2^4),2)*16+MOD(INT(MOD(INT(((4294967295-D8))/256),256)/2^5),2)*MOD(INT(MOD(INT((F8)/256),256)/2^5),2)*32+MOD(INT(MOD(INT(((4294967295-D8))/256),256)/2^6),2)*MOD(INT(MOD(INT((F8)/256),256)/2^6),2)*64+MOD(INT(MOD(INT(((4294967295-D8))/256),256)/2^7),2)*MOD(INT(MOD(INT((F8)/256),256)/2^7),2)*128)*256+(MOD(INT(MOD(INT(((4294967295-D8))/65536),256)/2^0),2)*MOD(INT(MOD(INT((F8)/65536),256)/2^0),2)*1+MOD(INT(MOD(INT(((4294967295-D8))/65536),256)/2^1),2)*MOD(INT(MOD(INT((F8)/65536),256)/2^1),2)*2+MOD(INT(MOD(INT(((4294967295-D8))/65536),256)/2^2),2)*MOD(INT(MOD(INT((F8)/65536),256)/2^2),2)*4+MOD(INT(MOD(INT(((4294967295-D8))/65536),256)/2^3),2)*MOD(INT(MOD(INT((F8)/65536),256)/2^3),2)*8+MOD(INT(MOD(INT(((4294967295-D8))/65536),256)/2^4),2)*MOD(INT(MOD(INT((F8)/65536),256)/2^4),2)*16+MOD(INT(MOD(INT(((4294967295-D8))/65536),256)/2^5),2)*MOD(INT(MOD(INT((F8)/65536),256)/2^5),2)*32+MOD(INT(MOD(INT(((4294967295-D8))/65536),256)/2^6),2)*MOD(INT(MOD(INT((F8)/65536),256)/2^6),2)*64+MOD(INT(MOD(INT(((4294967295-D8))/65536),256)/2^7),2)*MOD(INT(MOD(INT((F8)/65536),256)/2^7),2)*128)*65536+(MOD(INT(MOD(INT(((4294967295-D8))/16777216),256)/2^0),2)*MOD(INT(MOD(INT((F8)/16777216),256)/2^0),2)*1+MOD(INT(MOD(INT(((4294967295-D8))/16777216),256)/2^1),2)*MOD(INT(MOD(INT((F8)/16777216),256)/2^1),2)*2+MOD(INT(MOD(INT(((4294967295-D8))/16777216),256)/2^2),2)*MOD(INT(MOD(INT((F8)/16777216),256)/2^2),2)*4+MOD(INT(MOD(INT(((4294967295-D8))/16777216),256)/2^3),2)*MOD(INT(MOD(INT((F8)/16777216),256)/2^3),2)*8+MOD(INT(MOD(INT(((4294967295-D8))/16777216),256)/2^4),2)*MOD(INT(MOD(INT((F8)/16777216),256)/2^4),2)*16+MOD(INT(MOD(INT(((4294967295-D8))/16777216),256)/2^5),2)*MOD(INT(MOD(INT((F8)/16777216),256)/2^5),2)*32+MOD(INT(MOD(INT(((4294967295-D8))/16777216),256)/2^6),2)*MOD(INT(MOD(INT((F8)/16777216),256)/2^6),2)*64+MOD(INT(MOD(INT(((4294967295-D8))/16777216),256)/2^7),2)*MOD(INT(MOD(INT((F8)/16777216),256)/2^7),2)*128)*16777216) -> 8390656 | K9: =0 -> 0 | L9: =MOD(I9+J9,4294967296) -> 3229616198 | P9: =MOD(MOD(D8,2^2)*2^30+INT(D8/2^2),4294967296) -> 3059506235
B10: 5 | C10: =MOD(H10+L10+G9+1518500249+BF204,4294967296) -> 3706519800 | D10: =C9 -> 1116854036 | E10: =P10 -> 2807510996 | F10: =E9 -> 3059506235 | G10: =F9 -> 3255206215 | H10: =MOD(MOD(C9,2^27)*2^5+INT(C9/2^27),4294967296) -> 1379590792 | I10: =((MOD(INT(MOD(INT((D9)/1),256)/2^0),2)*MOD(INT(MOD(INT((E9)/1),256)/2^0),2)*1+MOD(INT(MOD(INT((D9)/1),256)/2^1),2)*MOD(INT(MOD(INT((E9)/1),256)/2^1),2)*2+MOD(INT(MOD(INT((D9)/1),256)/2^2),2)*MOD(INT(MOD(INT((E9)/1),256)/2^2),2)*4+MOD(INT(MOD(INT((D9)/1),256)/2^3),2)*MOD(INT(MOD(INT((E9)/1),256)/2^3),2)*8+MOD(INT(MOD(INT((D9)/1),256)/2^4),2)*MOD(INT(MOD(INT((E9)/1),256)/2^4),2)*16+MOD(INT(MOD(INT((D9)/1),256)/2^5),2)*MOD(INT(MOD(INT((E9)/1),256)/2^5),2)*32+MOD(INT(MOD(INT((D9)/1),256)/2^6),2)*MOD(INT(MOD(INT((E9)/1),256)/2^6),2)*64+MOD(INT(MOD(INT((D9)/1),256)/2^7),2)*MOD(INT(MOD(INT((E9)/1),256)/2^7),2)*128)*1+(MOD(INT(MOD(INT((D9)/256),256)/2^0),2)*MOD(INT(MOD(INT((E9)/256),256)/2^0),2)*1+MOD(INT(MOD(INT((D9)/256),256)/2^1),2)*MOD(INT(MOD(INT((E9)/256),256)/2^1),2)*2+MOD(INT(MOD(INT((D9)/256),256)/2^2),2)*MOD(INT(MOD(INT((E9)/256),256)/2^2),2)*4+MOD(INT(MOD(INT((D9)/256),256)/2^3),2)*MOD(INT(MOD(INT((E9)/256),256)/2^3),2)*8+MOD(INT(MOD(INT((D9)/256),256)/2^4),2)*MOD(INT(MOD(INT((E9)/256),256)/2^4),2)*16+MOD(INT(MOD(INT((D9)/256),256)/2^5),2)*MOD(INT(MOD(INT((E9)/256),256)/2^5),2)*32+MOD(INT(MOD(INT((D9)/256),256)/2^6),2)*MOD(INT(MOD(INT((E9)/256),256)/2^6),2)*64+MOD(INT(MOD(INT((D9)/256),256)/2^7),2)*MOD(INT(MOD(INT((E9)/256),256)/2^7),2)*128)*256+(MOD(INT(MOD(INT((D9)/65536),256)/2^0),2)*MOD(INT(MOD(INT((E9)/65536),256)/2^0),2)*1+MOD(INT(MOD(INT((D9)/65536),256)/2^1),2)*MOD(INT(MOD(INT((E9)/65536),256)/2^1),2)*2+MOD(INT(MOD(INT((D9)/65536),256)/2^2),2)*MOD(INT(MOD(INT((E9)/65536),256)/2^2),2)*4+MOD(INT(MOD(INT((D9)/65536),256)/2^3),2)*MOD(INT(MOD(INT((E9)/65536),256)/2^3),2)*8+MOD(INT(MOD(INT((D9)/65536),256)/2^4),2)*MOD(INT(MOD(INT((E9)/65536),256)/2^4),2)*16+MOD(INT(MOD(INT((D9)/65536),256)/2^5),2)*MOD(INT(MOD(INT((E9)/65536),256)/2^5),2)*32+MOD(INT(MOD(INT((D9)/65536),256)/2^6),2)*MOD(INT(MOD(INT((E9)/65536),256)/2^6),2)*64+MOD(INT(MOD(INT((D9)/65536),256)/2^7),2)*MOD(INT(MOD(INT((E9)/65536),256)/2^7),2)*128)*65536+(MOD(INT(MOD(INT((D9)/16777216),256)/2^0),2)*MOD(INT(MOD(INT((E9)/16777216),256)/2^0),2)*1+MOD(INT(MOD(INT((D9)/16777216),256)/2^1),2)*MOD(INT(MOD(INT((E9)/16777216),256)/2^1),2)*2+MOD(INT(MOD(INT((D9)/16777216),256)/2^2),2)*MOD(INT(MOD(INT((E9)/16777216),256)/2^2),2)*4+MOD(INT(MOD(INT((D9)/16777216),256)/2^3),2)*MOD(INT(MOD(INT((E9)/16777216),256)/2^3),2)*8+MOD(INT(MOD(INT((D9)/16777216),256)/2^4),2)*MOD(INT(MOD(INT((E9)/16777216),256)/2^4),2)*16+MOD(INT(MOD(INT((D9)/16777216),256)/2^5),2)*MOD(INT(MOD(INT((E9)/16777216),256)/2^5),2)*32+MOD(INT(MOD(INT((D9)/16777216),256)/2^6),2)*MOD(INT(MOD(INT((E9)/16777216),256)/2^6),2)*64+MOD(INT(MOD(INT((D9)/16777216),256)/2^7),2)*MOD(INT(MOD(INT((E9)/16777216),256)/2^7),2)*128)*16777216) -> 2489080850 | J10: =((MOD(INT(MOD(INT(((4294967295-D9))/1),256)/2^0),2)*MOD(INT(MOD(INT((F9)/1),256)/2^0),2)*1+MOD(INT(MOD(INT(((4294967295-D9))/1),256)/2^1),2)*MOD(INT(MOD(INT((F9)/1),256)/2^1),2)*2+MOD(INT(MOD(INT(((4294967295-D9))/1),256)/2^2),2)*MOD(INT(MOD(INT((F9)/1),256)/2^2),2)*4+MOD(INT(MOD(INT(((4294967295-D9))/1),256)/2^3),2)*MOD(INT(MOD(INT((F9)/1),256)/2^3),2)*8+MOD(INT(MOD(INT(((4294967295-D9))/1),256)/2^4),2)*MOD(INT(MOD(INT((F9)/1),256)/2^4),2)*16+MOD(INT(MOD(INT(((4294967295-D9))/1),256)/2^5),2)*MOD(INT(MOD(INT((F9)/1),256)/2^5),2)*32+MOD(INT(MOD(INT(((4294967295-D9))/1),256)/2^6),2)*MOD(INT(MOD(INT((F9)/1),256)/2^6),2)*64+MOD(INT(MOD(INT(((4294967295-D9))/1),256)/2^7),2)*MOD(INT(MOD(INT((F9)/1),256)/2^7),2)*128)*1+(MOD(INT(MOD(INT(((4294967295-D9))/256),256)/2^0),2)*MOD(INT(MOD(INT((F9)/256),256)/2^0),2)*1+MOD(INT(MOD(INT(((4294967295-D9))/256),256)/2^1),2)*MOD(INT(MOD(INT((F9)/256),256)/2^1),2)*2+MOD(INT(MOD(INT(((4294967295-D9))/256),256)/2^2),2)*MOD(INT(MOD(INT((F9)/256),256)/2^2),2)*4+MOD(INT(MOD(INT(((4294967295-D9))/256),256)/2^3),2)*MOD(INT(MOD(INT((F9)/256),256)/2^3),2)*8+MOD(INT(MOD(INT(((4294967295-D9))/256),256)/2^4),2)*MOD(INT(MOD(INT((F9)/256),256)/2^4),2)*16+MOD(INT(MOD(INT(((4294967295-D9))/256),256)/2^5),2)*MOD(INT(MOD(INT((F9)/256),256)/2^5),2)*32+MOD(INT(MOD(INT(((4294967295-D9))/256),256)/2^6),2)*MOD(INT(MOD(INT((F9)/256),256)/2^6),2)*64+MOD(INT(MOD(INT(((4294967295-D9))/256),256)/2^7),2)*MOD(INT(MOD(INT((F9)/256),256)/2^7),2)*128)*256+(MOD(INT(MOD(INT(((4294967295-D9))/65536),256)/2^0),2)*MOD(INT(MOD(INT((F9)/65536),256)/2^0),2)*1+MOD(INT(MOD(INT(((4294967295-D9))/65536),256)/2^1),2)*MOD(INT(MOD(INT((F9)/65536),256)/2^1),2)*2+MOD(INT(MOD(INT(((4294967295-D9))/65536),256)/2^2),2)*MOD(INT(MOD(INT((F9)/65536),256)/2^2),2)*4+MOD(INT(MOD(INT(((4294967295-D9))/65536),256)/2^3),2)*MOD(INT(MOD(INT((F9)/65536),256)/2^3),2)*8+MOD(INT(MOD(INT(((4294967295-D9))/65536),256)/2^4),2)*MOD(INT(MOD(INT((F9)/65536),256)/2^4),2)*16+MOD(INT(MOD(INT(((4294967295-D9))/65536),256)/2^5),2)*MOD(INT(MOD(INT((F9)/65536),256)/2^5),2)*32+MOD(INT(MOD(INT(((4294967295-D9))/65536),256)/2^6),2)*MOD(INT(MOD(INT((F9)/65536),256)/2^6),2)*64+MOD(INT(MOD(INT(((4294967295-D9))/65536),256)/2^7),2)*MOD(INT(MOD(INT((F9)/65536),256)/2^7),2)*128)*65536+(MOD(INT(MOD(INT(((4294967295-D9))/16777216),256)/2^0),2)*MOD(INT(MOD(INT((F9)/16777216),256)/2^0),2)*1+MOD(INT(MOD(INT(((4294967295-D9))/16777216),256)/2^1),2)*MOD(INT(MOD(INT((F9)/16777216),256)/2^1),2)*2+MOD(INT(MOD(INT(((4294967295-D9))/16777216),256)/2^2),2)*MOD(INT(MOD(INT((F9)/16777216),256)/2^2),2)*4+MOD(INT(MOD(INT(((4294967295-D9))/16777216),256)/2^3),2)*MOD(INT(MOD(INT((F9)/16777216),256)/2^3),2)*8+MOD(INT(MOD(INT(((4294967295-D9))/16777216),256)/2^4),2)*MOD(INT(MOD(INT((F9)/16777216),256)/2^4),2)*16+MOD(INT(MOD(INT(((4294967295-D9))/16777216),256)/2^5),2)*MOD(INT(MOD(INT((F9)/16777216),256)/2^5),2)*32+MOD(INT(MOD(INT(((4294967295-D9))/16777216),256)/2^6),2)*MOD(INT(MOD(INT((F9)/16777216),256)/2^6),2)*64+MOD(INT(MOD(INT(((4294967295-D9))/16777216),256)/2^7),2)*MOD(INT(MOD(INT((F9)/16777216),256)/2^7),2)*128)*16777216) -> 1107427333 | K10: =0 -> 0 | L10: =MOD(I10+J10,4294967296) -> 3596508183 | P10: =MOD(MOD(D9,2^2)*2^30+INT(D9/2^2),4294967296) -> 2807510996
B11: 6 | C11: =MOD(H11+L11+G10+1518500249+BF205,4294967296) -> 1887844666 | D11: =C10 -> 3706519800 | E11: =P11 -> 279213509 | F11: =E10 -> 2807510996 | G11: =F10 -> 3059506235 | H11: =MOD(MOD(C10,2^27)*2^5+INT(C10/2^27),4294967296) -> 2644516635 | I11: =((MOD(INT(MOD(INT((D10)/1),256)/2^0),2)*MOD(INT(MOD(INT((E10)/1),256)/2^0),2)*1+MOD(INT(MOD(INT((D10)/1),256)/2^1),2)*MOD(INT(MOD(INT((E10)/1),256)/2^1),2)*2+MOD(INT(MOD(INT((D10)/1),256)/2^2),2)*MOD(INT(MOD(INT((E10)/1),256)/2^2),2)*4+MOD(INT(MOD(INT((D10)/1),256)/2^3),2)*MOD(INT(MOD(INT((E10)/1),256)/2^3),2)*8+MOD(INT(MOD(INT((D10)/1),256)/2^4),2)*MOD(INT(MOD(INT((E10)/1),256)/2^4),2)*16+MOD(INT(MOD(INT((D10)/1),256)/2^5),2)*MOD(INT(MOD(INT((E10)/1),256)/2^5),2)*32+MOD(INT(MOD(INT((D10)/1),256)/2^6),2)*MOD(INT(MOD(INT((E10)/1),256)/2^6),2)*64+MOD(INT(MOD(INT((D10)/1),256)/2^7),2)*MOD(INT(MOD(INT((E10)/1),256)/2^7),2)*128)*1+(MOD(INT(MOD(INT((D10)/256),256)/2^0),2)*MOD(INT(MOD(INT((E10)/256),256)/2^0),2)*1+MOD(INT(MOD(INT((D10)/256),256)/2^1),2)*MOD(INT(MOD(INT((E10)/256),256)/2^1),2)*2+MOD(INT(MOD(INT((D10)/256),256)/2^2),2)*MOD(INT(MOD(INT((E10)/256),256)/2^2),2)*4+MOD(INT(MOD(INT((D10)/256),256)/2^3),2)*MOD(INT(MOD(INT((E10)/256),256)/2^3),2)*8+MOD(INT(MOD(INT((D10)/256),256)/2^4),2)*MOD(INT(MOD(INT((E10)/256),256)/2^4),2)*16+MOD(INT(MOD(INT((D10)/256),256)/2^5),2)*MOD(INT(MOD(INT((E10)/256),256)/2^5),2)*32+MOD(INT(MOD(INT((D10)/256),256)/2^6),2)*MOD(INT(MOD(INT((E10)/256),256)/2^6),2)*64+MOD(INT(MOD(INT((D10)/256),256)/2^7),2)*MOD(INT(MOD(INT((E10)/256),256)/2^7),2)*128)*256+(MOD(INT(MOD(INT((D10)/65536),256)/2^0),2)*MOD(INT(MOD(INT((E10)/65536),256)/2^0),2)*1+MOD(INT(MOD(INT((D10)/65536),256)/2^1),2)*MOD(INT(MOD(INT((E10)/65536),256)/2^1),2)*2+MOD(INT(MOD(INT((D10)/65536),256)/2^2),2)*MOD(INT(MOD(INT((E10)/65536),256)/2^2),2)*4+MOD(INT(MOD(INT((D10)/65536),256)/2^3),2)*MOD(INT(MOD(INT((E10)/65536),256)/2^3),2)*8+MOD(INT(MOD(INT((D10)/65536),256)/2^4),2)*MOD(INT(MOD(INT((E10)/65536),256)/2^4),2)*16+MOD(INT(MOD(INT((D10)/65536),256)/2^5),2)*MOD(INT(MOD(INT((E10)/65536),256)/2^5),2)*32+MOD(INT(MOD(INT((D10)/65536),256)/2^6),2)*MOD(INT(MOD(INT((E10)/65536),256)/2^6),2)*64+MOD(INT(MOD(INT((D10)/65536),256)/2^7),2)*MOD(INT(MOD(INT((E10)/65536),256)/2^7),2)*128)*65536+(MOD(INT(MOD(INT((D10)/16777216),256)/2^0),2)*MOD(INT(MOD(INT((E10)/16777216),256)/2^0),2)*1+MOD(INT(MOD(INT((D10)/16777216),256)/2^1),2)*MOD(INT(MOD(INT((E10)/16777216),256)/2^1),2)*2+MOD(INT(MOD(INT((D10)/16777216),256)/2^2),2)*MOD(INT(MOD(INT((E10)/16777216),256)/2^2),2)*4+MOD(INT(MOD(INT((D10)/16777216),256)/2^3),2)*MOD(INT(MOD(INT((E10)/16777216),256)/2^3),2)*8+MOD(INT(MOD(INT((D10)/16777216),256)/2^4),2)*MOD(INT(MOD(INT((E10)/16777216),256)/2^4),2)*16+MOD(INT(MOD(INT((D10)/16777216),256)/2^5),2)*MOD(INT(MOD(INT((E10)/16777216),256)/2^5),2)*32+MOD(INT(MOD(INT((D10)/16777216),256)/2^6),2)*MOD(INT(MOD(INT((E10)/16777216),256)/2^6),2)*64+MOD(INT(MOD(INT((D10)/16777216),256)/2^7),2)*MOD(INT(MOD(INT((E10)/16777216),256)/2^7),2)*128)*16777216) -> 34674452 | J11: =((MOD(INT(MOD(INT(((4294967295-D10))/1),256)/2^0),2)*MOD(INT(MOD(INT((F10)/1),256)/2^0),2)*1+MOD(INT(MOD(INT(((4294967295-D10))/1),256)/2^1),2)*MOD(INT(MOD(INT((F10)/1),256)/2^1),2)*2+MOD(INT(MOD(INT(((4294967295-D10))/1),256)/2^2),2)*MOD(INT(MOD(INT((F10)/1),256)/2^2),2)*4+MOD(INT(MOD(INT(((4294967295-D10))/1),256)/2^3),2)*MOD(INT(MOD(INT((F10)/1),256)/2^3),2)*8+MOD(INT(MOD(INT(((4294967295-D10))/1),256)/2^4),2)*MOD(INT(MOD(INT((F10)/1),256)/2^4),2)*16+MOD(INT(MOD(INT(((4294967295-D10))/1),256)/2^5),2)*MOD(INT(MOD(INT((F10)/1),256)/2^5),2)*32+MOD(INT(MOD(INT(((4294967295-D10))/1),256)/2^6),2)*MOD(INT(MOD(INT((F10)/1),256)/2^6),2)*64+MOD(INT(MOD(INT(((4294967295-D10))/1),256)/2^7),2)*MOD(INT(MOD(INT((F10)/1),256)/2^7),2)*128)*1+(MOD(INT(MOD(INT(((4294967295-D10))/256),256)/2^0),2)*MOD(INT(MOD(INT((F10)/256),256)/2^0),2)*1+MOD(INT(MOD(INT(((4294967295-D10))/256),256)/2^1),2)*MOD(INT(MOD(INT((F10)/256),256)/2^1),2)*2+MOD(INT(MOD(INT(((4294967295-D10))/256),256)/2^2),2)*MOD(INT(MOD(INT((F10)/256),256)/2^2),2)*4+MOD(INT(MOD(INT(((4294967295-D10))/256),256)/2^3),2)*MOD(INT(MOD(INT((F10)/256),256)/2^3),2)*8+MOD(INT(MOD(INT(((4294967295-D10))/256),256)/2^4),2)*MOD(INT(MOD(INT((F10)/256),256)/2^4),2)*16+MOD(INT(MOD(INT(((4294967295-D10))/256),256)/2^5),2)*MOD(INT(MOD(INT((F10)/256),256)/2^5),2)*32+MOD(INT(MOD(INT(((4294967295-D10))/256),256)/2^6),2)*MOD(INT(MOD(INT((F10)/256),256)/2^6),2)*64+MOD(INT(MOD(INT(((4294967295-D10))/256),256)/2^7),2)*MOD(INT(MOD(INT((F10)/256),256)/2^7),2)*128)*256+(MOD(INT(MOD(INT(((4294967295-D10))/65536),256)/2^0),2)*MOD(INT(MOD(INT((F10)/65536),256)/2^0),2)*1+MOD(INT(MOD(INT(((4294967295-D10))/65536),256)/2^1),2)*MOD(INT(MOD(INT((F10)/65536),256)/2^1),2)*2+MOD(INT(MOD(INT(((4294967295-D10))/65536),256)/2^2),2)*MOD(INT(MOD(INT((F10)/65536),256)/2^2),2)*4+MOD(INT(MOD(INT(((4294967295-D10))/65536),256)/2^3),2)*MOD(INT(MOD(INT((F10)/65536),256)/2^3),2)*8+MOD(INT(MOD(INT(((4294967295-D10))/65536),256)/2^4),2)*MOD(INT(MOD(INT((F10)/65536),256)/2^4),2)*16+MOD(INT(MOD(INT(((4294967295-D10))/65536),256)/2^5),2)*MOD(INT(MOD(INT((F10)/65536),256)/2^5),2)*32+MOD(INT(MOD(INT(((4294967295-D10))/65536),256)/2^6),2)*MOD(INT(MOD(INT((F10)/65536),256)/2^6),2)*64+MOD(INT(MOD(INT(((4294967295-D10))/65536),256)/2^7),2)*MOD(INT(MOD(INT((F10)/65536),256)/2^7),2)*128)*65536+(MOD(INT(MOD(INT(((4294967295-D10))/16777216),256)/2^0),2)*MOD(INT(MOD(INT((F10)/16777216),256)/2^0),2)*1+MOD(INT(MOD(INT(((4294967295-D10))/16777216),256)/2^1),2)*MOD(INT(MOD(INT((F10)/16777216),256)/2^1),2)*2+MOD(INT(MOD(INT(((4294967295-D10))/16777216),256)/2^2),2)*MOD(INT(MOD(INT((F10)/16777216),256)/2^2),2)*4+MOD(INT(MOD(INT(((4294967295-D10))/16777216),256)/2^3),2)*MOD(INT(MOD(INT((F10)/16777216),256)/2^3),2)*8+MOD(INT(MOD(INT(((4294967295-D10))/16777216),256)/2^4),2)*MOD(INT(MOD(INT((F10)/16777216),256)/2^4),2)*16+MOD(INT(MOD(INT(((4294967295-D10))/16777216),256)/2^5),2)*MOD(INT(MOD(INT((F10)/16777216),256)/2^5),2)*32+MOD(INT(MOD(INT(((4294967295-D10))/16777216),256)/2^6),2)*MOD(INT(MOD(INT((F10)/16777216),256)/2^6),2)*64+MOD(INT(MOD(INT(((4294967295-D10))/16777216),256)/2^7),2)*MOD(INT(MOD(INT((F10)/16777216),256)/2^7),2)*128)*16777216) -> 3024881707 | K11: =0 -> 0 | L11: =MOD(I11+J11,4294967296) -> 3059556159 | P11: =MOD(MOD(D10,2^2)*2^30+INT(D10/2^2),4294967296) -> 279213509
B12: 7 | C12: =MOD(H12+L12+G11+1518500249+BF206,4294967296) -> 1432106214 | D12: =C11 -> 1887844666 | E12: =P12 -> 926629950 | F12: =E11 -> 279213509 | G12: =F11 -> 2807510996 | H12: =MOD(MOD(C11,2^27)*2^5+INT(C11/2^27),4294967296) -> 281487182 | I12: =((MOD(INT(MOD(INT((D11)/1),256)/2^0),2)*MOD(INT(MOD(INT((E11)/1),256)/2^0),2)*1+MOD(INT(MOD(INT((D11)/1),256)/2^1),2)*MOD(INT(MOD(INT((E11)/1),256)/2^1),2)*2+MOD(INT(MOD(INT((D11)/1),256)/2^2),2)*MOD(INT(MOD(INT((E11)/1),256)/2^2),2)*4+MOD(INT(MOD(INT((D11)/1),256)/2^3),2)*MOD(INT(MOD(INT((E11)/1),256)/2^3),2)*8+MOD(INT(MOD(INT((D11)/1),256)/2^4),2)*MOD(INT(MOD(INT((E11)/1),256)/2^4),2)*16+MOD(INT(MOD(INT((D11)/1),256)/2^5),2)*MOD(INT(MOD(INT((E11)/1),256)/2^5),2)*32+MOD(INT(MOD(INT((D11)/1),256)/2^6),2)*MOD(INT(MOD(INT((E11)/1),256)/2^6),2)*64+MOD(INT(MOD(INT((D11)/1),256)/2^7),2)*MOD(INT(MOD(INT((E11)/1),256)/2^7),2)*128)*1+(MOD(INT(MOD(INT((D11)/256),256)/2^0),2)*MOD(INT(MOD(INT((E11)/256),256)/2^0),2)*1+MOD(INT(MOD(INT((D11)/256),256)/2^1),2)*MOD(INT(MOD(INT((E11)/256),256)/2^1),2)*2+MOD(INT(MOD(INT((D11)/256),256)/2^2),2)*MOD(INT(MOD(INT((E11)/256),256)/2^2),2)*4+MOD(INT(MOD(INT((D11)/256),256)/2^3),2)*MOD(INT(MOD(INT((E11)/256),256)/2^3),2)*8+MOD(INT(MOD(INT((D11)/256),256)/2^4),2)*MOD(INT(MOD(INT((E11)/256),256)/2^4),2)*16+MOD(INT(MOD(INT((D11)/256),256)/2^5),2)*MOD(INT(MOD(INT((E11)/256),256)/2^5),2)*32+MOD(INT(MOD(INT((D11)/256),256)/2^6),2)*MOD(INT(MOD(INT((E11)/256),256)/2^6),2)*64+MOD(INT(MOD(INT((D11)/256),256)/2^7),2)*MOD(INT(MOD(INT((E11)/256),256)/2^7),2)*128)*256+(MOD(INT(MOD(INT((D11)/65536),256)/2^0),2)*MOD(INT(MOD(INT((E11)/65536),256)/2^0),2)*1+MOD(INT(MOD(INT((D11)/65536),256)/2^1),2)*MOD(INT(MOD(INT((E11)/65536),256)/2^1),2)*2+MOD(INT(MOD(INT((D11)/65536),256)/2^2),2)*MOD(INT(MOD(INT((E11)/65536),256)/2^2),2)*4+MOD(INT(MOD(INT((D11)/65536),256)/2^3),2)*MOD(INT(MOD(INT((E11)/65536),256)/2^3),2)*8+MOD(INT(MOD(INT((D11)/65536),256)/2^4),2)*MOD(INT(MOD(INT((E11)/65536),256)/2^4),2)*16+MOD(INT(MOD(INT((D11)/65536),256)/2^5),2)*MOD(INT(MOD(INT((E11)/65536),256)/2^5),2)*32+MOD(INT(MOD(INT((D11)/65536),256)/2^6),2)*MOD(INT(MOD(INT((E11)/65536),256)/2^6),2)*64+MOD(INT(MOD(INT((D11)/65536),256)/2^7),2)*MOD(INT(MOD(INT((E11)/65536),256)/2^7),2)*128)*65536+(MOD(INT(MOD(INT((D11)/16777216),256)/2^0),2)*MOD(INT(MOD(INT((E11)/16777216),256)/2^0),2)*1+MOD(INT(MOD(INT((D11)/16777216),256)/2^1),2)*MOD(INT(MOD(INT((E11)/16777216),256)/2^1),2)*2+MOD(INT(MOD(INT((D11)/16777216),256)/2^2),2)*MOD(INT(MOD(INT((E11)/16777216),256)/2^2),2)*4+MOD(INT(MOD(INT((D11)/16777216),256)/2^3),2)*MOD(INT(MOD(INT((E11)/16777216),256)/2^3),2)*8+MOD(INT(MOD(INT((D11)/16777216),256)/2^4),2)*MOD(INT(MOD(INT((E11)/16777216),256)/2^4),2)*16+MOD(INT(MOD(INT((D11)/16777216),256)/2^5),2)*MOD(INT(MOD(INT((E11)/16777216),256)/2^5),2)*32+MOD(INT(MOD(INT((D11)/16777216),256)/2^6),2)*MOD(INT(MOD(INT((E11)/16777216),256)/2^6),2)*64+MOD(INT(MOD(INT((D11)/16777216),256)/2^7),2)*MOD(INT(MOD(INT((E11)/16777216),256)/2^7),2)*128)*16777216) -> 279183552 | J12: =((MOD(INT(MOD(INT(((4294967295-D11))/1),256)/2^0),2)*MOD(INT(MOD(INT((F11)/1),256)/2^0),2)*1+MOD(INT(MOD(INT(((4294967295-D11))/1),256)/2^1),2)*MOD(INT(MOD(INT((F11)/1),256)/2^1),2)*2+MOD(INT(MOD(INT(((4294967295-D11))/1),256)/2^2),2)*MOD(INT(MOD(INT((F11)/1),256)/2^2),2)*4+MOD(INT(MOD(INT(((4294967295-D11))/1),256)/2^3),2)*MOD(INT(MOD(INT((F11)/1),256)/2^3),2)*8+MOD(INT(MOD(INT(((4294967295-D11))/1),256)/2^4),2)*MOD(INT(MOD(INT((F11)/1),256)/2^4),2)*16+MOD(INT(MOD(INT(((4294967295-D11))/1),256)/2^5),2)*MOD(INT(MOD(INT((F11)/1),256)/2^5),2)*32+MOD(INT(MOD(INT(((4294967295-D11))/1),256)/2^6),2)*MOD(INT(MOD(INT((F11)/1),256)/2^6),2)*64+MOD(INT(MOD(INT(((4294967295-D11))/1),256)/2^7),2)*MOD(INT(MOD(INT((F11)/1),256)/2^7),2)*128)*1+(MOD(INT(MOD(INT(((4294967295-D11))/256),256)/2^0),2)*MOD(INT(MOD(INT((F11)/256),256)/2^0),2)*1+MOD(INT(MOD(INT(((4294967295-D11))/256),256)/2^1),2)*MOD(INT(MOD(INT((F11)/256),256)/2^1),2)*2+MOD(INT(MOD(INT(((4294967295-D11))/256),256)/2^2),2)*MOD(INT(MOD(INT((F11)/256),256)/2^2),2)*4+MOD(INT(MOD(INT(((4294967295-D11))/256),256)/2^3),2)*MOD(INT(MOD(INT((F11)/256),256)/2^3),2)*8+MOD(INT(MOD(INT(((4294967295-D11))/256),256)/2^4),2)*MOD(INT(MOD(INT((F11)/256),256)/2^4),2)*16+MOD(INT(MOD(INT(((4294967295-D11))/256),256)/2^5),2)*MOD(INT(MOD(INT((F11)/256),256)/2^5),2)*32+MOD(INT(MOD(INT(((4294967295-D11))/256),256)/2^6),2)*MOD(INT(MOD(INT((F11)/256),256)/2^6),2)*64+MOD(INT(MOD(INT(((4294967295-D11))/256),256)/2^7),2)*MOD(INT(MOD(INT((F11)/256),256)/2^7),2)*128)*256+(MOD(INT(MOD(INT(((4294967295-D11))/65536),256)/2^0),2)*MOD(INT(MOD(INT((F11)/65536),256)/2^0),2)*1+MOD(INT(MOD(INT(((4294967295-D11))/65536),256)/2^1),2)*MOD(INT(MOD(INT((F11)/65536),256)/2^1),2)*2+MOD(INT(MOD(INT(((4294967295-D11))/65536),256)/2^2),2)*MOD(INT(MOD(INT((F11)/65536),256)/2^2),2)*4+MOD(INT(MOD(INT(((4294967295-D11))/65536),256)/2^3),2)*MOD(INT(MOD(INT((F11)/65536),256)/2^3),2)*8+MOD(INT(MOD(INT(((4294967295-D11))/65536),256)/2^4),2)*MOD(INT(MOD(INT((F11)/65536),256)/2^4),2)*16+MOD(INT(MOD(INT(((4294967295-D11))/65536),256)/2^5),2)*MOD(INT(MOD(INT((F11)/65536),256)/2^5),2)*32+MOD(INT(MOD(INT(((4294967295-D11))/65536),256)/2^6),2)*MOD(INT(MOD(INT((F11)/65536),256)/2^6),2)*64+MOD(INT(MOD(INT(((4294967295-D11))/65536),256)/2^7),2)*MOD(INT(MOD(INT((F11)/65536),256)/2^7),2)*128)*65536+(MOD(INT(MOD(INT(((4294967295-D11))/16777216),256)/2^0),2)*MOD(INT(MOD(INT((F11)/16777216),256)/2^0),2)*1+MOD(INT(MOD(INT(((4294967295-D11))/16777216),256)/2^1),2)*MOD(INT(MOD(INT((F11)/16777216),256)/2^1),2)*2+MOD(INT(MOD(INT(((4294967295-D11))/16777216),256)/2^2),2)*MOD(INT(MOD(INT((F11)/16777216),256)/2^2),2)*4+MOD(INT(MOD(INT(((4294967295-D11))/16777216),256)/2^3),2)*MOD(INT(MOD(INT((F11)/16777216),256)/2^3),2)*8+MOD(INT(MOD(INT(((4294967295-D11))/16777216),256)/2^4),2)*MOD(INT(MOD(INT((F11)/16777216),256)/2^4),2)*16+MOD(INT(MOD(INT(((4294967295-D11))/16777216),256)/2^5),2)*MOD(INT(MOD(INT((F11)/16777216),256)/2^5),2)*32+MOD(INT(MOD(INT(((4294967295-D11))/16777216),256)/2^6),2)*MOD(INT(MOD(INT((F11)/16777216),256)/2^6),2)*64+MOD(INT(MOD(INT(((4294967295-D11))/16777216),256)/2^7),2)*MOD(INT(MOD(INT((F11)/16777216),256)/2^7),2)*128)*16777216) -> 588396292 | K12: =0 -> 0 | L12: =MOD(I12+J12,4294967296) -> 867579844 | P12: =MOD(MOD(D11,2^2)*2^30+INT(D11/2^2),4294967296) -> 926629950
B13: 8 | C13: =MOD(H13+L13+G12+1518500249+BF207,4294967296) -> 3716322102 | D13: =C12 -> 1432106214 | E13: =P13 -> 2619444814 | F13: =E12 -> 926629950 | G13: =F12 -> 279213509 | H13: =MOD(MOD(C12,2^27)*2^5+INT(C12/2^27),4294967296) -> 2877725898 | I13: =((MOD(INT(MOD(INT((D12)/1),256)/2^0),2)*MOD(INT(MOD(INT((E12)/1),256)/2^0),2)*1+MOD(INT(MOD(INT((D12)/1),256)/2^1),2)*MOD(INT(MOD(INT((E12)/1),256)/2^1),2)*2+MOD(INT(MOD(INT((D12)/1),256)/2^2),2)*MOD(INT(MOD(INT((E12)/1),256)/2^2),2)*4+MOD(INT(MOD(INT((D12)/1),256)/2^3),2)*MOD(INT(MOD(INT((E12)/1),256)/2^3),2)*8+MOD(INT(MOD(INT((D12)/1),256)/2^4),2)*MOD(INT(MOD(INT((E12)/1),256)/2^4),2)*16+MOD(INT(MOD(INT((D12)/1),256)/2^5),2)*MOD(INT(MOD(INT((E12)/1),256)/2^5),2)*32+MOD(INT(MOD(INT((D12)/1),256)/2^6),2)*MOD(INT(MOD(INT((E12)/1),256)/2^6),2)*64+MOD(INT(MOD(INT((D12)/1),256)/2^7),2)*MOD(INT(MOD(INT((E12)/1),256)/2^7),2)*128)*1+(MOD(INT(MOD(INT((D12)/256),256)/2^0),2)*MOD(INT(MOD(INT((E12)/256),256)/2^0),2)*1+MOD(INT(MOD(INT((D12)/256),256)/2^1),2)*MOD(INT(MOD(INT((E12)/256),256)/2^1),2)*2+MOD(INT(MOD(INT((D12)/256),256)/2^2),2)*MOD(INT(MOD(INT((E12)/256),256)/2^2),2)*4+MOD(INT(MOD(INT((D12)/256),256)/2^3),2)*MOD(INT(MOD(INT((E12)/256),256)/2^3),2)*8+MOD(INT(MOD(INT((D12)/256),256)/2^4),2)*MOD(INT(MOD(INT((E12)/256),256)/2^4),2)*16+MOD(INT(MOD(INT((D12)/256),256)/2^5),2)*MOD(INT(MOD(INT((E12)/256),256)/2^5),2)*32+MOD(INT(MOD(INT((D12)/256),256)/2^6),2)*MOD(INT(MOD(INT((E12)/256),256)/2^6),2)*64+MOD(INT(MOD(INT((D12)/256),256)/2^7),2)*MOD(INT(MOD(INT((E12)/256),256)/2^7),2)*128)*256+(MOD(INT(MOD(INT((D12)/65536),256)/2^0),2)*MOD(INT(MOD(INT((E12)/65536),256)/2^0),2)*1+MOD(INT(MOD(INT((D12)/65536),256)/2^1),2)*MOD(INT(MOD(INT((E12)/65536),256)/2^1),2)*2+MOD(INT(MOD(INT((D12)/65536),256)/2^2),2)*MOD(INT(MOD(INT((E12)/65536),256)/2^2),2)*4+MOD(INT(MOD(INT((D12)/65536),256)/2^3),2)*MOD(INT(MOD(INT((E12)/65536),256)/2^3),2)*8+MOD(INT(MOD(INT((D12)/65536),256)/2^4),2)*MOD(INT(MOD(INT((E12)/65536),256)/2^4),2)*16+MOD(INT(MOD(INT((D12)/65536),256)/2^5),2)*MOD(INT(MOD(INT((E12)/65536),256)/2^5),2)*32+MOD(INT(MOD(INT((D12)/65536),256)/2^6),2)*MOD(INT(MOD(INT((E12)/65536),256)/2^6),2)*64+MOD(INT(MOD(INT((D12)/65536),256)/2^7),2)*MOD(INT(MOD(INT((E12)/65536),256)/2^7),2)*128)*65536+(MOD(INT(MOD(INT((D12)/16777216),256)/2^0),2)*MOD(INT(MOD(INT((E12)/16777216),256)/2^0),2)*1+MOD(INT(MOD(INT((D12)/16777216),256)/2^1),2)*MOD(INT(MOD(INT((E12)/16777216),256)/2^1),2)*2+MOD(INT(MOD(INT((D12)/16777216),256)/2^2),2)*MOD(INT(MOD(INT((E12)/16777216),256)/2^2),2)*4+MOD(INT(MOD(INT((D12)/16777216),256)/2^3),2)*MOD(INT(MOD(INT((E12)/16777216),256)/2^3),2)*8+MOD(INT(MOD(INT((D12)/16777216),256)/2^4),2)*MOD(INT(MOD(INT((E12)/16777216),256)/2^4),2)*16+MOD(INT(MOD(INT((D12)/16777216),256)/2^5),2)*MOD(INT(MOD(INT((E12)/16777216),256)/2^5),2)*32+MOD(INT(MOD(INT((D12)/16777216),256)/2^6),2)*MOD(INT(MOD(INT((E12)/16777216),256)/2^6),2)*64+MOD(INT(MOD(INT((D12)/16777216),256)/2^7),2)*MOD(INT(MOD(INT((E12)/16777216),256)/2^7),2)*128)*16777216) -> 805437498 | J13: =((MOD(INT(MOD(INT(((4294967295-D12))/1),256)/2^0),2)*MOD(INT(MOD(INT((F12)/1),256)/2^0),2)*1+MOD(INT(MOD(INT(((4294967295-D12))/1),256)/2^1),2)*MOD(INT(MOD(INT((F12)/1),256)/2^1),2)*2+MOD(INT(MOD(INT(((4294967295-D12))/1),256)/2^2),2)*MOD(INT(MOD(INT((F12)/1),256)/2^2),2)*4+MOD(INT(MOD(INT(((4294967295-D12))/1),256)/2^3),2)*MOD(INT(MOD(INT((F12)/1),256)/2^3),2)*8+MOD(INT(MOD(INT(((4294967295-D12))/1),256)/2^4),2)*MOD(INT(MOD(INT((F12)/1),256)/2^4),2)*16+MOD(INT(MOD(INT(((4294967295-D12))/1),256)/2^5),2)*MOD(INT(MOD(INT((F12)/1),256)/2^5),2)*32+MOD(INT(MOD(INT(((4294967295-D12))/1),256)/2^6),2)*MOD(INT(MOD(INT((F12)/1),256)/2^6),2)*64+MOD(INT(MOD(INT(((4294967295-D12))/1),256)/2^7),2)*MOD(INT(MOD(INT((F12)/1),256)/2^7),2)*128)*1+(MOD(INT(MOD(INT(((4294967295-D12))/256),256)/2^0),2)*MOD(INT(MOD(INT((F12)/256),256)/2^0),2)*1+MOD(INT(MOD(INT(((4294967295-D12))/256),256)/2^1),2)*MOD(INT(MOD(INT((F12)/256),256)/2^1),2)*2+MOD(INT(MOD(INT(((4294967295-D12))/256),256)/2^2),2)*MOD(INT(MOD(INT((F12)/256),256)/2^2),2)*4+MOD(INT(MOD(INT(((4294967295-D12))/256),256)/2^3),2)*MOD(INT(MOD(INT((F12)/256),256)/2^3),2)*8+MOD(INT(MOD(INT(((4294967295-D12))/256),256)/2^4),2)*MOD(INT(MOD(INT((F12)/256),256)/2^4),2)*16+MOD(INT(MOD(INT(((4294967295-D12))/256),256)/2^5),2)*MOD(INT(MOD(INT((F12)/256),256)/2^5),2)*32+MOD(INT(MOD(INT(((4294967295-D12))/256),256)/2^6),2)*MOD(INT(MOD(INT((F12)/256),256)/2^6),2)*64+MOD(INT(MOD(INT(((4294967295-D12))/256),256)/2^7),2)*MOD(INT(MOD(INT((F12)/256),256)/2^7),2)*128)*256+(MOD(INT(MOD(INT(((4294967295-D12))/65536),256)/2^0),2)*MOD(INT(MOD(INT((F12)/65536),256)/2^0),2)*1+MOD(INT(MOD(INT(((4294967295-D12))/65536),256)/2^1),2)*MOD(INT(MOD(INT((F12)/65536),256)/2^1),2)*2+MOD(INT(MOD(INT(((4294967295-D12))/65536),256)/2^2),2)*MOD(INT(MOD(INT((F12)/65536),256)/2^2),2)*4+MOD(INT(MOD(INT(((4294967295-D12))/65536),256)/2^3),2)*MOD(INT(MOD(INT((F12)/65536),256)/2^3),2)*8+MOD(INT(MOD(INT(((4294967295-D12))/65536),256)/2^4),2)*MOD(INT(MOD(INT((F12)/65536),256)/2^4),2)*16+MOD(INT(MOD(INT(((4294967295-D12))/65536),256)/2^5),2)*MOD(INT(MOD(INT((F12)/65536),256)/2^5),2)*32+MOD(INT(MOD(INT(((4294967295-D12))/65536),256)/2^6),2)*MOD(INT(MOD(INT((F12)/65536),256)/2^6),2)*64+MOD(INT(MOD(INT(((4294967295-D12))/65536),256)/2^7),2)*MOD(INT(MOD(INT((F12)/65536),256)/2^7),2)*128)*65536+(MOD(INT(MOD(INT(((4294967295-D12))/16777216),256)/2^0),2)*MOD(INT(MOD(INT((F12)/16777216),256)/2^0),2)*1+MOD(INT(MOD(INT(((4294967295-D12))/16777216),256)/2^1),2)*MOD(INT(MOD(INT((F12)/16777216),256)/2^1),2)*2+MOD(INT(MOD(INT(((4294967295-D12))/16777216),256)/2^2),2)*MOD(INT(MOD(INT((F12)/16777216),256)/2^2),2)*4+MOD(INT(MOD(INT(((4294967295-D12))/16777216),256)/2^3),2)*MOD(INT(MOD(INT((F12)/16777216),256)/2^3),2)*8+MOD(INT(MOD(INT(((4294967295-D12))/16777216),256)/2^4),2)*MOD(INT(MOD(INT((F12)/16777216),256)/2^4),2)*16+MOD(INT(MOD(INT(((4294967295-D12))/16777216),256)/2^5),2)*MOD(INT(MOD(INT((F12)/16777216),256)/2^5),2)*32+MOD(INT(MOD(INT(((4294967295-D12))/16777216),256)/2^6),2)*MOD(INT(MOD(INT((F12)/16777216),256)/2^6),2)*64+MOD(INT(MOD(INT(((4294967295-D12))/16777216),256)/2^7),2)*MOD(INT(MOD(INT((F12)/16777216),256)/2^7),2)*128)*16777216) -> 2114757 | K13: =0 -> 0 | L13: =MOD(I13+J13,4294967296) -> 807552255 | P13: =MOD(MOD(D12,2^2)*2^30+INT(D12/2^2),4294967296) -> 2619444814
B14: 9 | C14: =MOD(H14+L14+G13+1518500249+BF208,4294967296) -> 1369217687 | D14: =C13 -> 3716322102 | E14: =P14 -> 2505510201 | F14: =E13 -> 2619444814 | G14: =F13 -> 926629950 | H14: =MOD(MOD(C13,2^27)*2^5+INT(C13/2^27),4294967296) -> 2958190299 | I14: =((MOD(INT(MOD(INT((D13)/1),256)/2^0),2)*MOD(INT(MOD(INT((E13)/1),256)/2^0),2)*1+MOD(INT(MOD(INT((D13)/1),256)/2^1),2)*MOD(INT(MOD(INT((E13)/1),256)/2^1),2)*2+MOD(INT(MOD(INT((D13)/1),256)/2^2),2)*MOD(INT(MOD(INT((E13)/1),256)/2^2),2)*4+MOD(INT(MOD(INT((D13)/1),256)/2^3),2)*MOD(INT(MOD(INT((E13)/1),256)/2^3),2)*8+MOD(INT(MOD(INT((D13)/1),256)/2^4),2)*MOD(INT(MOD(INT((E13)/1),256)/2^4),2)*16+MOD(INT(MOD(INT((D13)/1),256)/2^5),2)*MOD(INT(MOD(INT((E13)/1),256)/2^5),2)*32+MOD(INT(MOD(INT((D13)/1),256)/2^6),2)*MOD(INT(MOD(INT((E13)/1),256)/2^6),2)*64+MOD(INT(MOD(INT((D13)/1),256)/2^7),2)*MOD(INT(MOD(INT((E13)/1),256)/2^7),2)*128)*1+(MOD(INT(MOD(INT((D13)/256),256)/2^0),2)*MOD(INT(MOD(INT((E13)/256),256)/2^0),2)*1+MOD(INT(MOD(INT((D13)/256),256)/2^1),2)*MOD(INT(MOD(INT((E13)/256),256)/2^1),2)*2+MOD(INT(MOD(INT((D13)/256),256)/2^2),2)*MOD(INT(MOD(INT((E13)/256),256)/2^2),2)*4+MOD(INT(MOD(INT((D13)/256),256)/2^3),2)*MOD(INT(MOD(INT((E13)/256),256)/2^3),2)*8+MOD(INT(MOD(INT((D13)/256),256)/2^4),2)*MOD(INT(MOD(INT((E13)/256),256)/2^4),2)*16+MOD(INT(MOD(INT((D13)/256),256)/2^5),2)*MOD(INT(MOD(INT((E13)/256),256)/2^5),2)*32+MOD(INT(MOD(INT((D13)/256),256)/2^6),2)*MOD(INT(MOD(INT((E13)/256),256)/2^6),2)*64+MOD(INT(MOD(INT((D13)/256),256)/2^7),2)*MOD(INT(MOD(INT((E13)/256),256)/2^7),2)*128)*256+(MOD(INT(MOD(INT((D13)/65536),256)/2^0),2)*MOD(INT(MOD(INT((E13)/65536),256)/2^0),2)*1+MOD(INT(MOD(INT((D13)/65536),256)/2^1),2)*MOD(INT(MOD(INT((E13)/65536),256)/2^1),2)*2+MOD(INT(MOD(INT((D13)/65536),256)/2^2),2)*MOD(INT(MOD(INT((E13)/65536),256)/2^2),2)*4+MOD(INT(MOD(INT((D13)/65536),256)/2^3),2)*MOD(INT(MOD(INT((E13)/65536),256)/2^3),2)*8+MOD(INT(MOD(INT((D13)/65536),256)/2^4),2)*MOD(INT(MOD(INT((E13)/65536),256)/2^4),2)*16+MOD(INT(MOD(INT((D13)/65536),256)/2^5),2)*MOD(INT(MOD(INT((E13)/65536),256)/2^5),2)*32+MOD(INT(MOD(INT((D13)/65536),256)/2^6),2)*MOD(INT(MOD(INT((E13)/65536),256)/2^6),2)*64+MOD(INT(MOD(INT((D13)/65536),256)/2^7),2)*MOD(INT(MOD(INT((E13)/65536),256)/2^7),2)*128)*65536+(MOD(INT(MOD(INT((D13)/16777216),256)/2^0),2)*MOD(INT(MOD(INT((E13)/16777216),256)/2^0),2)*1+MOD(INT(MOD(INT((D13)/16777216),256)/2^1),2)*MOD(INT(MOD(INT((E13)/16777216),256)/2^1),2)*2+MOD(INT(MOD(INT((D13)/16777216),256)/2^2),2)*MOD(INT(MOD(INT((E13)/16777216),256)/2^2),2)*4+MOD(INT(MOD(INT((D13)/16777216),256)/2^3),2)*MOD(INT(MOD(INT((E13)/16777216),256)/2^3),2)*8+MOD(INT(MOD(INT((D13)/16777216),256)/2^4),2)*MOD(INT(MOD(INT((E13)/16777216),256)/2^4),2)*16+MOD(INT(MOD(INT((D13)/16777216),256)/2^5),2)*MOD(INT(MOD(INT((E13)/16777216),256)/2^5),2)*32+MOD(INT(MOD(INT((D13)/16777216),256)/2^6),2)*MOD(INT(MOD(INT((E13)/16777216),256)/2^6),2)*64+MOD(INT(MOD(INT((D13)/16777216),256)/2^7),2)*MOD(INT(MOD(INT((E13)/16777216),256)/2^7),2)*128)*16777216) -> 335545414 | J14: =((MOD(INT(MOD(INT(((4294967295-D13))/1),256)/2^0),2)*MOD(INT(MOD(INT((F13)/1),256)/2^0),2)*1+MOD(INT(MOD(INT(((4294967295-D13))/1),256)/2^1),2)*MOD(INT(MOD(INT((F13)/1),256)/2^1),2)*2+MOD(INT(MOD(INT(((4294967295-D13))/1),256)/2^2),2)*MOD(INT(MOD(INT((F13)/1),256)/2^2),2)*4+MOD(INT(MOD(INT(((4294967295-D13))/1),256)/2^3),2)*MOD(INT(MOD(INT((F13)/1),256)/2^3),2)*8+MOD(INT(MOD(INT(((4294967295-D13))/1),256)/2^4),2)*MOD(INT(MOD(INT((F13)/1),256)/2^4),2)*16+MOD(INT(MOD(INT(((4294967295-D13))/1),256)/2^5),2)*MOD(INT(MOD(INT((F13)/1),256)/2^5),2)*32+MOD(INT(MOD(INT(((4294967295-D13))/1),256)/2^6),2)*MOD(INT(MOD(INT((F13)/1),256)/2^6),2)*64+MOD(INT(MOD(INT(((4294967295-D13))/1),256)/2^7),2)*MOD(INT(MOD(INT((F13)/1),256)/2^7),2)*128)*1+(MOD(INT(MOD(INT(((4294967295-D13))/256),256)/2^0),2)*MOD(INT(MOD(INT((F13)/256),256)/2^0),2)*1+MOD(INT(MOD(INT(((4294967295-D13))/256),256)/2^1),2)*MOD(INT(MOD(INT((F13)/256),256)/2^1),2)*2+MOD(INT(MOD(INT(((4294967295-D13))/256),256)/2^2),2)*MOD(INT(MOD(INT((F13)/256),256)/2^2),2)*4+MOD(INT(MOD(INT(((4294967295-D13))/256),256)/2^3),2)*MOD(INT(MOD(INT((F13)/256),256)/2^3),2)*8+MOD(INT(MOD(INT(((4294967295-D13))/256),256)/2^4),2)*MOD(INT(MOD(INT((F13)/256),256)/2^4),2)*16+MOD(INT(MOD(INT(((4294967295-D13))/256),256)/2^5),2)*MOD(INT(MOD(INT((F13)/256),256)/2^5),2)*32+MOD(INT(MOD(INT(((4294967295-D13))/256),256)/2^6),2)*MOD(INT(MOD(INT((F13)/256),256)/2^6),2)*64+MOD(INT(MOD(INT(((4294967295-D13))/256),256)/2^7),2)*MOD(INT(MOD(INT((F13)/256),256)/2^7),2)*128)*256+(MOD(INT(MOD(INT(((4294967295-D13))/65536),256)/2^0),2)*MOD(INT(MOD(INT((F13)/65536),256)/2^0),2)*1+MOD(INT(MOD(INT(((4294967295-D13))/65536),256)/2^1),2)*MOD(INT(MOD(INT((F13)/65536),256)/2^1),2)*2+MOD(INT(MOD(INT(((4294967295-D13))/65536),256)/2^2),2)*MOD(INT(MOD(INT((F13)/65536),256)/2^2),2)*4+MOD(INT(MOD(INT(((4294967295-D13))/65536),256)/2^3),2)*MOD(INT(MOD(INT((F13)/65536),256)/2^3),2)*8+MOD(INT(MOD(INT(((4294967295-D13))/65536),256)/2^4),2)*MOD(INT(MOD(INT((F13)/65536),256)/2^4),2)*16+MOD(INT(MOD(INT(((4294967295-D13))/65536),256)/2^5),2)*MOD(INT(MOD(INT((F13)/65536),256)/2^5),2)*32+MOD(INT(MOD(INT(((4294967295-D13))/65536),256)/2^6),2)*MOD(INT(MOD(INT((F13)/65536),256)/2^6),2)*64+MOD(INT(MOD(INT(((4294967295-D13))/65536),256)/2^7),2)*MOD(INT(MOD(INT((F13)/65536),256)/2^7),2)*128)*65536+(MOD(INT(MOD(INT(((4294967295-D13))/16777216),256)/2^0),2)*MOD(INT(MOD(INT((F13)/16777216),256)/2^0),2)*1+MOD(INT(MOD(INT(((4294967295-D13))/16777216),256)/2^1),2)*MOD(INT(MOD(INT((F13)/16777216),256)/2^1),2)*2+MOD(INT(MOD(INT(((4294967295-D13))/16777216),256)/2^2),2)*MOD(INT(MOD(INT((F13)/16777216),256)/2^2),2)*4+MOD(INT(MOD(INT(((4294967295-D13))/16777216),256)/2^3),2)*MOD(INT(MOD(INT((F13)/16777216),256)/2^3),2)*8+MOD(INT(MOD(INT(((4294967295-D13))/16777216),256)/2^4),2)*MOD(INT(MOD(INT((F13)/16777216),256)/2^4),2)*16+MOD(INT(MOD(INT(((4294967295-D13))/16777216),256)/2^5),2)*MOD(INT(MOD(INT((F13)/16777216),256)/2^5),2)*32+MOD(INT(MOD(INT(((4294967295-D13))/16777216),256)/2^6),2)*MOD(INT(MOD(INT((F13)/16777216),256)/2^6),2)*64+MOD(INT(MOD(INT(((4294967295-D13))/16777216),256)/2^7),2)*MOD(INT(MOD(INT((F13)/16777216),256)/2^7),2)*128)*16777216) -> 572735512 | K14: =0 -> 0 | L14: =MOD(I14+J14,4294967296) -> 908280926 | P14: =MOD(MOD(D13,2^2)*2^30+INT(D13/2^2),4294967296) -> 2505510201
B15: 10 | C15: =MOD(H15+L15+G14+1518500249+BF209,4294967296) -> 1517558329 | D15: =C14 -> 1369217687 | E15: =P15 -> 3076564173 | F15: =E14 -> 2505510201 | G15: =F14 -> 2619444814 | H15: =MOD(MOD(C14,2^27)*2^5+INT(C14/2^27),4294967296) -> 865293034 | I15: =((MOD(INT(MOD(INT((D14)/1),256)/2^0),2)*MOD(INT(MOD(INT((E14)/1),256)/2^0),2)*1+MOD(INT(MOD(INT((D14)/1),256)/2^1),2)*MOD(INT(MOD(INT((E14)/1),256)/2^1),2)*2+MOD(INT(MOD(INT((D14)/1),256)/2^2),2)*MOD(INT(MOD(INT((E14)/1),256)/2^2),2)*4+MOD(INT(MOD(INT((D14)/1),256)/2^3),2)*MOD(INT(MOD(INT((E14)/1),256)/2^3),2)*8+MOD(INT(MOD(INT((D14)/1),256)/2^4),2)*MOD(INT(MOD(INT((E14)/1),256)/2^4),2)*16+MOD(INT(MOD(INT((D14)/1),256)/2^5),2)*MOD(INT(MOD(INT((E14)/1),256)/2^5),2)*32+MOD(INT(MOD(INT((D14)/1),256)/2^6),2)*MOD(INT(MOD(INT((E14)/1),256)/2^6),2)*64+MOD(INT(MOD(INT((D14)/1),256)/2^7),2)*MOD(INT(MOD(INT((E14)/1),256)/2^7),2)*128)*1+(MOD(INT(MOD(INT((D14)/256),256)/2^0),2)*MOD(INT(MOD(INT((E14)/256),256)/2^0),2)*1+MOD(INT(MOD(INT((D14)/256),256)/2^1),2)*MOD(INT(MOD(INT((E14)/256),256)/2^1),2)*2+MOD(INT(MOD(INT((D14)/256),256)/2^2),2)*MOD(INT(MOD(INT((E14)/256),256)/2^2),2)*4+MOD(INT(MOD(INT((D14)/256),256)/2^3),2)*MOD(INT(MOD(INT((E14)/256),256)/2^3),2)*8+MOD(INT(MOD(INT((D14)/256),256)/2^4),2)*MOD(INT(MOD(INT((E14)/256),256)/2^4),2)*16+MOD(INT(MOD(INT((D14)/256),256)/2^5),2)*MOD(INT(MOD(INT((E14)/256),256)/2^5),2)*32+MOD(INT(MOD(INT((D14)/256),256)/2^6),2)*MOD(INT(MOD(INT((E14)/256),256)/2^6),2)*64+MOD(INT(MOD(INT((D14)/256),256)/2^7),2)*MOD(INT(MOD(INT((E14)/256),256)/2^7),2)*128)*256+(MOD(INT(MOD(INT((D14)/65536),256)/2^0),2)*MOD(INT(MOD(INT((E14)/65536),256)/2^0),2)*1+MOD(INT(MOD(INT((D14)/65536),256)/2^1),2)*MOD(INT(MOD(INT((E14)/65536),256)/2^1),2)*2+MOD(INT(MOD(INT((D14)/65536),256)/2^2),2)*MOD(INT(MOD(INT((E14)/65536),256)/2^2),2)*4+MOD(INT(MOD(INT((D14)/65536),256)/2^3),2)*MOD(INT(MOD(INT((E14)/65536),256)/2^3),2)*8+MOD(INT(MOD(INT((D14)/65536),256)/2^4),2)*MOD(INT(MOD(INT((E14)/65536),256)/2^4),2)*16+MOD(INT(MOD(INT((D14)/65536),256)/2^5),2)*MOD(INT(MOD(INT((E14)/65536),256)/2^5),2)*32+MOD(INT(MOD(INT((D14)/65536),256)/2^6),2)*MOD(INT(MOD(INT((E14)/65536),256)/2^6),2)*64+MOD(INT(MOD(INT((D14)/65536),256)/2^7),2)*MOD(INT(MOD(INT((E14)/65536),256)/2^7),2)*128)*65536+(MOD(INT(MOD(INT((D14)/16777216),256)/2^0),2)*MOD(INT(MOD(INT((E14)/16777216),256)/2^0),2)*1+MOD(INT(MOD(INT((D14)/16777216),256)/2^1),2)*MOD(INT(MOD(INT((E14)/16777216),256)/2^1),2)*2+MOD(INT(MOD(INT((D14)/16777216),256)/2^2),2)*MOD(INT(MOD(INT((E14)/16777216),256)/2^2),2)*4+MOD(INT(MOD(INT((D14)/16777216),256)/2^3),2)*MOD(INT(MOD(INT((E14)/16777216),256)/2^3),2)*8+MOD(INT(MOD(INT((D14)/16777216),256)/2^4),2)*MOD(INT(MOD(INT((E14)/16777216),256)/2^4),2)*16+MOD(INT(MOD(INT((D14)/16777216),256)/2^5),2)*MOD(INT(MOD(INT((E14)/16777216),256)/2^5),2)*32+MOD(INT(MOD(INT((D14)/16777216),256)/2^6),2)*MOD(INT(MOD(INT((E14)/16777216),256)/2^6),2)*64+MOD(INT(MOD(INT((D14)/16777216),256)/2^7),2)*MOD(INT(MOD(INT((E14)/16777216),256)/2^7),2)*128)*16777216) -> 2499936560 | J15: =((MOD(INT(MOD(INT(((4294967295-D14))/1),256)/2^0),2)*MOD(INT(MOD(INT((F14)/1),256)/2^0),2)*1+MOD(INT(MOD(INT(((4294967295-D14))/1),256)/2^1),2)*MOD(INT(MOD(INT((F14)/1),256)/2^1),2)*2+MOD(INT(MOD(INT(((4294967295-D14))/1),256)/2^2),2)*MOD(INT(MOD(INT((F14)/1),256)/2^2),2)*4+MOD(INT(MOD(INT(((4294967295-D14))/1),256)/2^3),2)*MOD(INT(MOD(INT((F14)/1),256)/2^3),2)*8+MOD(INT(MOD(INT(((4294967295-D14))/1),256)/2^4),2)*MOD(INT(MOD(INT((F14)/1),256)/2^4),2)*16+MOD(INT(MOD(INT(((4294967295-D14))/1),256)/2^5),2)*MOD(INT(MOD(INT((F14)/1),256)/2^5),2)*32+MOD(INT(MOD(INT(((4294967295-D14))/1),256)/2^6),2)*MOD(INT(MOD(INT((F14)/1),256)/2^6),2)*64+MOD(INT(MOD(INT(((4294967295-D14))/1),256)/2^7),2)*MOD(INT(MOD(INT((F14)/1),256)/2^7),2)*128)*1+(MOD(INT(MOD(INT(((4294967295-D14))/256),256)/2^0),2)*MOD(INT(MOD(INT((F14)/256),256)/2^0),2)*1+MOD(INT(MOD(INT(((4294967295-D14))/256),256)/2^1),2)*MOD(INT(MOD(INT((F14)/256),256)/2^1),2)*2+MOD(INT(MOD(INT(((4294967295-D14))/256),256)/2^2),2)*MOD(INT(MOD(INT((F14)/256),256)/2^2),2)*4+MOD(INT(MOD(INT(((4294967295-D14))/256),256)/2^3),2)*MOD(INT(MOD(INT((F14)/256),256)/2^3),2)*8+MOD(INT(MOD(INT(((4294967295-D14))/256),256)/2^4),2)*MOD(INT(MOD(INT((F14)/256),256)/2^4),2)*16+MOD(INT(MOD(INT(((4294967295-D14))/256),256)/2^5),2)*MOD(INT(MOD(INT((F14)/256),256)/2^5),2)*32+MOD(INT(MOD(INT(((4294967295-D14))/256),256)/2^6),2)*MOD(INT(MOD(INT((F14)/256),256)/2^6),2)*64+MOD(INT(MOD(INT(((4294967295-D14))/256),256)/2^7),2)*MOD(INT(MOD(INT((F14)/256),256)/2^7),2)*128)*256+(MOD(INT(MOD(INT(((4294967295-D14))/65536),256)/2^0),2)*MOD(INT(MOD(INT((F14)/65536),256)/2^0),2)*1+MOD(INT(MOD(INT(((4294967295-D14))/65536),256)/2^1),2)*MOD(INT(MOD(INT((F14)/65536),256)/2^1),2)*2+MOD(INT(MOD(INT(((4294967295-D14))/65536),256)/2^2),2)*MOD(INT(MOD(INT((F14)/65536),256)/2^2),2)*4+MOD(INT(MOD(INT(((4294967295-D14))/65536),256)/2^3),2)*MOD(INT(MOD(INT((F14)/65536),256)/2^3),2)*8+MOD(INT(MOD(INT(((4294967295-D14))/65536),256)/2^4),2)*MOD(INT(MOD(INT((F14)/65536),256)/2^4),2)*16+MOD(INT(MOD(INT(((4294967295-D14))/65536),256)/2^5),2)*MOD(INT(MOD(INT((F14)/65536),256)/2^5),2)*32+MOD(INT(MOD(INT(((4294967295-D14))/65536),256)/2^6),2)*MOD(INT(MOD(INT((F14)/65536),256)/2^6),2)*64+MOD(INT(MOD(INT(((4294967295-D14))/65536),256)/2^7),2)*MOD(INT(MOD(INT((F14)/65536),256)/2^7),2)*128)*65536+(MOD(INT(MOD(INT(((4294967295-D14))/16777216),256)/2^0),2)*MOD(INT(MOD(INT((F14)/16777216),256)/2^0),2)*1+MOD(INT(MOD(INT(((4294967295-D14))/16777216),256)/2^1),2)*MOD(INT(MOD(INT((F14)/16777216),256)/2^1),2)*2+MOD(INT(MOD(INT(((4294967295-D14))/16777216),256)/2^2),2)*MOD(INT(MOD(INT((F14)/16777216),256)/2^2),2)*4+MOD(INT(MOD(INT(((4294967295-D14))/16777216),256)/2^3),2)*MOD(INT(MOD(INT((F14)/16777216),256)/2^3),2)*8+MOD(INT(MOD(INT(((4294967295-D14))/16777216),256)/2^4),2)*MOD(INT(MOD(INT((F14)/16777216),256)/2^4),2)*16+MOD(INT(MOD(INT(((4294967295-D14))/16777216),256)/2^5),2)*MOD(INT(MOD(INT((F14)/16777216),256)/2^5),2)*32+MOD(INT(MOD(INT(((4294967295-D14))/16777216),256)/2^6),2)*MOD(INT(MOD(INT((F14)/16777216),256)/2^6),2)*64+MOD(INT(MOD(INT(((4294967295-D14))/16777216),256)/2^7),2)*MOD(INT(MOD(INT((F14)/16777216),256)/2^7),2)*128)*16777216) -> 2165832 | K15: =0 -> 0 | L15: =MOD(I15+J15,4294967296) -> 2502102392 | P15: =MOD(MOD(D14,2^2)*2^30+INT(D14/2^2),4294967296) -> 3076564173
B16: 11 | C16: =MOD(H16+L16+G15+1518500249+BF210,4294967296) -> 3664434367 | D16: =C15 -> 1517558329 | E16: =P16 -> 3563529893 | F16: =E15 -> 3076564173 | G16: =F15 -> 2505510201 | H16: =MOD(MOD(C15,2^27)*2^5+INT(C15/2^27),4294967296) -> 1317226283 | I16: =((MOD(INT(MOD(INT((D15)/1),256)/2^0),2)*MOD(INT(MOD(INT((E15)/1),256)/2^0),2)*1+MOD(INT(MOD(INT((D15)/1),256)/2^1),2)*MOD(INT(MOD(INT((E15)/1),256)/2^1),2)*2+MOD(INT(MOD(INT((D15)/1),256)/2^2),2)*MOD(INT(MOD(INT((E15)/1),256)/2^2),2)*4+MOD(INT(MOD(INT((D15)/1),256)/2^3),2)*MOD(INT(MOD(INT((E15)/1),256)/2^3),2)*8+MOD(INT(MOD(INT((D15)/1),256)/2^4),2)*MOD(INT(MOD(INT((E15)/1),256)/2^4),2)*16+MOD(INT(MOD(INT((D15)/1),256)/2^5),2)*MOD(INT(MOD(INT((E15)/1),256)/2^5),2)*32+MOD(INT(MOD(INT((D15)/1),256)/2^6),2)*MOD(INT(MOD(INT((E15)/1),256)/2^6),2)*64+MOD(INT(MOD(INT((D15)/1),256)/2^7),2)*MOD(INT(MOD(INT((E15)/1),256)/2^7),2)*128)*1+(MOD(INT(MOD(INT((D15)/256),256)/2^0),2)*MOD(INT(MOD(INT((E15)/256),256)/2^0),2)*1+MOD(INT(MOD(INT((D15)/256),256)/2^1),2)*MOD(INT(MOD(INT((E15)/256),256)/2^1),2)*2+MOD(INT(MOD(INT((D15)/256),256)/2^2),2)*MOD(INT(MOD(INT((E15)/256),256)/2^2),2)*4+MOD(INT(MOD(INT((D15)/256),256)/2^3),2)*MOD(INT(MOD(INT((E15)/256),256)/2^3),2)*8+MOD(INT(MOD(INT((D15)/256),256)/2^4),2)*MOD(INT(MOD(INT((E15)/256),256)/2^4),2)*16+MOD(INT(MOD(INT((D15)/256),256)/2^5),2)*MOD(INT(MOD(INT((E15)/256),256)/2^5),2)*32+MOD(INT(MOD(INT((D15)/256),256)/2^6),2)*MOD(INT(MOD(INT((E15)/256),256)/2^6),2)*64+MOD(INT(MOD(INT((D15)/256),256)/2^7),2)*MOD(INT(MOD(INT((E15)/256),256)/2^7),2)*128)*256+(MOD(INT(MOD(INT((D15)/65536),256)/2^0),2)*MOD(INT(MOD(INT((E15)/65536),256)/2^0),2)*1+MOD(INT(MOD(INT((D15)/65536),256)/2^1),2)*MOD(INT(MOD(INT((E15)/65536),256)/2^1),2)*2+MOD(INT(MOD(INT((D15)/65536),256)/2^2),2)*MOD(INT(MOD(INT((E15)/65536),256)/2^2),2)*4+MOD(INT(MOD(INT((D15)/65536),256)/2^3),2)*MOD(INT(MOD(INT((E15)/65536),256)/2^3),2)*8+MOD(INT(MOD(INT((D15)/65536),256)/2^4),2)*MOD(INT(MOD(INT((E15)/65536),256)/2^4),2)*16+MOD(INT(MOD(INT((D15)/65536),256)/2^5),2)*MOD(INT(MOD(INT((E15)/65536),256)/2^5),2)*32+MOD(INT(MOD(INT((D15)/65536),256)/2^6),2)*MOD(INT(MOD(INT((E15)/65536),256)/2^6),2)*64+MOD(INT(MOD(INT((D15)/65536),256)/2^7),2)*MOD(INT(MOD(INT((E15)/65536),256)/2^7),2)*128)*65536+(MOD(INT(MOD(INT((D15)/16777216),256)/2^0),2)*MOD(INT(MOD(INT((E15)/16777216),256)/2^0),2)*1+MOD(INT(MOD(INT((D15)/16777216),256)/2^1),2)*MOD(INT(MOD(INT((E15)/16777216),256)/2^1),2)*2+MOD(INT(MOD(INT((D15)/16777216),256)/2^2),2)*MOD(INT(MOD(INT((E15)/16777216),256)/2^2),2)*4+MOD(INT(MOD(INT((D15)/16777216),256)/2^3),2)*MOD(INT(MOD(INT((E15)/16777216),256)/2^3),2)*8+MOD(INT(MOD(INT((D15)/16777216),256)/2^4),2)*MOD(INT(MOD(INT((E15)/16777216),256)/2^4),2)*16+MOD(INT(MOD(INT((D15)/16777216),256)/2^5),2)*MOD(INT(MOD(INT((E15)/16777216),256)/2^5),2)*32+MOD(INT(MOD(INT((D15)/16777216),256)/2^6),2)*MOD(INT(MOD(INT((E15)/16777216),256)/2^6),2)*64+MOD(INT(MOD(INT((D15)/16777216),256)/2^7),2)*MOD(INT(MOD(INT((E15)/16777216),256)/2^7),2)*128)*16777216) -> 285245573 | J16: =((MOD(INT(MOD(INT(((4294967295-D15))/1),256)/2^0),2)*MOD(INT(MOD(INT((F15)/1),256)/2^0),2)*1+MOD(INT(MOD(INT(((4294967295-D15))/1),256)/2^1),2)*MOD(INT(MOD(INT((F15)/1),256)/2^1),2)*2+MOD(INT(MOD(INT(((4294967295-D15))/1),256)/2^2),2)*MOD(INT(MOD(INT((F15)/1),256)/2^2),2)*4+MOD(INT(MOD(INT(((4294967295-D15))/1),256)/2^3),2)*MOD(INT(MOD(INT((F15)/1),256)/2^3),2)*8+MOD(INT(MOD(INT(((4294967295-D15))/1),256)/2^4),2)*MOD(INT(MOD(INT((F15)/1),256)/2^4),2)*16+MOD(INT(MOD(INT(((4294967295-D15))/1),256)/2^5),2)*MOD(INT(MOD(INT((F15)/1),256)/2^5),2)*32+MOD(INT(MOD(INT(((4294967295-D15))/1),256)/2^6),2)*MOD(INT(MOD(INT((F15)/1),256)/2^6),2)*64+MOD(INT(MOD(INT(((4294967295-D15))/1),256)/2^7),2)*MOD(INT(MOD(INT((F15)/1),256)/2^7),2)*128)*1+(MOD(INT(MOD(INT(((4294967295-D15))/256),256)/2^0),2)*MOD(INT(MOD(INT((F15)/256),256)/2^0),2)*1+MOD(INT(MOD(INT(((4294967295-D15))/256),256)/2^1),2)*MOD(INT(MOD(INT((F15)/256),256)/2^1),2)*2+MOD(INT(MOD(INT(((4294967295-D15))/256),256)/2^2),2)*MOD(INT(MOD(INT((F15)/256),256)/2^2),2)*4+MOD(INT(MOD(INT(((4294967295-D15))/256),256)/2^3),2)*MOD(INT(MOD(INT((F15)/256),256)/2^3),2)*8+MOD(INT(MOD(INT(((4294967295-D15))/256),256)/2^4),2)*MOD(INT(MOD(INT((F15)/256),256)/2^4),2)*16+MOD(INT(MOD(INT(((4294967295-D15))/256),256)/2^5),2)*MOD(INT(MOD(INT((F15)/256),256)/2^5),2)*32+MOD(INT(MOD(INT(((4294967295-D15))/256),256)/2^6),2)*MOD(INT(MOD(INT((F15)/256),256)/2^6),2)*64+MOD(INT(MOD(INT(((4294967295-D15))/256),256)/2^7),2)*MOD(INT(MOD(INT((F15)/256),256)/2^7),2)*128)*256+(MOD(INT(MOD(INT(((4294967295-D15))/65536),256)/2^0),2)*MOD(INT(MOD(INT((F15)/65536),256)/2^0),2)*1+MOD(INT(MOD(INT(((4294967295-D15))/65536),256)/2^1),2)*MOD(INT(MOD(INT((F15)/65536),256)/2^1),2)*2+MOD(INT(MOD(INT(((4294967295-D15))/65536),256)/2^2),2)*MOD(INT(MOD(INT((F15)/65536),256)/2^2),2)*4+MOD(INT(MOD(INT(((4294967295-D15))/65536),256)/2^3),2)*MOD(INT(MOD(INT((F15)/65536),256)/2^3),2)*8+MOD(INT(MOD(INT(((4294967295-D15))/65536),256)/2^4),2)*MOD(INT(MOD(INT((F15)/65536),256)/2^4),2)*16+MOD(INT(MOD(INT(((4294967295-D15))/65536),256)/2^5),2)*MOD(INT(MOD(INT((F15)/65536),256)/2^5),2)*32+MOD(INT(MOD(INT(((4294967295-D15))/65536),256)/2^6),2)*MOD(INT(MOD(INT((F15)/65536),256)/2^6),2)*64+MOD(INT(MOD(INT(((4294967295-D15))/65536),256)/2^7),2)*MOD(INT(MOD(INT((F15)/65536),256)/2^7),2)*128)*65536+(MOD(INT(MOD(INT(((4294967295-D15))/16777216),256)/2^0),2)*MOD(INT(MOD(INT((F15)/16777216),256)/2^0),2)*1+MOD(INT(MOD(INT(((4294967295-D15))/16777216),256)/2^1),2)*MOD(INT(MOD(INT((F15)/16777216),256)/2^1),2)*2+MOD(INT(MOD(INT(((4294967295-D15))/16777216),256)/2^2),2)*MOD(INT(MOD(INT((F15)/16777216),256)/2^2),2)*4+MOD(INT(MOD(INT(((4294967295-D15))/16777216),256)/2^3),2)*MOD(INT(MOD(INT((F15)/16777216),256)/2^3),2)*8+MOD(INT(MOD(INT(((4294967295-D15))/16777216),256)/2^4),2)*MOD(INT(MOD(INT((F15)/16777216),256)/2^4),2)*16+MOD(INT(MOD(INT(((4294967295-D15))/16777216),256)/2^5),2)*MOD(INT(MOD(INT((F15)/16777216),256)/2^5),2)*32+MOD(INT(MOD(INT(((4294967295-D15))/16777216),256)/2^6),2)*MOD(INT(MOD(INT((F15)/16777216),256)/2^6),2)*64+MOD(INT(MOD(INT(((4294967295-D15))/16777216),256)/2^7),2)*MOD(INT(MOD(INT((F15)/16777216),256)/2^7),2)*128)*16777216) -> 2218984744 | K16: =0 -> 0 | L16: =MOD(I16+J16,4294967296) -> 2504230317 | P16: =MOD(MOD(D15,2^2)*2^30+INT(D15/2^2),4294967296) -> 3563529893
B17: 12 | C17: =MOD(H17+L17+G16+1518500249+BF211,4294967296) -> 848872882 | D17: =C16 -> 3664434367 | E17: =P17 -> 1453131406 | F17: =E16 -> 3563529893 | G17: =F16 -> 3076564173 | H17: =MOD(MOD(C16,2^27)*2^5+INT(C16/2^27),4294967296) -> 1297782779 | I17: =((MOD(INT(MOD(INT((D16)/1),256)/2^0),2)*MOD(INT(MOD(INT((E16)/1),256)/2^0),2)*1+MOD(INT(MOD(INT((D16)/1),256)/2^1),2)*MOD(INT(MOD(INT((E16)/1),256)/2^1),2)*2+MOD(INT(MOD(INT((D16)/1),256)/2^2),2)*MOD(INT(MOD(INT((E16)/1),256)/2^2),2)*4+MOD(INT(MOD(INT((D16)/1),256)/2^3),2)*MOD(INT(MOD(INT((E16)/1),256)/2^3),2)*8+MOD(INT(MOD(INT((D16)/1),256)/2^4),2)*MOD(INT(MOD(INT((E16)/1),256)/2^4),2)*16+MOD(INT(MOD(INT((D16)/1),256)/2^5),2)*MOD(INT(MOD(INT((E16)/1),256)/2^5),2)*32+MOD(INT(MOD(INT((D16)/1),256)/2^6),2)*MOD(INT(MOD(INT((E16)/1),256)/2^6),2)*64+MOD(INT(MOD(INT((D16)/1),256)/2^7),2)*MOD(INT(MOD(INT((E16)/1),256)/2^7),2)*128)*1+(MOD(INT(MOD(INT((D16)/256),256)/2^0),2)*MOD(INT(MOD(INT((E16)/256),256)/2^0),2)*1+MOD(INT(MOD(INT((D16)/256),256)/2^1),2)*MOD(INT(MOD(INT((E16)/256),256)/2^1),2)*2+MOD(INT(MOD(INT((D16)/256),256)/2^2),2)*MOD(INT(MOD(INT((E16)/256),256)/2^2),2)*4+MOD(INT(MOD(INT((D16)/256),256)/2^3),2)*MOD(INT(MOD(INT((E16)/256),256)/2^3),2)*8+MOD(INT(MOD(INT((D16)/256),256)/2^4),2)*MOD(INT(MOD(INT((E16)/256),256)/2^4),2)*16+MOD(INT(MOD(INT((D16)/256),256)/2^5),2)*MOD(INT(MOD(INT((E16)/256),256)/2^5),2)*32+MOD(INT(MOD(INT((D16)/256),256)/2^6),2)*MOD(INT(MOD(INT((E16)/256),256)/2^6),2)*64+MOD(INT(MOD(INT((D16)/256),256)/2^7),2)*MOD(INT(MOD(INT((E16)/256),256)/2^7),2)*128)*256+(MOD(INT(MOD(INT((D16)/65536),256)/2^0),2)*MOD(INT(MOD(INT((E16)/65536),256)/2^0),2)*1+MOD(INT(MOD(INT((D16)/65536),256)/2^1),2)*MOD(INT(MOD(INT((E16)/65536),256)/2^1),2)*2+MOD(INT(MOD(INT((D16)/65536),256)/2^2),2)*MOD(INT(MOD(INT((E16)/65536),256)/2^2),2)*4+MOD(INT(MOD(INT((D16)/65536),256)/2^3),2)*MOD(INT(MOD(INT((E16)/65536),256)/2^3),2)*8+MOD(INT(MOD(INT((D16)/65536),256)/2^4),2)*MOD(INT(MOD(INT((E16)/65536),256)/2^4),2)*16+MOD(INT(MOD(INT((D16)/65536),256)/2^5),2)*MOD(INT(MOD(INT((E16)/65536),256)/2^5),2)*32+MOD(INT(MOD(INT((D16)/65536),256)/2^6),2)*MOD(INT(MOD(INT((E16)/65536),256)/2^6),2)*64+MOD(INT(MOD(INT((D16)/65536),256)/2^7),2)*MOD(INT(MOD(INT((E16)/65536),256)/2^7),2)*128)*65536+(MOD(INT(MOD(INT((D16)/16777216),256)/2^0),2)*MOD(INT(MOD(INT((E16)/16777216),256)/2^0),2)*1+MOD(INT(MOD(INT((D16)/16777216),256)/2^1),2)*MOD(INT(MOD(INT((E16)/16777216),256)/2^1),2)*2+MOD(INT(MOD(INT((D16)/16777216),256)/2^2),2)*MOD(INT(MOD(INT((E16)/16777216),256)/2^2),2)*4+MOD(INT(MOD(INT((D16)/16777216),256)/2^3),2)*MOD(INT(MOD(INT((E16)/16777216),256)/2^3),2)*8+MOD(INT(MOD(INT((D16)/16777216),256)/2^4),2)*MOD(INT(MOD(INT((E16)/16777216),256)/2^4),2)*16+MOD(INT(MOD(INT((D16)/16777216),256)/2^5),2)*MOD(INT(MOD(INT((E16)/16777216),256)/2^5),2)*32+MOD(INT(MOD(INT((D16)/16777216),256)/2^6),2)*MOD(INT(MOD(INT((E16)/16777216),256)/2^6),2)*64+MOD(INT(MOD(INT((D16)/16777216),256)/2^7),2)*MOD(INT(MOD(INT((E16)/16777216),256)/2^7),2)*128)*16777216) -> 1348731425 | J17: =((MOD(INT(MOD(INT(((4294967295-D16))/1),256)/2^0),2)*MOD(INT(MOD(INT((F16)/1),256)/2^0),2)*1+MOD(INT(MOD(INT(((4294967295-D16))/1),256)/2^1),2)*MOD(INT(MOD(INT((F16)/1),256)/2^1),2)*2+MOD(INT(MOD(INT(((4294967295-D16))/1),256)/2^2),2)*MOD(INT(MOD(INT((F16)/1),256)/2^2),2)*4+MOD(INT(MOD(INT(((4294967295-D16))/1),256)/2^3),2)*MOD(INT(MOD(INT((F16)/1),256)/2^3),2)*8+MOD(INT(MOD(INT(((4294967295-D16))/1),256)/2^4),2)*MOD(INT(MOD(INT((F16)/1),256)/2^4),2)*16+MOD(INT(MOD(INT(((4294967295-D16))/1),256)/2^5),2)*MOD(INT(MOD(INT((F16)/1),256)/2^5),2)*32+MOD(INT(MOD(INT(((4294967295-D16))/1),256)/2^6),2)*MOD(INT(MOD(INT((F16)/1),256)/2^6),2)*64+MOD(INT(MOD(INT(((4294967295-D16))/1),256)/2^7),2)*MOD(INT(MOD(INT((F16)/1),256)/2^7),2)*128)*1+(MOD(INT(MOD(INT(((4294967295-D16))/256),256)/2^0),2)*MOD(INT(MOD(INT((F16)/256),256)/2^0),2)*1+MOD(INT(MOD(INT(((4294967295-D16))/256),256)/2^1),2)*MOD(INT(MOD(INT((F16)/256),256)/2^1),2)*2+MOD(INT(MOD(INT(((4294967295-D16))/256),256)/2^2),2)*MOD(INT(MOD(INT((F16)/256),256)/2^2),2)*4+MOD(INT(MOD(INT(((4294967295-D16))/256),256)/2^3),2)*MOD(INT(MOD(INT((F16)/256),256)/2^3),2)*8+MOD(INT(MOD(INT(((4294967295-D16))/256),256)/2^4),2)*MOD(INT(MOD(INT((F16)/256),256)/2^4),2)*16+MOD(INT(MOD(INT(((4294967295-D16))/256),256)/2^5),2)*MOD(INT(MOD(INT((F16)/256),256)/2^5),2)*32+MOD(INT(MOD(INT(((4294967295-D16))/256),256)/2^6),2)*MOD(INT(MOD(INT((F16)/256),256)/2^6),2)*64+MOD(INT(MOD(INT(((4294967295-D16))/256),256)/2^7),2)*MOD(INT(MOD(INT((F16)/256),256)/2^7),2)*128)*256+(MOD(INT(MOD(INT(((4294967295-D16))/65536),256)/2^0),2)*MOD(INT(MOD(INT((F16)/65536),256)/2^0),2)*1+MOD(INT(MOD(INT(((4294967295-D16))/65536),256)/2^1),2)*MOD(INT(MOD(INT((F16)/65536),256)/2^1),2)*2+MOD(INT(MOD(INT(((4294967295-D16))/65536),256)/2^2),2)*MOD(INT(MOD(INT((F16)/65536),256)/2^2),2)*4+MOD(INT(MOD(INT(((4294967295-D16))/65536),256)/2^3),2)*MOD(INT(MOD(INT((F16)/65536),256)/2^3),2)*8+MOD(INT(MOD(INT(((4294967295-D16))/65536),256)/2^4),2)*MOD(INT(MOD(INT((F16)/65536),256)/2^4),2)*16+MOD(INT(MOD(INT(((4294967295-D16))/65536),256)/2^5),2)*MOD(INT(MOD(INT((F16)/65536),256)/2^5),2)*32+MOD(INT(MOD(INT(((4294967295-D16))/65536),256)/2^6),2)*MOD(INT(MOD(INT((F16)/65536),256)/2^6),2)*64+MOD(INT(MOD(INT(((4294967295-D16))/65536),256)/2^7),2)*MOD(INT(MOD(INT((F16)/65536),256)/2^7),2)*128)*65536+(MOD(INT(MOD(INT(((4294967295-D16))/16777216),256)/2^0),2)*MOD(INT(MOD(INT((F16)/16777216),256)/2^0),2)*1+MOD(INT(MOD(INT(((4294967295-D16))/16777216),256)/2^1),2)*MOD(INT(MOD(INT((F16)/16777216),256)/2^1),2)*2+MOD(INT(MOD(INT(((4294967295-D16))/16777216),256)/2^2),2)*MOD(INT(MOD(INT((F16)/16777216),256)/2^2),2)*4+MOD(INT(MOD(INT(((4294967295-D16))/16777216),256)/2^3),2)*MOD(INT(MOD(INT((F16)/16777216),256)/2^3),2)*8+MOD(INT(MOD(INT(((4294967295-D16))/16777216),256)/2^4),2)*MOD(INT(MOD(INT((F16)/16777216),256)/2^4),2)*16+MOD(INT(MOD(INT(((4294967295-D16))/16777216),256)/2^5),2)*MOD(INT(MOD(INT((F16)/16777216),256)/2^5),2)*32+MOD(INT(MOD(INT(((4294967295-D16))/16777216),256)/2^6),2)*MOD(INT(MOD(INT((F16)/16777216),256)/2^6),2)*64+MOD(INT(MOD(INT(((4294967295-D16))/16777216),256)/2^7),2)*MOD(INT(MOD(INT((F16)/16777216),256)/2^7),2)*128)*16777216) -> 2768282820 | K17: =0 -> 0 | L17: =MOD(I17+J17,4294967296) -> 4117014245 | P17: =MOD(MOD(D16,2^2)*2^30+INT(D16/2^2),4294967296) -> 1453131406
... B25: 20 | C25: =MOD(H25+L25+G24+1518500249+BF219,4294967296) -> 3410622604 | D25: =C24 -> 3582681987 | E25: =P25 -> 3846864388 | F25: =E24 -> 1773566263 | G25: =F24 -> 201607514 | H25: =MOD(MOD(C24,2^27)*2^5+INT(C24/2^27),4294967296) -> 2976673914 | I25: =((MOD(INT(MOD(INT((D24)/1),256)/2^0),2)*MOD(INT(MOD(INT((E24)/1),256)/2^0),2)*1+MOD(INT(MOD(INT((D24)/1),256)/2^1),2)*MOD(INT(MOD(INT((E24)/1),256)/2^1),2)*2+MOD(INT(MOD(INT((D24)/1),256)/2^2),2)*MOD(INT(MOD(INT((E24)/1),256)/2^2),2)*4+MOD(INT(MOD(INT((D24)/1),256)/2^3),2)*MOD(INT(MOD(INT((E24)/1),256)/2^3),2)*8+MOD(INT(MOD(INT((D24)/1),256)/2^4),2)*MOD(INT(MOD(INT((E24)/1),256)/2^4),2)*16+MOD(INT(MOD(INT((D24)/1),256)/2^5),2)*MOD(INT(MOD(INT((E24)/1),256)/2^5),2)*32+MOD(INT(MOD(INT((D24)/1),256)/2^6),2)*MOD(INT(MOD(INT((E24)/1),256)/2^6),2)*64+MOD(INT(MOD(INT((D24)/1),256)/2^7),2)*MOD(INT(MOD(INT((E24)/1),256)/2^7),2)*128)*1+(MOD(INT(MOD(INT((D24)/256),256)/2^0),2)*MOD(INT(MOD(INT((E24)/256),256)/2^0),2)*1+MOD(INT(MOD(INT((D24)/256),256)/2^1),2)*MOD(INT(MOD(INT((E24)/256),256)/2^1),2)*2+MOD(INT(MOD(INT((D24)/256),256)/2^2),2)*MOD(INT(MOD(INT((E24)/256),256)/2^2),2)*4+MOD(INT(MOD(INT((D24)/256),256)/2^3),2)*MOD(INT(MOD(INT((E24)/256),256)/2^3),2)*8+MOD(INT(MOD(INT((D24)/256),256)/2^4),2)*MOD(INT(MOD(INT((E24)/256),256)/2^4),2)*16+MOD(INT(MOD(INT((D24)/256),256)/2^5),2)*MOD(INT(MOD(INT((E24)/256),256)/2^5),2)*32+MOD(INT(MOD(INT((D24)/256),256)/2^6),2)*MOD(INT(MOD(INT((E24)/256),256)/2^6),2)*64+MOD(INT(MOD(INT((D24)/256),256)/2^7),2)*MOD(INT(MOD(INT((E24)/256),256)/2^7),2)*128)*256+(MOD(INT(MOD(INT((D24)/65536),256)/2^0),2)*MOD(INT(MOD(INT((E24)/65536),256)/2^0),2)*1+MOD(INT(MOD(INT((D24)/65536),256)/2^1),2)*MOD(INT(MOD(INT((E24)/65536),256)/2^1),2)*2+MOD(INT(MOD(INT((D24)/65536),256)/2^2),2)*MOD(INT(MOD(INT((E24)/65536),256)/2^2),2)*4+MOD(INT(MOD(INT((D24)/65536),256)/2^3),2)*MOD(INT(MOD(INT((E24)/65536),256)/2^3),2)*8+MOD(INT(MOD(INT((D24)/65536),256)/2^4),2)*MOD(INT(MOD(INT((E24)/65536),256)/2^4),2)*16+MOD(INT(MOD(INT((D24)/65536),256)/2^5),2)*MOD(INT(MOD(INT((E24)/65536),256)/2^5),2)*32+MOD(INT(MOD(INT((D24)/65536),256)/2^6),2)*MOD(INT(MOD(INT((E24)/65536),256)/2^6),2)*64+MOD(INT(MOD(INT((D24)/65536),256)/2^7),2)*MOD(INT(MOD(INT((E24)/65536),256)/2^7),2)*128)*65536+(MOD(INT(MOD(INT((D24)/16777216),256)/2^0),2)*MOD(INT(MOD(INT((E24)/16777216),256)/2^0),2)*1+MOD(INT(MOD(INT((D24)/16777216),256)/2^1),2)*MOD(INT(MOD(INT((E24)/16777216),256)/2^1),2)*2+MOD(INT(MOD(INT((D24)/16777216),256)/2^2),2)*MOD(INT(MOD(INT((E24)/16777216),256)/2^2),2)*4+MOD(INT(MOD(INT((D24)/16777216),256)/2^3),2)*MOD(INT(MOD(INT((E24)/16777216),256)/2^3),2)*8+MOD(INT(MOD(INT((D24)/16777216),256)/2^4),2)*MOD(INT(MOD(INT((E24)/16777216),256)/2^4),2)*16+MOD(INT(MOD(INT((D24)/16777216),256)/2^5),2)*MOD(INT(MOD(INT((E24)/16777216),256)/2^5),2)*32+MOD(INT(MOD(INT((D24)/16777216),256)/2^6),2)*MOD(INT(MOD(INT((E24)/16777216),256)/2^6),2)*64+MOD(INT(MOD(INT((D24)/16777216),256)/2^7),2)*MOD(INT(MOD(INT((E24)/16777216),256)/2^7),2)*128)*16777216) -> 18905107 | J25: =((MOD(INT(MOD(INT(((4294967295-D24))/1),256)/2^0),2)*MOD(INT(MOD(INT((F24)/1),256)/2^0),2)*1+MOD(INT(MOD(INT(((4294967295-D24))/1),256)/2^1),2)*MOD(INT(MOD(INT((F24)/1),256)/2^1),2)*2+MOD(INT(MOD(INT(((4294967295-D24))/1),256)/2^2),2)*MOD(INT(MOD(INT((F24)/1),256)/2^2),2)*4+MOD(INT(MOD(INT(((4294967295-D24))/1),256)/2^3),2)*MOD(INT(MOD(INT((F24)/1),256)/2^3),2)*8+MOD(INT(MOD(INT(((4294967295-D24))/1),256)/2^4),2)*MOD(INT(MOD(INT((F24)/1),256)/2^4),2)*16+MOD(INT(MOD(INT(((4294967295-D24))/1),256)/2^5),2)*MOD(INT(MOD(INT((F24)/1),256)/2^5),2)*32+MOD(INT(MOD(INT(((4294967295-D24))/1),256)/2^6),2)*MOD(INT(MOD(INT((F24)/1),256)/2^6),2)*64+MOD(INT(MOD(INT(((4294967295-D24))/1),256)/2^7),2)*MOD(INT(MOD(INT((F24)/1),256)/2^7),2)*128)*1+(MOD(INT(MOD(INT(((4294967295-D24))/256),256)/2^0),2)*MOD(INT(MOD(INT((F24)/256),256)/2^0),2)*1+MOD(INT(MOD(INT(((4294967295-D24))/256),256)/2^1),2)*MOD(INT(MOD(INT((F24)/256),256)/2^1),2)*2+MOD(INT(MOD(INT(((4294967295-D24))/256),256)/2^2),2)*MOD(INT(MOD(INT((F24)/256),256)/2^2),2)*4+MOD(INT(MOD(INT(((4294967295-D24))/256),256)/2^3),2)*MOD(INT(MOD(INT((F24)/256),256)/2^3),2)*8+MOD(INT(MOD(INT(((4294967295-D24))/256),256)/2^4),2)*MOD(INT(MOD(INT((F24)/256),256)/2^4),2)*16+MOD(INT(MOD(INT(((4294967295-D24))/256),256)/2^5),2)*MOD(INT(MOD(INT((F24)/256),256)/2^5),2)*32+MOD(INT(MOD(INT(((4294967295-D24))/256),256)/2^6),2)*MOD(INT(MOD(INT((F24)/256),256)/2^6),2)*64+MOD(INT(MOD(INT(((4294967295-D24))/256),256)/2^7),2)*MOD(INT(MOD(INT((F24)/256),256)/2^7),2)*128)*256+(MOD(INT(MOD(INT(((4294967295-D24))/65536),256)/2^0),2)*MOD(INT(MOD(INT((F24)/65536),256)/2^0),2)*1+MOD(INT(MOD(INT(((4294967295-D24))/65536),256)/2^1),2)*MOD(INT(MOD(INT((F24)/65536),256)/2^1),2)*2+MOD(INT(MOD(INT(((4294967295-D24))/65536),256)/2^2),2)*MOD(INT(MOD(INT((F24)/65536),256)/2^2),2)*4+MOD(INT(MOD(INT(((4294967295-D24))/65536),256)/2^3),2)*MOD(INT(MOD(INT((F24)/65536),256)/2^3),2)*8+MOD(INT(MOD(INT(((4294967295-D24))/65536),256)/2^4),2)*MOD(INT(MOD(INT((F24)/65536),256)/2^4),2)*16+MOD(INT(MOD(INT(((4294967295-D24))/65536),256)/2^5),2)*MOD(INT(MOD(INT((F24)/65536),256)/2^5),2)*32+MOD(INT(MOD(INT(((4294967295-D24))/65536),256)/2^6),2)*MOD(INT(MOD(INT((F24)/65536),256)/2^6),2)*64+MOD(INT(MOD(INT(((4294967295-D24))/65536),256)/2^7),2)*MOD(INT(MOD(INT((F24)/65536),256)/2^7),2)*128)*65536+(MOD(INT(MOD(INT(((4294967295-D24))/16777216),256)/2^0),2)*MOD(INT(MOD(INT((F24)/16777216),256)/2^0),2)*1+MOD(INT(MOD(INT(((4294967295-D24))/16777216),256)/2^1),2)*MOD(INT(MOD(INT((F24)/16777216),256)/2^1),2)*2+MOD(INT(MOD(INT(((4294967295-D24))/16777216),256)/2^2),2)*MOD(INT(MOD(INT((F24)/16777216),256)/2^2),2)*4+MOD(INT(MOD(INT(((4294967295-D24))/16777216),256)/2^3),2)*MOD(INT(MOD(INT((F24)/16777216),256)/2^3),2)*8+MOD(INT(MOD(INT(((4294967295-D24))/16777216),256)/2^4),2)*MOD(INT(MOD(INT((F24)/16777216),256)/2^4),2)*16+MOD(INT(MOD(INT(((4294967295-D24))/16777216),256)/2^5),2)*MOD(INT(MOD(INT((F24)/16777216),256)/2^5),2)*32+MOD(INT(MOD(INT(((4294967295-D24))/16777216),256)/2^6),2)*MOD(INT(MOD(INT((F24)/16777216),256)/2^6),2)*64+MOD(INT(MOD(INT(((4294967295-D24))/16777216),256)/2^7),2)*MOD(INT(MOD(INT((F24)/16777216),256)/2^7),2)*128)*16777216) -> 134480200 | K25: =0 -> 0 | L25: =MOD(I25+J25,4294967296) -> 153385307 | P25: =MOD(MOD(D24,2^2)*2^30+INT(D24/2^2),4294967296) -> 3846864388
B26: 21 | C26: =MOD(H26+L26+G25+1859775393+BF220,4294967296) -> 4220824389 | D26: =C25 -> 3410622604 | E26: =P26 -> 4116895968 | F26: =E25 -> 3846864388 | G26: =F25 -> 1773566263 | H26: =MOD(MOD(C25,2^27)*2^5+INT(C25/2^27),4294967296) -> 1765740953 | I26: =((MOD(INT(MOD(INT((D25)/1),256)/2^0),2)*MOD(INT(MOD(INT((E25)/1),256)/2^0),2)*1+MOD(INT(MOD(INT((D25)/1),256)/2^1),2)*MOD(INT(MOD(INT((E25)/1),256)/2^1),2)*2+MOD(INT(MOD(INT((D25)/1),256)/2^2),2)*MOD(INT(MOD(INT((E25)/1),256)/2^2),2)*4+MOD(INT(MOD(INT((D25)/1),256)/2^3),2)*MOD(INT(MOD(INT((E25)/1),256)/2^3),2)*8+MOD(INT(MOD(INT((D25)/1),256)/2^4),2)*MOD(INT(MOD(INT((E25)/1),256)/2^4),2)*16+MOD(INT(MOD(INT((D25)/1),256)/2^5),2)*MOD(INT(MOD(INT((E25)/1),256)/2^5),2)*32+MOD(INT(MOD(INT((D25)/1),256)/2^6),2)*MOD(INT(MOD(INT((E25)/1),256)/2^6),2)*64+MOD(INT(MOD(INT((D25)/1),256)/2^7),2)*MOD(INT(MOD(INT((E25)/1),256)/2^7),2)*128)*1+(MOD(INT(MOD(INT((D25)/256),256)/2^0),2)*MOD(INT(MOD(INT((E25)/256),256)/2^0),2)*1+MOD(INT(MOD(INT((D25)/256),256)/2^1),2)*MOD(INT(MOD(INT((E25)/256),256)/2^1),2)*2+MOD(INT(MOD(INT((D25)/256),256)/2^2),2)*MOD(INT(MOD(INT((E25)/256),256)/2^2),2)*4+MOD(INT(MOD(INT((D25)/256),256)/2^3),2)*MOD(INT(MOD(INT((E25)/256),256)/2^3),2)*8+MOD(INT(MOD(INT((D25)/256),256)/2^4),2)*MOD(INT(MOD(INT((E25)/256),256)/2^4),2)*16+MOD(INT(MOD(INT((D25)/256),256)/2^5),2)*MOD(INT(MOD(INT((E25)/256),256)/2^5),2)*32+MOD(INT(MOD(INT((D25)/256),256)/2^6),2)*MOD(INT(MOD(INT((E25)/256),256)/2^6),2)*64+MOD(INT(MOD(INT((D25)/256),256)/2^7),2)*MOD(INT(MOD(INT((E25)/256),256)/2^7),2)*128)*256+(MOD(INT(MOD(INT((D25)/65536),256)/2^0),2)*MOD(INT(MOD(INT((E25)/65536),256)/2^0),2)*1+MOD(INT(MOD(INT((D25)/65536),256)/2^1),2)*MOD(INT(MOD(INT((E25)/65536),256)/2^1),2)*2+MOD(INT(MOD(INT((D25)/65536),256)/2^2),2)*MOD(INT(MOD(INT((E25)/65536),256)/2^2),2)*4+MOD(INT(MOD(INT((D25)/65536),256)/2^3),2)*MOD(INT(MOD(INT((E25)/65536),256)/2^3),2)*8+MOD(INT(MOD(INT((D25)/65536),256)/2^4),2)*MOD(INT(MOD(INT((E25)/65536),256)/2^4),2)*16+MOD(INT(MOD(INT((D25)/65536),256)/2^5),2)*MOD(INT(MOD(INT((E25)/65536),256)/2^5),2)*32+MOD(INT(MOD(INT((D25)/65536),256)/2^6),2)*MOD(INT(MOD(INT((E25)/65536),256)/2^6),2)*64+MOD(INT(MOD(INT((D25)/65536),256)/2^7),2)*MOD(INT(MOD(INT((E25)/65536),256)/2^7),2)*128)*65536+(MOD(INT(MOD(INT((D25)/16777216),256)/2^0),2)*MOD(INT(MOD(INT((E25)/16777216),256)/2^0),2)*1+MOD(INT(MOD(INT((D25)/16777216),256)/2^1),2)*MOD(INT(MOD(INT((E25)/16777216),256)/2^1),2)*2+MOD(INT(MOD(INT((D25)/16777216),256)/2^2),2)*MOD(INT(MOD(INT((E25)/16777216),256)/2^2),2)*4+MOD(INT(MOD(INT((D25)/16777216),256)/2^3),2)*MOD(INT(MOD(INT((E25)/16777216),256)/2^3),2)*8+MOD(INT(MOD(INT((D25)/16777216),256)/2^4),2)*MOD(INT(MOD(INT((E25)/16777216),256)/2^4),2)*16+MOD(INT(MOD(INT((D25)/16777216),256)/2^5),2)*MOD(INT(MOD(INT((E25)/16777216),256)/2^5),2)*32+MOD(INT(MOD(INT((D25)/16777216),256)/2^6),2)*MOD(INT(MOD(INT((E25)/16777216),256)/2^6),2)*64+MOD(INT(MOD(INT((D25)/16777216),256)/2^7),2)*MOD(INT(MOD(INT((E25)/16777216),256)/2^7),2)*128)*16777216) -> 3305792000 | J26: =((MOD(INT(MOD(INT((MOD(D25+E25-2*I26,4294967296))/1),256)/2^0),2)*MOD(INT(MOD(INT((F25)/1),256)/2^0),2)*1+MOD(INT(MOD(INT((MOD(D25+E25-2*I26,4294967296))/1),256)/2^1),2)*MOD(INT(MOD(INT((F25)/1),256)/2^1),2)*2+MOD(INT(MOD(INT((MOD(D25+E25-2*I26,4294967296))/1),256)/2^2),2)*MOD(INT(MOD(INT((F25)/1),256)/2^2),2)*4+MOD(INT(MOD(INT((MOD(D25+E25-2*I26,4294967296))/1),256)/2^3),2)*MOD(INT(MOD(INT((F25)/1),256)/2^3),2)*8+MOD(INT(MOD(INT((MOD(D25+E25-2*I26,4294967296))/1),256)/2^4),2)*MOD(INT(MOD(INT((F25)/1),256)/2^4),2)*16+MOD(INT(MOD(INT((MOD(D25+E25-2*I26,4294967296))/1),256)/2^5),2)*MOD(INT(MOD(INT((F25)/1),256)/2^5),2)*32+MOD(INT(MOD(INT((MOD(D25+E25-2*I26,4294967296))/1),256)/2^6),2)*MOD(INT(MOD(INT((F25)/1),256)/2^6),2)*64+MOD(INT(MOD(INT((MOD(D25+E25-2*I26,4294967296))/1),256)/2^7),2)*MOD(INT(MOD(INT((F25)/1),256)/2^7),2)*128)*1+(MOD(INT(MOD(INT((MOD(D25+E25-2*I26,4294967296))/256),256)/2^0),2)*MOD(INT(MOD(INT((F25)/256),256)/2^0),2)*1+MOD(INT(MOD(INT((MOD(D25+E25-2*I26,4294967296))/256),256)/2^1),2)*MOD(INT(MOD(INT((F25)/256),256)/2^1),2)*2+MOD(INT(MOD(INT((MOD(D25+E25-2*I26,4294967296))/256),256)/2^2),2)*MOD(INT(MOD(INT((F25)/256),256)/2^2),2)*4+MOD(INT(MOD(INT((MOD(D25+E25-2*I26,4294967296))/256),256)/2^3),2)*MOD(INT(MOD(INT((F25)/256),256)/2^3),2)*8+MOD(INT(MOD(INT((MOD(D25+E25-2*I26,4294967296))/256),256)/2^4),2)*MOD(INT(MOD(INT((F25)/256),256)/2^4),2)*16+MOD(INT(MOD(INT((MOD(D25+E25-2*I26,4294967296))/256),256)/2^5),2)*MOD(INT(MOD(INT((F25)/256),256)/2^5),2)*32+MOD(INT(MOD(INT((MOD(D25+E25-2*I26,4294967296))/256),256)/2^6),2)*MOD(INT(MOD(INT((F25)/256),256)/2^6),2)*64+MOD(INT(MOD(INT((MOD(D25+E25-2*I26,4294967296))/256),256)/2^7),2)*MOD(INT(MOD(INT((F25)/256),256)/2^7),2)*128)*256+(MOD(INT(MOD(INT((MOD(D25+E25-2*I26,4294967296))/65536),256)/2^0),2)*MOD(INT(MOD(INT((F25)/65536),256)/2^0),2)*1+MOD(INT(MOD(INT((MOD(D25+E25-2*I26,4294967296))/65536),256)/2^1),2)*MOD(INT(MOD(INT((F25)/65536),256)/2^1),2)*2+MOD(INT(MOD(INT((MOD(D25+E25-2*I26,4294967296))/65536),256)/2^2),2)*MOD(INT(MOD(INT((F25)/65536),256)/2^2),2)*4+MOD(INT(MOD(INT((MOD(D25+E25-2*I26,4294967296))/65536),256)/2^3),2)*MOD(INT(MOD(INT((F25)/65536),256)/2^3),2)*8+MOD(INT(MOD(INT((MOD(D25+E25-2*I26,4294967296))/65536),256)/2^4),2)*MOD(INT(MOD(INT((F25)/65536),256)/2^4),2)*16+MOD(INT(MOD(INT((MOD(D25+E25-2*I26,4294967296))/65536),256)/2^5),2)*MOD(INT(MOD(INT((F25)/65536),256)/2^5),2)*32+MOD(INT(MOD(INT((MOD(D25+E25-2*I26,4294967296))/65536),256)/2^6),2)*MOD(INT(MOD(INT((F25)/65536),256)/2^6),2)*64+MOD(INT(MOD(INT((MOD(D25+E25-2*I26,4294967296))/65536),256)/2^7),2)*MOD(INT(MOD(INT((F25)/65536),256)/2^7),2)*128)*65536+(MOD(INT(MOD(INT((MOD(D25+E25-2*I26,4294967296))/16777216),256)/2^0),2)*MOD(INT(MOD(INT((F25)/16777216),256)/2^0),2)*1+MOD(INT(MOD(INT((MOD(D25+E25-2*I26,4294967296))/16777216),256)/2^1),2)*MOD(INT(MOD(INT((F25)/16777216),256)/2^1),2)*2+MOD(INT(MOD(INT((MOD(D25+E25-2*I26,4294967296))/16777216),256)/2^2),2)*MOD(INT(MOD(INT((F25)/16777216),256)/2^2),2)*4+MOD(INT(MOD(INT((MOD(D25+E25-2*I26,4294967296))/16777216),256)/2^3),2)*MOD(INT(MOD(INT((F25)/16777216),256)/2^3),2)*8+MOD(INT(MOD(INT((MOD(D25+E25-2*I26,4294967296))/16777216),256)/2^4),2)*MOD(INT(MOD(INT((F25)/16777216),256)/2^4),2)*16+MOD(INT(MOD(INT((MOD(D25+E25-2*I26,4294967296))/16777216),256)/2^5),2)*MOD(INT(MOD(INT((F25)/16777216),256)/2^5),2)*32+MOD(INT(MOD(INT((MOD(D25+E25-2*I26,4294967296))/16777216),256)/2^6),2)*MOD(INT(MOD(INT((F25)/16777216),256)/2^6),2)*64+MOD(INT(MOD(INT((MOD(D25+E25-2*I26,4294967296))/16777216),256)/2^7),2)*MOD(INT(MOD(INT((F25)/16777216),256)/2^7),2)*128)*16777216) -> 545265927 | K26: =0 -> 0 | L26: =MOD(MOD(D25+E25-2*I26,4294967296)+F25-2*J26,4294967296) -> 1500996784 | P26: =MOD(MOD(D25,2^2)*2^30+INT(D25/2^2),4294967296) -> 4116895968
B27: 22 | C27: =MOD(H27+L27+G26+1859775393+BF221,4294967296) -> 646392991 | D27: =C26 -> 4220824389 | E27: =P27 -> 852655651 | F27: =E26 -> 4116895968 | G27: =F26 -> 3846864388 | H27: =MOD(MOD(C26,2^27)*2^5+INT(C26/2^27),4294967296) -> 1922394303 | I27: =((MOD(INT(MOD(INT((D26)/1),256)/2^0),2)*MOD(INT(MOD(INT((E26)/1),256)/2^0),2)*1+MOD(INT(MOD(INT((D26)/1),256)/2^1),2)*MOD(INT(MOD(INT((E26)/1),256)/2^1),2)*2+MOD(INT(MOD(INT((D26)/1),256)/2^2),2)*MOD(INT(MOD(INT((E26)/1),256)/2^2),2)*4+MOD(INT(MOD(INT((D26)/1),256)/2^3),2)*MOD(INT(MOD(INT((E26)/1),256)/2^3),2)*8+MOD(INT(MOD(INT((D26)/1),256)/2^4),2)*MOD(INT(MOD(INT((E26)/1),256)/2^4),2)*16+MOD(INT(MOD(INT((D26)/1),256)/2^5),2)*MOD(INT(MOD(INT((E26)/1),256)/2^5),2)*32+MOD(INT(MOD(INT((D26)/1),256)/2^6),2)*MOD(INT(MOD(INT((E26)/1),256)/2^6),2)*64+MOD(INT(MOD(INT((D26)/1),256)/2^7),2)*MOD(INT(MOD(INT((E26)/1),256)/2^7),2)*128)*1+(MOD(INT(MOD(INT((D26)/256),256)/2^0),2)*MOD(INT(MOD(INT((E26)/256),256)/2^0),2)*1+MOD(INT(MOD(INT((D26)/256),256)/2^1),2)*MOD(INT(MOD(INT((E26)/256),256)/2^1),2)*2+MOD(INT(MOD(INT((D26)/256),256)/2^2),2)*MOD(INT(MOD(INT((E26)/256),256)/2^2),2)*4+MOD(INT(MOD(INT((D26)/256),256)/2^3),2)*MOD(INT(MOD(INT((E26)/256),256)/2^3),2)*8+MOD(INT(MOD(INT((D26)/256),256)/2^4),2)*MOD(INT(MOD(INT((E26)/256),256)/2^4),2)*16+MOD(INT(MOD(INT((D26)/256),256)/2^5),2)*MOD(INT(MOD(INT((E26)/256),256)/2^5),2)*32+MOD(INT(MOD(INT((D26)/256),256)/2^6),2)*MOD(INT(MOD(INT((E26)/256),256)/2^6),2)*64+MOD(INT(MOD(INT((D26)/256),256)/2^7),2)*MOD(INT(MOD(INT((E26)/256),256)/2^7),2)*128)*256+(MOD(INT(MOD(INT((D26)/65536),256)/2^0),2)*MOD(INT(MOD(INT((E26)/65536),256)/2^0),2)*1+MOD(INT(MOD(INT((D26)/65536),256)/2^1),2)*MOD(INT(MOD(INT((E26)/65536),256)/2^1),2)*2+MOD(INT(MOD(INT((D26)/65536),256)/2^2),2)*MOD(INT(MOD(INT((E26)/65536),256)/2^2),2)*4+MOD(INT(MOD(INT((D26)/65536),256)/2^3),2)*MOD(INT(MOD(INT((E26)/65536),256)/2^3),2)*8+MOD(INT(MOD(INT((D26)/65536),256)/2^4),2)*MOD(INT(MOD(INT((E26)/65536),256)/2^4),2)*16+MOD(INT(MOD(INT((D26)/65536),256)/2^5),2)*MOD(INT(MOD(INT((E26)/65536),256)/2^5),2)*32+MOD(INT(MOD(INT((D26)/65536),256)/2^6),2)*MOD(INT(MOD(INT((E26)/65536),256)/2^6),2)*64+MOD(INT(MOD(INT((D26)/65536),256)/2^7),2)*MOD(INT(MOD(INT((E26)/65536),256)/2^7),2)*128)*65536+(MOD(INT(MOD(INT((D26)/16777216),256)/2^0),2)*MOD(INT(MOD(INT((E26)/16777216),256)/2^0),2)*1+MOD(INT(MOD(INT((D26)/16777216),256)/2^1),2)*MOD(INT(MOD(INT((E26)/16777216),256)/2^1),2)*2+MOD(INT(MOD(INT((D26)/16777216),256)/2^2),2)*MOD(INT(MOD(INT((E26)/16777216),256)/2^2),2)*4+MOD(INT(MOD(INT((D26)/16777216),256)/2^3),2)*MOD(INT(MOD(INT((E26)/16777216),256)/2^3),2)*8+MOD(INT(MOD(INT((D26)/16777216),256)/2^4),2)*MOD(INT(MOD(INT((E26)/16777216),256)/2^4),2)*16+MOD(INT(MOD(INT((D26)/16777216),256)/2^5),2)*MOD(INT(MOD(INT((E26)/16777216),256)/2^5),2)*32+MOD(INT(MOD(INT((D26)/16777216),256)/2^6),2)*MOD(INT(MOD(INT((E26)/16777216),256)/2^6),2)*64+MOD(INT(MOD(INT((D26)/16777216),256)/2^7),2)*MOD(INT(MOD(INT((E26)/16777216),256)/2^7),2)*128)*16777216) -> 3242252416 | J27: =((MOD(INT(MOD(INT((MOD(D26+E26-2*I27,4294967296))/1),256)/2^0),2)*MOD(INT(MOD(INT((F26)/1),256)/2^0),2)*1+MOD(INT(MOD(INT((MOD(D26+E26-2*I27,4294967296))/1),256)/2^1),2)*MOD(INT(MOD(INT((F26)/1),256)/2^1),2)*2+MOD(INT(MOD(INT((MOD(D26+E26-2*I27,4294967296))/1),256)/2^2),2)*MOD(INT(MOD(INT((F26)/1),256)/2^2),2)*4+MOD(INT(MOD(INT((MOD(D26+E26-2*I27,4294967296))/1),256)/2^3),2)*MOD(INT(MOD(INT((F26)/1),256)/2^3),2)*8+MOD(INT(MOD(INT((MOD(D26+E26-2*I27,4294967296))/1),256)/2^4),2)*MOD(INT(MOD(INT((F26)/1),256)/2^4),2)*16+MOD(INT(MOD(INT((MOD(D26+E26-2*I27,4294967296))/1),256)/2^5),2)*MOD(INT(MOD(INT((F26)/1),256)/2^5),2)*32+MOD(INT(MOD(INT((MOD(D26+E26-2*I27,4294967296))/1),256)/2^6),2)*MOD(INT(MOD(INT((F26)/1),256)/2^6),2)*64+MOD(INT(MOD(INT((MOD(D26+E26-2*I27,4294967296))/1),256)/2^7),2)*MOD(INT(MOD(INT((F26)/1),256)/2^7),2)*128)*1+(MOD(INT(MOD(INT((MOD(D26+E26-2*I27,4294967296))/256),256)/2^0),2)*MOD(INT(MOD(INT((F26)/256),256)/2^0),2)*1+MOD(INT(MOD(INT((MOD(D26+E26-2*I27,4294967296))/256),256)/2^1),2)*MOD(INT(MOD(INT((F26)/256),256)/2^1),2)*2+MOD(INT(MOD(INT((MOD(D26+E26-2*I27,4294967296))/256),256)/2^2),2)*MOD(INT(MOD(INT((F26)/256),256)/2^2),2)*4+MOD(INT(MOD(INT((MOD(D26+E26-2*I27,4294967296))/256),256)/2^3),2)*MOD(INT(MOD(INT((F26)/256),256)/2^3),2)*8+MOD(INT(MOD(INT((MOD(D26+E26-2*I27,4294967296))/256),256)/2^4),2)*MOD(INT(MOD(INT((F26)/256),256)/2^4),2)*16+MOD(INT(MOD(INT((MOD(D26+E26-2*I27,4294967296))/256),256)/2^5),2)*MOD(INT(MOD(INT((F26)/256),256)/2^5),2)*32+MOD(INT(MOD(INT((MOD(D26+E26-2*I27,4294967296))/256),256)/2^6),2)*MOD(INT(MOD(INT((F26)/256),256)/2^6),2)*64+MOD(INT(MOD(INT((MOD(D26+E26-2*I27,4294967296))/256),256)/2^7),2)*MOD(INT(MOD(INT((F26)/256),256)/2^7),2)*128)*256+(MOD(INT(MOD(INT((MOD(D26+E26-2*I27,4294967296))/65536),256)/2^0),2)*MOD(INT(MOD(INT((F26)/65536),256)/2^0),2)*1+MOD(INT(MOD(INT((MOD(D26+E26-2*I27,4294967296))/65536),256)/2^1),2)*MOD(INT(MOD(INT((F26)/65536),256)/2^1),2)*2+MOD(INT(MOD(INT((MOD(D26+E26-2*I27,4294967296))/65536),256)/2^2),2)*MOD(INT(MOD(INT((F26)/65536),256)/2^2),2)*4+MOD(INT(MOD(INT((MOD(D26+E26-2*I27,4294967296))/65536),256)/2^3),2)*MOD(INT(MOD(INT((F26)/65536),256)/2^3),2)*8+MOD(INT(MOD(INT((MOD(D26+E26-2*I27,4294967296))/65536),256)/2^4),2)*MOD(INT(MOD(INT((F26)/65536),256)/2^4),2)*16+MOD(INT(MOD(INT((MOD(D26+E26-2*I27,4294967296))/65536),256)/2^5),2)*MOD(INT(MOD(INT((F26)/65536),256)/2^5),2)*32+MOD(INT(MOD(INT((MOD(D26+E26-2*I27,4294967296))/65536),256)/2^6),2)*MOD(INT(MOD(INT((F26)/65536),256)/2^6),2)*64+MOD(INT(MOD(INT((MOD(D26+E26-2*I27,4294967296))/65536),256)/2^7),2)*MOD(INT(MOD(INT((F26)/65536),256)/2^7),2)*128)*65536+(MOD(INT(MOD(INT((MOD(D26+E26-2*I27,4294967296))/16777216),256)/2^0),2)*MOD(INT(MOD(INT((F26)/16777216),256)/2^0),2)*1+MOD(INT(MOD(INT((MOD(D26+E26-2*I27,4294967296))/16777216),256)/2^1),2)*MOD(INT(MOD(INT((F26)/16777216),256)/2^1),2)*2+MOD(INT(MOD(INT((MOD(D26+E26-2*I27,4294967296))/16777216),256)/2^2),2)*MOD(INT(MOD(INT((F26)/16777216),256)/2^2),2)*4+MOD(INT(MOD(INT((MOD(D26+E26-2*I27,4294967296))/16777216),256)/2^3),2)*MOD(INT(MOD(INT((F26)/16777216),256)/2^3),2)*8+MOD(INT(MOD(INT((MOD(D26+E26-2*I27,4294967296))/16777216),256)/2^4),2)*MOD(INT(MOD(INT((F26)/16777216),256)/2^4),2)*16+MOD(INT(MOD(INT((MOD(D26+E26-2*I27,4294967296))/16777216),256)/2^5),2)*MOD(INT(MOD(INT((F26)/16777216),256)/2^5),2)*32+MOD(INT(MOD(INT((MOD(D26+E26-2*I27,4294967296))/16777216),256)/2^6),2)*MOD(INT(MOD(INT((F26)/16777216),256)/2^6),2)*64+MOD(INT(MOD(INT((MOD(D26+E26-2*I27,4294967296))/16777216),256)/2^7),2)*MOD(INT(MOD(INT((F26)/16777216),256)/2^7),2)*128)*16777216) -> 604643332 | K27: =0 -> 0 | L27: =MOD(MOD(D26+E26-2*I27,4294967296)+F26-2*J27,4294967296) -> 3680591464 | P27: =MOD(MOD(D26,2^2)*2^30+INT(D26/2^2),4294967296) -> 852655651
B28: 23 | C28: =MOD(H28+L28+G27+1859775393+BF222,4294967296) -> 2757324402 | D28: =C27 -> 646392991 | E28: =P28 -> 2128947921 | F28: =E27 -> 852655651 | G28: =F27 -> 4116895968 | H28: =MOD(MOD(C27,2^27)*2^5+INT(C27/2^27),4294967296) -> 3504706532 | I28: =((MOD(INT(MOD(INT((D27)/1),256)/2^0),2)*MOD(INT(MOD(INT((E27)/1),256)/2^0),2)*1+MOD(INT(MOD(INT((D27)/1),256)/2^1),2)*MOD(INT(MOD(INT((E27)/1),256)/2^1),2)*2+MOD(INT(MOD(INT((D27)/1),256)/2^2),2)*MOD(INT(MOD(INT((E27)/1),256)/2^2),2)*4+MOD(INT(MOD(INT((D27)/1),256)/2^3),2)*MOD(INT(MOD(INT((E27)/1),256)/2^3),2)*8+MOD(INT(MOD(INT((D27)/1),256)/2^4),2)*MOD(INT(MOD(INT((E27)/1),256)/2^4),2)*16+MOD(INT(MOD(INT((D27)/1),256)/2^5),2)*MOD(INT(MOD(INT((E27)/1),256)/2^5),2)*32+MOD(INT(MOD(INT((D27)/1),256)/2^6),2)*MOD(INT(MOD(INT((E27)/1),256)/2^6),2)*64+MOD(INT(MOD(INT((D27)/1),256)/2^7),2)*MOD(INT(MOD(INT((E27)/1),256)/2^7),2)*128)*1+(MOD(INT(MOD(INT((D27)/256),256)/2^0),2)*MOD(INT(MOD(INT((E27)/256),256)/2^0),2)*1+MOD(INT(MOD(INT((D27)/256),256)/2^1),2)*MOD(INT(MOD(INT((E27)/256),256)/2^1),2)*2+MOD(INT(MOD(INT((D27)/256),256)/2^2),2)*MOD(INT(MOD(INT((E27)/256),256)/2^2),2)*4+MOD(INT(MOD(INT((D27)/256),256)/2^3),2)*MOD(INT(MOD(INT((E27)/256),256)/2^3),2)*8+MOD(INT(MOD(INT((D27)/256),256)/2^4),2)*MOD(INT(MOD(INT((E27)/256),256)/2^4),2)*16+MOD(INT(MOD(INT((D27)/256),256)/2^5),2)*MOD(INT(MOD(INT((E27)/256),256)/2^5),2)*32+MOD(INT(MOD(INT((D27)/256),256)/2^6),2)*MOD(INT(MOD(INT((E27)/256),256)/2^6),2)*64+MOD(INT(MOD(INT((D27)/256),256)/2^7),2)*MOD(INT(MOD(INT((E27)/256),256)/2^7),2)*128)*256+(MOD(INT(MOD(INT((D27)/65536),256)/2^0),2)*MOD(INT(MOD(INT((E27)/65536),256)/2^0),2)*1+MOD(INT(MOD(INT((D27)/65536),256)/2^1),2)*MOD(INT(MOD(INT((E27)/65536),256)/2^1),2)*2+MOD(INT(MOD(INT((D27)/65536),256)/2^2),2)*MOD(INT(MOD(INT((E27)/65536),256)/2^2),2)*4+MOD(INT(MOD(INT((D27)/65536),256)/2^3),2)*MOD(INT(MOD(INT((E27)/65536),256)/2^3),2)*8+MOD(INT(MOD(INT((D27)/65536),256)/2^4),2)*MOD(INT(MOD(INT((E27)/65536),256)/2^4),2)*16+MOD(INT(MOD(INT((D27)/65536),256)/2^5),2)*MOD(INT(MOD(INT((E27)/65536),256)/2^5),2)*32+MOD(INT(MOD(INT((D27)/65536),256)/2^6),2)*MOD(INT(MOD(INT((E27)/65536),256)/2^6),2)*64+MOD(INT(MOD(INT((D27)/65536),256)/2^7),2)*MOD(INT(MOD(INT((E27)/65536),256)/2^7),2)*128)*65536+(MOD(INT(MOD(INT((D27)/16777216),256)/2^0),2)*MOD(INT(MOD(INT((E27)/16777216),256)/2^0),2)*1+MOD(INT(MOD(INT((D27)/16777216),256)/2^1),2)*MOD(INT(MOD(INT((E27)/16777216),256)/2^1),2)*2+MOD(INT(MOD(INT((D27)/16777216),256)/2^2),2)*MOD(INT(MOD(INT((E27)/16777216),256)/2^2),2)*4+MOD(INT(MOD(INT((D27)/16777216),256)/2^3),2)*MOD(INT(MOD(INT((E27)/16777216),256)/2^3),2)*8+MOD(INT(MOD(INT((D27)/16777216),256)/2^4),2)*MOD(INT(MOD(INT((E27)/16777216),256)/2^4),2)*16+MOD(INT(MOD(INT((D27)/16777216),256)/2^5),2)*MOD(INT(MOD(INT((E27)/16777216),256)/2^5),2)*32+MOD(INT(MOD(INT((D27)/16777216),256)/2^6),2)*MOD(INT(MOD(INT((E27)/16777216),256)/2^6),2)*64+MOD(INT(MOD(INT((D27)/16777216),256)/2^7),2)*MOD(INT(MOD(INT((E27)/16777216),256)/2^7),2)*128)*16777216) -> 848308737 | J28: =((MOD(INT(MOD(INT((MOD(D27+E27-2*I28,4294967296))/1),256)/2^0),2)*MOD(INT(MOD(INT((F27)/1),256)/2^0),2)*1+MOD(INT(MOD(INT((MOD(D27+E27-2*I28,4294967296))/1),256)/2^1),2)*MOD(INT(MOD(INT((F27)/1),256)/2^1),2)*2+MOD(INT(MOD(INT((MOD(D27+E27-2*I28,4294967296))/1),256)/2^2),2)*MOD(INT(MOD(INT((F27)/1),256)/2^2),2)*4+MOD(INT(MOD(INT((MOD(D27+E27-2*I28,4294967296))/1),256)/2^3),2)*MOD(INT(MOD(INT((F27)/1),256)/2^3),2)*8+MOD(INT(MOD(INT((MOD(D27+E27-2*I28,4294967296))/1),256)/2^4),2)*MOD(INT(MOD(INT((F27)/1),256)/2^4),2)*16+MOD(INT(MOD(INT((MOD(D27+E27-2*I28,4294967296))/1),256)/2^5),2)*MOD(INT(MOD(INT((F27)/1),256)/2^5),2)*32+MOD(INT(MOD(INT((MOD(D27+E27-2*I28,4294967296))/1),256)/2^6),2)*MOD(INT(MOD(INT((F27)/1),256)/2^6),2)*64+MOD(INT(MOD(INT((MOD(D27+E27-2*I28,4294967296))/1),256)/2^7),2)*MOD(INT(MOD(INT((F27)/1),256)/2^7),2)*128)*1+(MOD(INT(MOD(INT((MOD(D27+E27-2*I28,4294967296))/256),256)/2^0),2)*MOD(INT(MOD(INT((F27)/256),256)/2^0),2)*1+MOD(INT(MOD(INT((MOD(D27+E27-2*I28,4294967296))/256),256)/2^1),2)*MOD(INT(MOD(INT((F27)/256),256)/2^1),2)*2+MOD(INT(MOD(INT((MOD(D27+E27-2*I28,4294967296))/256),256)/2^2),2)*MOD(INT(MOD(INT((F27)/256),256)/2^2),2)*4+MOD(INT(MOD(INT((MOD(D27+E27-2*I28,4294967296))/256),256)/2^3),2)*MOD(INT(MOD(INT((F27)/256),256)/2^3),2)*8+MOD(INT(MOD(INT((MOD(D27+E27-2*I28,4294967296))/256),256)/2^4),2)*MOD(INT(MOD(INT((F27)/256),256)/2^4),2)*16+MOD(INT(MOD(INT((MOD(D27+E27-2*I28,4294967296))/256),256)/2^5),2)*MOD(INT(MOD(INT((F27)/256),256)/2^5),2)*32+MOD(INT(MOD(INT((MOD(D27+E27-2*I28,4294967296))/256),256)/2^6),2)*MOD(INT(MOD(INT((F27)/256),256)/2^6),2)*64+MOD(INT(MOD(INT((MOD(D27+E27-2*I28,4294967296))/256),256)/2^7),2)*MOD(INT(MOD(INT((F27)/256),256)/2^7),2)*128)*256+(MOD(INT(MOD(INT((MOD(D27+E27-2*I28,4294967296))/65536),256)/2^0),2)*MOD(INT(MOD(INT((F27)/65536),256)/2^0),2)*1+MOD(INT(MOD(INT((MOD(D27+E27-2*I28,4294967296))/65536),256)/2^1),2)*MOD(INT(MOD(INT((F27)/65536),256)/2^1),2)*2+MOD(INT(MOD(INT((MOD(D27+E27-2*I28,4294967296))/65536),256)/2^2),2)*MOD(INT(MOD(INT((F27)/65536),256)/2^2),2)*4+MOD(INT(MOD(INT((MOD(D27+E27-2*I28,4294967296))/65536),256)/2^3),2)*MOD(INT(MOD(INT((F27)/65536),256)/2^3),2)*8+MOD(INT(MOD(INT((MOD(D27+E27-2*I28,4294967296))/65536),256)/2^4),2)*MOD(INT(MOD(INT((F27)/65536),256)/2^4),2)*16+MOD(INT(MOD(INT((MOD(D27+E27-2*I28,4294967296))/65536),256)/2^5),2)*MOD(INT(MOD(INT((F27)/65536),256)/2^5),2)*32+MOD(INT(MOD(INT((MOD(D27+E27-2*I28,4294967296))/65536),256)/2^6),2)*MOD(INT(MOD(INT((F27)/65536),256)/2^6),2)*64+MOD(INT(MOD(INT((MOD(D27+E27-2*I28,4294967296))/65536),256)/2^7),2)*MOD(INT(MOD(INT((F27)/65536),256)/2^7),2)*128)*65536+(MOD(INT(MOD(INT((MOD(D27+E27-2*I28,4294967296))/16777216),256)/2^0),2)*MOD(INT(MOD(INT((F27)/16777216),256)/2^0),2)*1+MOD(INT(MOD(INT((MOD(D27+E27-2*I28,4294967296))/16777216),256)/2^1),2)*MOD(INT(MOD(INT((F27)/16777216),256)/2^1),2)*2+MOD(INT(MOD(INT((MOD(D27+E27-2*I28,4294967296))/16777216),256)/2^2),2)*MOD(INT(MOD(INT((F27)/16777216),256)/2^2),2)*4+MOD(INT(MOD(INT((MOD(D27+E27-2*I28,4294967296))/16777216),256)/2^3),2)*MOD(INT(MOD(INT((F27)/16777216),256)/2^3),2)*8+MOD(INT(MOD(INT((MOD(D27+E27-2*I28,4294967296))/16777216),256)/2^4),2)*MOD(INT(MOD(INT((F27)/16777216),256)/2^4),2)*16+MOD(INT(MOD(INT((MOD(D27+E27-2*I28,4294967296))/16777216),256)/2^5),2)*MOD(INT(MOD(INT((F27)/16777216),256)/2^5),2)*32+MOD(INT(MOD(INT((MOD(D27+E27-2*I28,4294967296))/16777216),256)/2^6),2)*MOD(INT(MOD(INT((F27)/16777216),256)/2^6),2)*64+MOD(INT(MOD(INT((MOD(D27+E27-2*I28,4294967296))/16777216),256)/2^7),2)*MOD(INT(MOD(INT((F27)/16777216),256)/2^7),2)*128)*16777216) -> 3242381408 | K28: =0 -> 0 | L28: =MOD(MOD(D27+E27-2*I28,4294967296)+F27-2*J28,4294967296) -> 1008995718 | P28: =MOD(MOD(D27,2^2)*2^30+INT(D27/2^2),4294967296) -> 2128947921
B29: 24 | C29: =MOD(H29+L29+G28+1859775393+BF223,4294967296) -> 3592096661 | D29: =C28 -> 2757324402 | E29: =P29 -> 3382823719 | F29: =E28 -> 2128947921 | G29: =F28 -> 852655651 | H29: =MOD(MOD(C28,2^27)*2^5+INT(C28/2^27),4294967296) -> 2335034964 | I29: =((MOD(INT(MOD(INT((D28)/1),256)/2^0),2)*MOD(INT(MOD(INT((E28)/1),256)/2^0),2)*1+MOD(INT(MOD(INT((D28)/1),256)/2^1),2)*MOD(INT(MOD(INT((E28)/1),256)/2^1),2)*2+MOD(INT(MOD(INT((D28)/1),256)/2^2),2)*MOD(INT(MOD(INT((E28)/1),256)/2^2),2)*4+MOD(INT(MOD(INT((D28)/1),256)/2^3),2)*MOD(INT(MOD(INT((E28)/1),256)/2^3),2)*8+MOD(INT(MOD(INT((D28)/1),256)/2^4),2)*MOD(INT(MOD(INT((E28)/1),256)/2^4),2)*16+MOD(INT(MOD(INT((D28)/1),256)/2^5),2)*MOD(INT(MOD(INT((E28)/1),256)/2^5),2)*32+MOD(INT(MOD(INT((D28)/1),256)/2^6),2)*MOD(INT(MOD(INT((E28)/1),256)/2^6),2)*64+MOD(INT(MOD(INT((D28)/1),256)/2^7),2)*MOD(INT(MOD(INT((E28)/1),256)/2^7),2)*128)*1+(MOD(INT(MOD(INT((D28)/256),256)/2^0),2)*MOD(INT(MOD(INT((E28)/256),256)/2^0),2)*1+MOD(INT(MOD(INT((D28)/256),256)/2^1),2)*MOD(INT(MOD(INT((E28)/256),256)/2^1),2)*2+MOD(INT(MOD(INT((D28)/256),256)/2^2),2)*MOD(INT(MOD(INT((E28)/256),256)/2^2),2)*4+MOD(INT(MOD(INT((D28)/256),256)/2^3),2)*MOD(INT(MOD(INT((E28)/256),256)/2^3),2)*8+MOD(INT(MOD(INT((D28)/256),256)/2^4),2)*MOD(INT(MOD(INT((E28)/256),256)/2^4),2)*16+MOD(INT(MOD(INT((D28)/256),256)/2^5),2)*MOD(INT(MOD(INT((E28)/256),256)/2^5),2)*32+MOD(INT(MOD(INT((D28)/256),256)/2^6),2)*MOD(INT(MOD(INT((E28)/256),256)/2^6),2)*64+MOD(INT(MOD(INT((D28)/256),256)/2^7),2)*MOD(INT(MOD(INT((E28)/256),256)/2^7),2)*128)*256+(MOD(INT(MOD(INT((D28)/65536),256)/2^0),2)*MOD(INT(MOD(INT((E28)/65536),256)/2^0),2)*1+MOD(INT(MOD(INT((D28)/65536),256)/2^1),2)*MOD(INT(MOD(INT((E28)/65536),256)/2^1),2)*2+MOD(INT(MOD(INT((D28)/65536),256)/2^2),2)*MOD(INT(MOD(INT((E28)/65536),256)/2^2),2)*4+MOD(INT(MOD(INT((D28)/65536),256)/2^3),2)*MOD(INT(MOD(INT((E28)/65536),256)/2^3),2)*8+MOD(INT(MOD(INT((D28)/65536),256)/2^4),2)*MOD(INT(MOD(INT((E28)/65536),256)/2^4),2)*16+MOD(INT(MOD(INT((D28)/65536),256)/2^5),2)*MOD(INT(MOD(INT((E28)/65536),256)/2^5),2)*32+MOD(INT(MOD(INT((D28)/65536),256)/2^6),2)*MOD(INT(MOD(INT((E28)/65536),256)/2^6),2)*64+MOD(INT(MOD(INT((D28)/65536),256)/2^7),2)*MOD(INT(MOD(INT((E28)/65536),256)/2^7),2)*128)*65536+(MOD(INT(MOD(INT((D28)/16777216),256)/2^0),2)*MOD(INT(MOD(INT((E28)/16777216),256)/2^0),2)*1+MOD(INT(MOD(INT((D28)/16777216),256)/2^1),2)*MOD(INT(MOD(INT((E28)/16777216),256)/2^1),2)*2+MOD(INT(MOD(INT((D28)/16777216),256)/2^2),2)*MOD(INT(MOD(INT((E28)/16777216),256)/2^2),2)*4+MOD(INT(MOD(INT((D28)/16777216),256)/2^3),2)*MOD(INT(MOD(INT((E28)/16777216),256)/2^3),2)*8+MOD(INT(MOD(INT((D28)/16777216),256)/2^4),2)*MOD(INT(MOD(INT((E28)/16777216),256)/2^4),2)*16+MOD(INT(MOD(INT((D28)/16777216),256)/2^5),2)*MOD(INT(MOD(INT((E28)/16777216),256)/2^5),2)*32+MOD(INT(MOD(INT((D28)/16777216),256)/2^6),2)*MOD(INT(MOD(INT((E28)/16777216),256)/2^6),2)*64+MOD(INT(MOD(INT((D28)/16777216),256)/2^7),2)*MOD(INT(MOD(INT((E28)/16777216),256)/2^7),2)*128)*16777216) -> 646260881 | J29: =((MOD(INT(MOD(INT((MOD(D28+E28-2*I29,4294967296))/1),256)/2^0),2)*MOD(INT(MOD(INT((F28)/1),256)/2^0),2)*1+MOD(INT(MOD(INT((MOD(D28+E28-2*I29,4294967296))/1),256)/2^1),2)*MOD(INT(MOD(INT((F28)/1),256)/2^1),2)*2+MOD(INT(MOD(INT((MOD(D28+E28-2*I29,4294967296))/1),256)/2^2),2)*MOD(INT(MOD(INT((F28)/1),256)/2^2),2)*4+MOD(INT(MOD(INT((MOD(D28+E28-2*I29,4294967296))/1),256)/2^3),2)*MOD(INT(MOD(INT((F28)/1),256)/2^3),2)*8+MOD(INT(MOD(INT((MOD(D28+E28-2*I29,4294967296))/1),256)/2^4),2)*MOD(INT(MOD(INT((F28)/1),256)/2^4),2)*16+MOD(INT(MOD(INT((MOD(D28+E28-2*I29,4294967296))/1),256)/2^5),2)*MOD(INT(MOD(INT((F28)/1),256)/2^5),2)*32+MOD(INT(MOD(INT((MOD(D28+E28-2*I29,4294967296))/1),256)/2^6),2)*MOD(INT(MOD(INT((F28)/1),256)/2^6),2)*64+MOD(INT(MOD(INT((MOD(D28+E28-2*I29,4294967296))/1),256)/2^7),2)*MOD(INT(MOD(INT((F28)/1),256)/2^7),2)*128)*1+(MOD(INT(MOD(INT((MOD(D28+E28-2*I29,4294967296))/256),256)/2^0),2)*MOD(INT(MOD(INT((F28)/256),256)/2^0),2)*1+MOD(INT(MOD(INT((MOD(D28+E28-2*I29,4294967296))/256),256)/2^1),2)*MOD(INT(MOD(INT((F28)/256),256)/2^1),2)*2+MOD(INT(MOD(INT((MOD(D28+E28-2*I29,4294967296))/256),256)/2^2),2)*MOD(INT(MOD(INT((F28)/256),256)/2^2),2)*4+MOD(INT(MOD(INT((MOD(D28+E28-2*I29,4294967296))/256),256)/2^3),2)*MOD(INT(MOD(INT((F28)/256),256)/2^3),2)*8+MOD(INT(MOD(INT((MOD(D28+E28-2*I29,4294967296))/256),256)/2^4),2)*MOD(INT(MOD(INT((F28)/256),256)/2^4),2)*16+MOD(INT(MOD(INT((MOD(D28+E28-2*I29,4294967296))/256),256)/2^5),2)*MOD(INT(MOD(INT((F28)/256),256)/2^5),2)*32+MOD(INT(MOD(INT((MOD(D28+E28-2*I29,4294967296))/256),256)/2^6),2)*MOD(INT(MOD(INT((F28)/256),256)/2^6),2)*64+MOD(INT(MOD(INT((MOD(D28+E28-2*I29,4294967296))/256),256)/2^7),2)*MOD(INT(MOD(INT((F28)/256),256)/2^7),2)*128)*256+(MOD(INT(MOD(INT((MOD(D28+E28-2*I29,4294967296))/65536),256)/2^0),2)*MOD(INT(MOD(INT((F28)/65536),256)/2^0),2)*1+MOD(INT(MOD(INT((MOD(D28+E28-2*I29,4294967296))/65536),256)/2^1),2)*MOD(INT(MOD(INT((F28)/65536),256)/2^1),2)*2+MOD(INT(MOD(INT((MOD(D28+E28-2*I29,4294967296))/65536),256)/2^2),2)*MOD(INT(MOD(INT((F28)/65536),256)/2^2),2)*4+MOD(INT(MOD(INT((MOD(D28+E28-2*I29,4294967296))/65536),256)/2^3),2)*MOD(INT(MOD(INT((F28)/65536),256)/2^3),2)*8+MOD(INT(MOD(INT((MOD(D28+E28-2*I29,4294967296))/65536),256)/2^4),2)*MOD(INT(MOD(INT((F28)/65536),256)/2^4),2)*16+MOD(INT(MOD(INT((MOD(D28+E28-2*I29,4294967296))/65536),256)/2^5),2)*MOD(INT(MOD(INT((F28)/65536),256)/2^5),2)*32+MOD(INT(MOD(INT((MOD(D28+E28-2*I29,4294967296))/65536),256)/2^6),2)*MOD(INT(MOD(INT((F28)/65536),256)/2^6),2)*64+MOD(INT(MOD(INT((MOD(D28+E28-2*I29,4294967296))/65536),256)/2^7),2)*MOD(INT(MOD(INT((F28)/65536),256)/2^7),2)*128)*65536+(MOD(INT(MOD(INT((MOD(D28+E28-2*I29,4294967296))/16777216),256)/2^0),2)*MOD(INT(MOD(INT((F28)/16777216),256)/2^0),2)*1+MOD(INT(MOD(INT((MOD(D28+E28-2*I29,4294967296))/16777216),256)/2^1),2)*MOD(INT(MOD(INT((F28)/16777216),256)/2^1),2)*2+MOD(INT(MOD(INT((MOD(D28+E28-2*I29,4294967296))/16777216),256)/2^2),2)*MOD(INT(MOD(INT((F28)/16777216),256)/2^2),2)*4+MOD(INT(MOD(INT((MOD(D28+E28-2*I29,4294967296))/16777216),256)/2^3),2)*MOD(INT(MOD(INT((F28)/16777216),256)/2^3),2)*8+MOD(INT(MOD(INT((MOD(D28+E28-2*I29,4294967296))/16777216),256)/2^4),2)*MOD(INT(MOD(INT((F28)/16777216),256)/2^4),2)*16+MOD(INT(MOD(INT((MOD(D28+E28-2*I29,4294967296))/16777216),256)/2^5),2)*MOD(INT(MOD(INT((F28)/16777216),256)/2^5),2)*32+MOD(INT(MOD(INT((MOD(D28+E28-2*I29,4294967296))/16777216),256)/2^6),2)*MOD(INT(MOD(INT((F28)/16777216),256)/2^6),2)*64+MOD(INT(MOD(INT((MOD(D28+E28-2*I29,4294967296))/16777216),256)/2^7),2)*MOD(INT(MOD(INT((F28)/16777216),256)/2^7),2)*128)*16777216) -> 272762370 | K29: =0 -> 0 | L29: =MOD(MOD(D28+E28-2*I29,4294967296)+F28-2*J29,4294967296) -> 1789950061 | P29: =MOD(MOD(D28,2^2)*2^30+INT(D28/2^2),4294967296) -> 3382823719
B30: 25 | C30: =MOD(H30+L30+G29+1859775393+BF224,4294967296) -> 432086259 | D30: =C29 -> 3592096661 | E30: =P30 -> 2836814748 | F30: =E29 -> 3382823719 | G30: =F29 -> 2128947921 | H30: =MOD(MOD(C29,2^27)*2^5+INT(C29/2^27),4294967296) -> 3277943482 | I30: =((MOD(INT(MOD(INT((D29)/1),256)/2^0),2)*MOD(INT(MOD(INT((E29)/1),256)/2^0),2)*1+MOD(INT(MOD(INT((D29)/1),256)/2^1),2)*MOD(INT(MOD(INT((E29)/1),256)/2^1),2)*2+MOD(INT(MOD(INT((D29)/1),256)/2^2),2)*MOD(INT(MOD(INT((E29)/1),256)/2^2),2)*4+MOD(INT(MOD(INT((D29)/1),256)/2^3),2)*MOD(INT(MOD(INT((E29)/1),256)/2^3),2)*8+MOD(INT(MOD(INT((D29)/1),256)/2^4),2)*MOD(INT(MOD(INT((E29)/1),256)/2^4),2)*16+MOD(INT(MOD(INT((D29)/1),256)/2^5),2)*MOD(INT(MOD(INT((E29)/1),256)/2^5),2)*32+MOD(INT(MOD(INT((D29)/1),256)/2^6),2)*MOD(INT(MOD(INT((E29)/1),256)/2^6),2)*64+MOD(INT(MOD(INT((D29)/1),256)/2^7),2)*MOD(INT(MOD(INT((E29)/1),256)/2^7),2)*128)*1+(MOD(INT(MOD(INT((D29)/256),256)/2^0),2)*MOD(INT(MOD(INT((E29)/256),256)/2^0),2)*1+MOD(INT(MOD(INT((D29)/256),256)/2^1),2)*MOD(INT(MOD(INT((E29)/256),256)/2^1),2)*2+MOD(INT(MOD(INT((D29)/256),256)/2^2),2)*MOD(INT(MOD(INT((E29)/256),256)/2^2),2)*4+MOD(INT(MOD(INT((D29)/256),256)/2^3),2)*MOD(INT(MOD(INT((E29)/256),256)/2^3),2)*8+MOD(INT(MOD(INT((D29)/256),256)/2^4),2)*MOD(INT(MOD(INT((E29)/256),256)/2^4),2)*16+MOD(INT(MOD(INT((D29)/256),256)/2^5),2)*MOD(INT(MOD(INT((E29)/256),256)/2^5),2)*32+MOD(INT(MOD(INT((D29)/256),256)/2^6),2)*MOD(INT(MOD(INT((E29)/256),256)/2^6),2)*64+MOD(INT(MOD(INT((D29)/256),256)/2^7),2)*MOD(INT(MOD(INT((E29)/256),256)/2^7),2)*128)*256+(MOD(INT(MOD(INT((D29)/65536),256)/2^0),2)*MOD(INT(MOD(INT((E29)/65536),256)/2^0),2)*1+MOD(INT(MOD(INT((D29)/65536),256)/2^1),2)*MOD(INT(MOD(INT((E29)/65536),256)/2^1),2)*2+MOD(INT(MOD(INT((D29)/65536),256)/2^2),2)*MOD(INT(MOD(INT((E29)/65536),256)/2^2),2)*4+MOD(INT(MOD(INT((D29)/65536),256)/2^3),2)*MOD(INT(MOD(INT((E29)/65536),256)/2^3),2)*8+MOD(INT(MOD(INT((D29)/65536),256)/2^4),2)*MOD(INT(MOD(INT((E29)/65536),256)/2^4),2)*16+MOD(INT(MOD(INT((D29)/65536),256)/2^5),2)*MOD(INT(MOD(INT((E29)/65536),256)/2^5),2)*32+MOD(INT(MOD(INT((D29)/65536),256)/2^6),2)*MOD(INT(MOD(INT((E29)/65536),256)/2^6),2)*64+MOD(INT(MOD(INT((D29)/65536),256)/2^7),2)*MOD(INT(MOD(INT((E29)/65536),256)/2^7),2)*128)*65536+(MOD(INT(MOD(INT((D29)/16777216),256)/2^0),2)*MOD(INT(MOD(INT((E29)/16777216),256)/2^0),2)*1+MOD(INT(MOD(INT((D29)/16777216),256)/2^1),2)*MOD(INT(MOD(INT((E29)/16777216),256)/2^1),2)*2+MOD(INT(MOD(INT((D29)/16777216),256)/2^2),2)*MOD(INT(MOD(INT((E29)/16777216),256)/2^2),2)*4+MOD(INT(MOD(INT((D29)/16777216),256)/2^3),2)*MOD(INT(MOD(INT((E29)/16777216),256)/2^3),2)*8+MOD(INT(MOD(INT((D29)/16777216),256)/2^4),2)*MOD(INT(MOD(INT((E29)/16777216),256)/2^4),2)*16+MOD(INT(MOD(INT((D29)/16777216),256)/2^5),2)*MOD(INT(MOD(INT((E29)/16777216),256)/2^5),2)*32+MOD(INT(MOD(INT((D29)/16777216),256)/2^6),2)*MOD(INT(MOD(INT((E29)/16777216),256)/2^6),2)*64+MOD(INT(MOD(INT((D29)/16777216),256)/2^7),2)*MOD(INT(MOD(INT((E29)/16777216),256)/2^7),2)*128)*16777216) -> 2147568162 | J30: =((MOD(INT(MOD(INT((MOD(D29+E29-2*I30,4294967296))/1),256)/2^0),2)*MOD(INT(MOD(INT((F29)/1),256)/2^0),2)*1+MOD(INT(MOD(INT((MOD(D29+E29-2*I30,4294967296))/1),256)/2^1),2)*MOD(INT(MOD(INT((F29)/1),256)/2^1),2)*2+MOD(INT(MOD(INT((MOD(D29+E29-2*I30,4294967296))/1),256)/2^2),2)*MOD(INT(MOD(INT((F29)/1),256)/2^2),2)*4+MOD(INT(MOD(INT((MOD(D29+E29-2*I30,4294967296))/1),256)/2^3),2)*MOD(INT(MOD(INT((F29)/1),256)/2^3),2)*8+MOD(INT(MOD(INT((MOD(D29+E29-2*I30,4294967296))/1),256)/2^4),2)*MOD(INT(MOD(INT((F29)/1),256)/2^4),2)*16+MOD(INT(MOD(INT((MOD(D29+E29-2*I30,4294967296))/1),256)/2^5),2)*MOD(INT(MOD(INT((F29)/1),256)/2^5),2)*32+MOD(INT(MOD(INT((MOD(D29+E29-2*I30,4294967296))/1),256)/2^6),2)*MOD(INT(MOD(INT((F29)/1),256)/2^6),2)*64+MOD(INT(MOD(INT((MOD(D29+E29-2*I30,4294967296))/1),256)/2^7),2)*MOD(INT(MOD(INT((F29)/1),256)/2^7),2)*128)*1+(MOD(INT(MOD(INT((MOD(D29+E29-2*I30,4294967296))/256),256)/2^0),2)*MOD(INT(MOD(INT((F29)/256),256)/2^0),2)*1+MOD(INT(MOD(INT((MOD(D29+E29-2*I30,4294967296))/256),256)/2^1),2)*MOD(INT(MOD(INT((F29)/256),256)/2^1),2)*2+MOD(INT(MOD(INT((MOD(D29+E29-2*I30,4294967296))/256),256)/2^2),2)*MOD(INT(MOD(INT((F29)/256),256)/2^2),2)*4+MOD(INT(MOD(INT((MOD(D29+E29-2*I30,4294967296))/256),256)/2^3),2)*MOD(INT(MOD(INT((F29)/256),256)/2^3),2)*8+MOD(INT(MOD(INT((MOD(D29+E29-2*I30,4294967296))/256),256)/2^4),2)*MOD(INT(MOD(INT((F29)/256),256)/2^4),2)*16+MOD(INT(MOD(INT((MOD(D29+E29-2*I30,4294967296))/256),256)/2^5),2)*MOD(INT(MOD(INT((F29)/256),256)/2^5),2)*32+MOD(INT(MOD(INT((MOD(D29+E29-2*I30,4294967296))/256),256)/2^6),2)*MOD(INT(MOD(INT((F29)/256),256)/2^6),2)*64+MOD(INT(MOD(INT((MOD(D29+E29-2*I30,4294967296))/256),256)/2^7),2)*MOD(INT(MOD(INT((F29)/256),256)/2^7),2)*128)*256+(MOD(INT(MOD(INT((MOD(D29+E29-2*I30,4294967296))/65536),256)/2^0),2)*MOD(INT(MOD(INT((F29)/65536),256)/2^0),2)*1+MOD(INT(MOD(INT((MOD(D29+E29-2*I30,4294967296))/65536),256)/2^1),2)*MOD(INT(MOD(INT((F29)/65536),256)/2^1),2)*2+MOD(INT(MOD(INT((MOD(D29+E29-2*I30,4294967296))/65536),256)/2^2),2)*MOD(INT(MOD(INT((F29)/65536),256)/2^2),2)*4+MOD(INT(MOD(INT((MOD(D29+E29-2*I30,4294967296))/65536),256)/2^3),2)*MOD(INT(MOD(INT((F29)/65536),256)/2^3),2)*8+MOD(INT(MOD(INT((MOD(D29+E29-2*I30,4294967296))/65536),256)/2^4),2)*MOD(INT(MOD(INT((F29)/65536),256)/2^4),2)*16+MOD(INT(MOD(INT((MOD(D29+E29-2*I30,4294967296))/65536),256)/2^5),2)*MOD(INT(MOD(INT((F29)/65536),256)/2^5),2)*32+MOD(INT(MOD(INT((MOD(D29+E29-2*I30,4294967296))/65536),256)/2^6),2)*MOD(INT(MOD(INT((F29)/65536),256)/2^6),2)*64+MOD(INT(MOD(INT((MOD(D29+E29-2*I30,4294967296))/65536),256)/2^7),2)*MOD(INT(MOD(INT((F29)/65536),256)/2^7),2)*128)*65536+(MOD(INT(MOD(INT((MOD(D29+E29-2*I30,4294967296))/16777216),256)/2^0),2)*MOD(INT(MOD(INT((F29)/16777216),256)/2^0),2)*1+MOD(INT(MOD(INT((MOD(D29+E29-2*I30,4294967296))/16777216),256)/2^1),2)*MOD(INT(MOD(INT((F29)/16777216),256)/2^1),2)*2+MOD(INT(MOD(INT((MOD(D29+E29-2*I30,4294967296))/16777216),256)/2^2),2)*MOD(INT(MOD(INT((F29)/16777216),256)/2^2),2)*4+MOD(INT(MOD(INT((MOD(D29+E29-2*I30,4294967296))/16777216),256)/2^3),2)*MOD(INT(MOD(INT((F29)/16777216),256)/2^3),2)*8+MOD(INT(MOD(INT((MOD(D29+E29-2*I30,4294967296))/16777216),256)/2^4),2)*MOD(INT(MOD(INT((F29)/16777216),256)/2^4),2)*16+MOD(INT(MOD(INT((MOD(D29+E29-2*I30,4294967296))/16777216),256)/2^5),2)*MOD(INT(MOD(INT((F29)/16777216),256)/2^5),2)*32+MOD(INT(MOD(INT((MOD(D29+E29-2*I30,4294967296))/16777216),256)/2^6),2)*MOD(INT(MOD(INT((F29)/16777216),256)/2^6),2)*64+MOD(INT(MOD(INT((MOD(D29+E29-2*I30,4294967296))/16777216),256)/2^7),2)*MOD(INT(MOD(INT((F29)/16777216),256)/2^7),2)*128)*16777216) -> 1826627665 | K30: =0 -> 0 | L30: =MOD(MOD(D29+E29-2*I30,4294967296)+F29-2*J30,4294967296) -> 320704388 | P30: =MOD(MOD(D29,2^2)*2^30+INT(D29/2^2),4294967296) -> 2836814748
B31: 26 | C31: =MOD(H31+L31+G30+1859775393+BF225,4294967296) -> 350623434 | D31: =C30 -> 432086259 | E31: =P31 -> 1971765989 | F31: =E30 -> 2836814748 | G31: =F30 -> 3382823719 | H31: =MOD(MOD(C30,2^27)*2^5+INT(C30/2^27),4294967296) -> 941858403 | I31: =((MOD(INT(MOD(INT((D30)/1),256)/2^0),2)*MOD(INT(MOD(INT((E30)/1),256)/2^0),2)*1+MOD(INT(MOD(INT((D30)/1),256)/2^1),2)*MOD(INT(MOD(INT((E30)/1),256)/2^1),2)*2+MOD(INT(MOD(INT((D30)/1),256)/2^2),2)*MOD(INT(MOD(INT((E30)/1),256)/2^2),2)*4+MOD(INT(MOD(INT((D30)/1),256)/2^3),2)*MOD(INT(MOD(INT((E30)/1),256)/2^3),2)*8+MOD(INT(MOD(INT((D30)/1),256)/2^4),2)*MOD(INT(MOD(INT((E30)/1),256)/2^4),2)*16+MOD(INT(MOD(INT((D30)/1),256)/2^5),2)*MOD(INT(MOD(INT((E30)/1),256)/2^5),2)*32+MOD(INT(MOD(INT((D30)/1),256)/2^6),2)*MOD(INT(MOD(INT((E30)/1),256)/2^6),2)*64+MOD(INT(MOD(INT((D30)/1),256)/2^7),2)*MOD(INT(MOD(INT((E30)/1),256)/2^7),2)*128)*1+(MOD(INT(MOD(INT((D30)/256),256)/2^0),2)*MOD(INT(MOD(INT((E30)/256),256)/2^0),2)*1+MOD(INT(MOD(INT((D30)/256),256)/2^1),2)*MOD(INT(MOD(INT((E30)/256),256)/2^1),2)*2+MOD(INT(MOD(INT((D30)/256),256)/2^2),2)*MOD(INT(MOD(INT((E30)/256),256)/2^2),2)*4+MOD(INT(MOD(INT((D30)/256),256)/2^3),2)*MOD(INT(MOD(INT((E30)/256),256)/2^3),2)*8+MOD(INT(MOD(INT((D30)/256),256)/2^4),2)*MOD(INT(MOD(INT((E30)/256),256)/2^4),2)*16+MOD(INT(MOD(INT((D30)/256),256)/2^5),2)*MOD(INT(MOD(INT((E30)/256),256)/2^5),2)*32+MOD(INT(MOD(INT((D30)/256),256)/2^6),2)*MOD(INT(MOD(INT((E30)/256),256)/2^6),2)*64+MOD(INT(MOD(INT((D30)/256),256)/2^7),2)*MOD(INT(MOD(INT((E30)/256),256)/2^7),2)*128)*256+(MOD(INT(MOD(INT((D30)/65536),256)/2^0),2)*MOD(INT(MOD(INT((E30)/65536),256)/2^0),2)*1+MOD(INT(MOD(INT((D30)/65536),256)/2^1),2)*MOD(INT(MOD(INT((E30)/65536),256)/2^1),2)*2+MOD(INT(MOD(INT((D30)/65536),256)/2^2),2)*MOD(INT(MOD(INT((E30)/65536),256)/2^2),2)*4+MOD(INT(MOD(INT((D30)/65536),256)/2^3),2)*MOD(INT(MOD(INT((E30)/65536),256)/2^3),2)*8+MOD(INT(MOD(INT((D30)/65536),256)/2^4),2)*MOD(INT(MOD(INT((E30)/65536),256)/2^4),2)*16+MOD(INT(MOD(INT((D30)/65536),256)/2^5),2)*MOD(INT(MOD(INT((E30)/65536),256)/2^5),2)*32+MOD(INT(MOD(INT((D30)/65536),256)/2^6),2)*MOD(INT(MOD(INT((E30)/65536),256)/2^6),2)*64+MOD(INT(MOD(INT((D30)/65536),256)/2^7),2)*MOD(INT(MOD(INT((E30)/65536),256)/2^7),2)*128)*65536+(MOD(INT(MOD(INT((D30)/16777216),256)/2^0),2)*MOD(INT(MOD(INT((E30)/16777216),256)/2^0),2)*1+MOD(INT(MOD(INT((D30)/16777216),256)/2^1),2)*MOD(INT(MOD(INT((E30)/16777216),256)/2^1),2)*2+MOD(INT(MOD(INT((D30)/16777216),256)/2^2),2)*MOD(INT(MOD(INT((E30)/16777216),256)/2^2),2)*4+MOD(INT(MOD(INT((D30)/16777216),256)/2^3),2)*MOD(INT(MOD(INT((E30)/16777216),256)/2^3),2)*8+MOD(INT(MOD(INT((D30)/16777216),256)/2^4),2)*MOD(INT(MOD(INT((E30)/16777216),256)/2^4),2)*16+MOD(INT(MOD(INT((D30)/16777216),256)/2^5),2)*MOD(INT(MOD(INT((E30)/16777216),256)/2^5),2)*32+MOD(INT(MOD(INT((D30)/16777216),256)/2^6),2)*MOD(INT(MOD(INT((E30)/16777216),256)/2^6),2)*64+MOD(INT(MOD(INT((D30)/16777216),256)/2^7),2)*MOD(INT(MOD(INT((E30)/16777216),256)/2^7),2)*128)*16777216) -> 2148666260 | J31: =((MOD(INT(MOD(INT((MOD(D30+E30-2*I31,4294967296))/1),256)/2^0),2)*MOD(INT(MOD(INT((F30)/1),256)/2^0),2)*1+MOD(INT(MOD(INT((MOD(D30+E30-2*I31,4294967296))/1),256)/2^1),2)*MOD(INT(MOD(INT((F30)/1),256)/2^1),2)*2+MOD(INT(MOD(INT((MOD(D30+E30-2*I31,4294967296))/1),256)/2^2),2)*MOD(INT(MOD(INT((F30)/1),256)/2^2),2)*4+MOD(INT(MOD(INT((MOD(D30+E30-2*I31,4294967296))/1),256)/2^3),2)*MOD(INT(MOD(INT((F30)/1),256)/2^3),2)*8+MOD(INT(MOD(INT((MOD(D30+E30-2*I31,4294967296))/1),256)/2^4),2)*MOD(INT(MOD(INT((F30)/1),256)/2^4),2)*16+MOD(INT(MOD(INT((MOD(D30+E30-2*I31,4294967296))/1),256)/2^5),2)*MOD(INT(MOD(INT((F30)/1),256)/2^5),2)*32+MOD(INT(MOD(INT((MOD(D30+E30-2*I31,4294967296))/1),256)/2^6),2)*MOD(INT(MOD(INT((F30)/1),256)/2^6),2)*64+MOD(INT(MOD(INT((MOD(D30+E30-2*I31,4294967296))/1),256)/2^7),2)*MOD(INT(MOD(INT((F30)/1),256)/2^7),2)*128)*1+(MOD(INT(MOD(INT((MOD(D30+E30-2*I31,4294967296))/256),256)/2^0),2)*MOD(INT(MOD(INT((F30)/256),256)/2^0),2)*1+MOD(INT(MOD(INT((MOD(D30+E30-2*I31,4294967296))/256),256)/2^1),2)*MOD(INT(MOD(INT((F30)/256),256)/2^1),2)*2+MOD(INT(MOD(INT((MOD(D30+E30-2*I31,4294967296))/256),256)/2^2),2)*MOD(INT(MOD(INT((F30)/256),256)/2^2),2)*4+MOD(INT(MOD(INT((MOD(D30+E30-2*I31,4294967296))/256),256)/2^3),2)*MOD(INT(MOD(INT((F30)/256),256)/2^3),2)*8+MOD(INT(MOD(INT((MOD(D30+E30-2*I31,4294967296))/256),256)/2^4),2)*MOD(INT(MOD(INT((F30)/256),256)/2^4),2)*16+MOD(INT(MOD(INT((MOD(D30+E30-2*I31,4294967296))/256),256)/2^5),2)*MOD(INT(MOD(INT((F30)/256),256)/2^5),2)*32+MOD(INT(MOD(INT((MOD(D30+E30-2*I31,4294967296))/256),256)/2^6),2)*MOD(INT(MOD(INT((F30)/256),256)/2^6),2)*64+MOD(INT(MOD(INT((MOD(D30+E30-2*I31,4294967296))/256),256)/2^7),2)*MOD(INT(MOD(INT((F30)/256),256)/2^7),2)*128)*256+(MOD(INT(MOD(INT((MOD(D30+E30-2*I31,4294967296))/65536),256)/2^0),2)*MOD(INT(MOD(INT((F30)/65536),256)/2^0),2)*1+MOD(INT(MOD(INT((MOD(D30+E30-2*I31,4294967296))/65536),256)/2^1),2)*MOD(INT(MOD(INT((F30)/65536),256)/2^1),2)*2+MOD(INT(MOD(INT((MOD(D30+E30-2*I31,4294967296))/65536),256)/2^2),2)*MOD(INT(MOD(INT((F30)/65536),256)/2^2),2)*4+MOD(INT(MOD(INT((MOD(D30+E30-2*I31,4294967296))/65536),256)/2^3),2)*MOD(INT(MOD(INT((F30)/65536),256)/2^3),2)*8+MOD(INT(MOD(INT((MOD(D30+E30-2*I31,4294967296))/65536),256)/2^4),2)*MOD(INT(MOD(INT((F30)/65536),256)/2^4),2)*16+MOD(INT(MOD(INT((MOD(D30+E30-2*I31,4294967296))/65536),256)/2^5),2)*MOD(INT(MOD(INT((F30)/65536),256)/2^5),2)*32+MOD(INT(MOD(INT((MOD(D30+E30-2*I31,4294967296))/65536),256)/2^6),2)*MOD(INT(MOD(INT((F30)/65536),256)/2^6),2)*64+MOD(INT(MOD(INT((MOD(D30+E30-2*I31,4294967296))/65536),256)/2^7),2)*MOD(INT(MOD(INT((F30)/65536),256)/2^7),2)*128)*65536+(MOD(INT(MOD(INT((MOD(D30+E30-2*I31,4294967296))/16777216),256)/2^0),2)*MOD(INT(MOD(INT((F30)/16777216),256)/2^0),2)*1+MOD(INT(MOD(INT((MOD(D30+E30-2*I31,4294967296))/16777216),256)/2^1),2)*MOD(INT(MOD(INT((F30)/16777216),256)/2^1),2)*2+MOD(INT(MOD(INT((MOD(D30+E30-2*I31,4294967296))/16777216),256)/2^2),2)*MOD(INT(MOD(INT((F30)/16777216),256)/2^2),2)*4+MOD(INT(MOD(INT((MOD(D30+E30-2*I31,4294967296))/16777216),256)/2^3),2)*MOD(INT(MOD(INT((F30)/16777216),256)/2^3),2)*8+MOD(INT(MOD(INT((MOD(D30+E30-2*I31,4294967296))/16777216),256)/2^4),2)*MOD(INT(MOD(INT((F30)/16777216),256)/2^4),2)*16+MOD(INT(MOD(INT((MOD(D30+E30-2*I31,4294967296))/16777216),256)/2^5),2)*MOD(INT(MOD(INT((F30)/16777216),256)/2^5),2)*32+MOD(INT(MOD(INT((MOD(D30+E30-2*I31,4294967296))/16777216),256)/2^6),2)*MOD(INT(MOD(INT((F30)/16777216),256)/2^6),2)*64+MOD(INT(MOD(INT((MOD(D30+E30-2*I31,4294967296))/16777216),256)/2^7),2)*MOD(INT(MOD(INT((F30)/16777216),256)/2^7),2)*128)*16777216) -> 1224818689 | K31: =0 -> 0 | L31: =MOD(MOD(D30+E30-2*I31,4294967296)+F30-2*J31,4294967296) -> 3064765230 | P31: =MOD(MOD(D30,2^2)*2^30+INT(D30/2^2),4294967296) -> 1971765989
B32: 27 | C32: =MOD(H32+L32+G31+1859775393+BF226,4294967296) -> 2458916250 | D32: =C31 -> 350623434 | E32: =P32 -> 3329247036 | F32: =E31 -> 1971765989 | G32: =F31 -> 2836814748 | H32: =MOD(MOD(C31,2^27)*2^5+INT(C31/2^27),4294967296) -> 2630015298 | I32: =((MOD(INT(MOD(INT((D31)/1),256)/2^0),2)*MOD(INT(MOD(INT((E31)/1),256)/2^0),2)*1+MOD(INT(MOD(INT((D31)/1),256)/2^1),2)*MOD(INT(MOD(INT((E31)/1),256)/2^1),2)*2+MOD(INT(MOD(INT((D31)/1),256)/2^2),2)*MOD(INT(MOD(INT((E31)/1),256)/2^2),2)*4+MOD(INT(MOD(INT((D31)/1),256)/2^3),2)*MOD(INT(MOD(INT((E31)/1),256)/2^3),2)*8+MOD(INT(MOD(INT((D31)/1),256)/2^4),2)*MOD(INT(MOD(INT((E31)/1),256)/2^4),2)*16+MOD(INT(MOD(INT((D31)/1),256)/2^5),2)*MOD(INT(MOD(INT((E31)/1),256)/2^5),2)*32+MOD(INT(MOD(INT((D31)/1),256)/2^6),2)*MOD(INT(MOD(INT((E31)/1),256)/2^6),2)*64+MOD(INT(MOD(INT((D31)/1),256)/2^7),2)*MOD(INT(MOD(INT((E31)/1),256)/2^7),2)*128)*1+(MOD(INT(MOD(INT((D31)/256),256)/2^0),2)*MOD(INT(MOD(INT((E31)/256),256)/2^0),2)*1+MOD(INT(MOD(INT((D31)/256),256)/2^1),2)*MOD(INT(MOD(INT((E31)/256),256)/2^1),2)*2+MOD(INT(MOD(INT((D31)/256),256)/2^2),2)*MOD(INT(MOD(INT((E31)/256),256)/2^2),2)*4+MOD(INT(MOD(INT((D31)/256),256)/2^3),2)*MOD(INT(MOD(INT((E31)/256),256)/2^3),2)*8+MOD(INT(MOD(INT((D31)/256),256)/2^4),2)*MOD(INT(MOD(INT((E31)/256),256)/2^4),2)*16+MOD(INT(MOD(INT((D31)/256),256)/2^5),2)*MOD(INT(MOD(INT((E31)/256),256)/2^5),2)*32+MOD(INT(MOD(INT((D31)/256),256)/2^6),2)*MOD(INT(MOD(INT((E31)/256),256)/2^6),2)*64+MOD(INT(MOD(INT((D31)/256),256)/2^7),2)*MOD(INT(MOD(INT((E31)/256),256)/2^7),2)*128)*256+(MOD(INT(MOD(INT((D31)/65536),256)/2^0),2)*MOD(INT(MOD(INT((E31)/65536),256)/2^0),2)*1+MOD(INT(MOD(INT((D31)/65536),256)/2^1),2)*MOD(INT(MOD(INT((E31)/65536),256)/2^1),2)*2+MOD(INT(MOD(INT((D31)/65536),256)/2^2),2)*MOD(INT(MOD(INT((E31)/65536),256)/2^2),2)*4+MOD(INT(MOD(INT((D31)/65536),256)/2^3),2)*MOD(INT(MOD(INT((E31)/65536),256)/2^3),2)*8+MOD(INT(MOD(INT((D31)/65536),256)/2^4),2)*MOD(INT(MOD(INT((E31)/65536),256)/2^4),2)*16+MOD(INT(MOD(INT((D31)/65536),256)/2^5),2)*MOD(INT(MOD(INT((E31)/65536),256)/2^5),2)*32+MOD(INT(MOD(INT((D31)/65536),256)/2^6),2)*MOD(INT(MOD(INT((E31)/65536),256)/2^6),2)*64+MOD(INT(MOD(INT((D31)/65536),256)/2^7),2)*MOD(INT(MOD(INT((E31)/65536),256)/2^7),2)*128)*65536+(MOD(INT(MOD(INT((D31)/16777216),256)/2^0),2)*MOD(INT(MOD(INT((E31)/16777216),256)/2^0),2)*1+MOD(INT(MOD(INT((D31)/16777216),256)/2^1),2)*MOD(INT(MOD(INT((E31)/16777216),256)/2^1),2)*2+MOD(INT(MOD(INT((D31)/16777216),256)/2^2),2)*MOD(INT(MOD(INT((E31)/16777216),256)/2^2),2)*4+MOD(INT(MOD(INT((D31)/16777216),256)/2^3),2)*MOD(INT(MOD(INT((E31)/16777216),256)/2^3),2)*8+MOD(INT(MOD(INT((D31)/16777216),256)/2^4),2)*MOD(INT(MOD(INT((E31)/16777216),256)/2^4),2)*16+MOD(INT(MOD(INT((D31)/16777216),256)/2^5),2)*MOD(INT(MOD(INT((E31)/16777216),256)/2^5),2)*32+MOD(INT(MOD(INT((D31)/16777216),256)/2^6),2)*MOD(INT(MOD(INT((E31)/16777216),256)/2^6),2)*64+MOD(INT(MOD(INT((D31)/16777216),256)/2^7),2)*MOD(INT(MOD(INT((E31)/16777216),256)/2^7),2)*128)*16777216) -> 293601505 | J32: =((MOD(INT(MOD(INT((MOD(D31+E31-2*I32,4294967296))/1),256)/2^0),2)*MOD(INT(MOD(INT((F31)/1),256)/2^0),2)*1+MOD(INT(MOD(INT((MOD(D31+E31-2*I32,4294967296))/1),256)/2^1),2)*MOD(INT(MOD(INT((F31)/1),256)/2^1),2)*2+MOD(INT(MOD(INT((MOD(D31+E31-2*I32,4294967296))/1),256)/2^2),2)*MOD(INT(MOD(INT((F31)/1),256)/2^2),2)*4+MOD(INT(MOD(INT((MOD(D31+E31-2*I32,4294967296))/1),256)/2^3),2)*MOD(INT(MOD(INT((F31)/1),256)/2^3),2)*8+MOD(INT(MOD(INT((MOD(D31+E31-2*I32,4294967296))/1),256)/2^4),2)*MOD(INT(MOD(INT((F31)/1),256)/2^4),2)*16+MOD(INT(MOD(INT((MOD(D31+E31-2*I32,4294967296))/1),256)/2^5),2)*MOD(INT(MOD(INT((F31)/1),256)/2^5),2)*32+MOD(INT(MOD(INT((MOD(D31+E31-2*I32,4294967296))/1),256)/2^6),2)*MOD(INT(MOD(INT((F31)/1),256)/2^6),2)*64+MOD(INT(MOD(INT((MOD(D31+E31-2*I32,4294967296))/1),256)/2^7),2)*MOD(INT(MOD(INT((F31)/1),256)/2^7),2)*128)*1+(MOD(INT(MOD(INT((MOD(D31+E31-2*I32,4294967296))/256),256)/2^0),2)*MOD(INT(MOD(INT((F31)/256),256)/2^0),2)*1+MOD(INT(MOD(INT((MOD(D31+E31-2*I32,4294967296))/256),256)/2^1),2)*MOD(INT(MOD(INT((F31)/256),256)/2^1),2)*2+MOD(INT(MOD(INT((MOD(D31+E31-2*I32,4294967296))/256),256)/2^2),2)*MOD(INT(MOD(INT((F31)/256),256)/2^2),2)*4+MOD(INT(MOD(INT((MOD(D31+E31-2*I32,4294967296))/256),256)/2^3),2)*MOD(INT(MOD(INT((F31)/256),256)/2^3),2)*8+MOD(INT(MOD(INT((MOD(D31+E31-2*I32,4294967296))/256),256)/2^4),2)*MOD(INT(MOD(INT((F31)/256),256)/2^4),2)*16+MOD(INT(MOD(INT((MOD(D31+E31-2*I32,4294967296))/256),256)/2^5),2)*MOD(INT(MOD(INT((F31)/256),256)/2^5),2)*32+MOD(INT(MOD(INT((MOD(D31+E31-2*I32,4294967296))/256),256)/2^6),2)*MOD(INT(MOD(INT((F31)/256),256)/2^6),2)*64+MOD(INT(MOD(INT((MOD(D31+E31-2*I32,4294967296))/256),256)/2^7),2)*MOD(INT(MOD(INT((F31)/256),256)/2^7),2)*128)*256+(MOD(INT(MOD(INT((MOD(D31+E31-2*I32,4294967296))/65536),256)/2^0),2)*MOD(INT(MOD(INT((F31)/65536),256)/2^0),2)*1+MOD(INT(MOD(INT((MOD(D31+E31-2*I32,4294967296))/65536),256)/2^1),2)*MOD(INT(MOD(INT((F31)/65536),256)/2^1),2)*2+MOD(INT(MOD(INT((MOD(D31+E31-2*I32,4294967296))/65536),256)/2^2),2)*MOD(INT(MOD(INT((F31)/65536),256)/2^2),2)*4+MOD(INT(MOD(INT((MOD(D31+E31-2*I32,4294967296))/65536),256)/2^3),2)*MOD(INT(MOD(INT((F31)/65536),256)/2^3),2)*8+MOD(INT(MOD(INT((MOD(D31+E31-2*I32,4294967296))/65536),256)/2^4),2)*MOD(INT(MOD(INT((F31)/65536),256)/2^4),2)*16+MOD(INT(MOD(INT((MOD(D31+E31-2*I32,4294967296))/65536),256)/2^5),2)*MOD(INT(MOD(INT((F31)/65536),256)/2^5),2)*32+MOD(INT(MOD(INT((MOD(D31+E31-2*I32,4294967296))/65536),256)/2^6),2)*MOD(INT(MOD(INT((F31)/65536),256)/2^6),2)*64+MOD(INT(MOD(INT((MOD(D31+E31-2*I32,4294967296))/65536),256)/2^7),2)*MOD(INT(MOD(INT((F31)/65536),256)/2^7),2)*128)*65536+(MOD(INT(MOD(INT((MOD(D31+E31-2*I32,4294967296))/16777216),256)/2^0),2)*MOD(INT(MOD(INT((F31)/16777216),256)/2^0),2)*1+MOD(INT(MOD(INT((MOD(D31+E31-2*I32,4294967296))/16777216),256)/2^1),2)*MOD(INT(MOD(INT((F31)/16777216),256)/2^1),2)*2+MOD(INT(MOD(INT((MOD(D31+E31-2*I32,4294967296))/16777216),256)/2^2),2)*MOD(INT(MOD(INT((F31)/16777216),256)/2^2),2)*4+MOD(INT(MOD(INT((MOD(D31+E31-2*I32,4294967296))/16777216),256)/2^3),2)*MOD(INT(MOD(INT((F31)/16777216),256)/2^3),2)*8+MOD(INT(MOD(INT((MOD(D31+E31-2*I32,4294967296))/16777216),256)/2^4),2)*MOD(INT(MOD(INT((F31)/16777216),256)/2^4),2)*16+MOD(INT(MOD(INT((MOD(D31+E31-2*I32,4294967296))/16777216),256)/2^5),2)*MOD(INT(MOD(INT((F31)/16777216),256)/2^5),2)*32+MOD(INT(MOD(INT((MOD(D31+E31-2*I32,4294967296))/16777216),256)/2^6),2)*MOD(INT(MOD(INT((F31)/16777216),256)/2^6),2)*64+MOD(INT(MOD(INT((MOD(D31+E31-2*I32,4294967296))/16777216),256)/2^7),2)*MOD(INT(MOD(INT((F31)/16777216),256)/2^7),2)*128)*16777216) -> 671504916 | K32: =0 -> 0 | L32: =MOD(MOD(D31+E31-2*I32,4294967296)+F31-2*J32,4294967296) -> 3310454154 | P32: =MOD(MOD(D31,2^2)*2^30+INT(D31/2^2),4294967296) -> 3329247036
B33: 28 | C33: =MOD(H33+L33+G32+1859775393+BF227,4294967296) -> 285446178 | D33: =C32 -> 2458916250 | E33: =P33 -> 2235139506 | F33: =E32 -> 3329247036 | G33: =F32 -> 1971765989 | H33: =MOD(MOD(C32,2^27)*2^5+INT(C32/2^27),4294967296) -> 1375908690 | I33: =((MOD(INT(MOD(INT((D32)/1),256)/2^0),2)*MOD(INT(MOD(INT((E32)/1),256)/2^0),2)*1+MOD(INT(MOD(INT((D32)/1),256)/2^1),2)*MOD(INT(MOD(INT((E32)/1),256)/2^1),2)*2+MOD(INT(MOD(INT((D32)/1),256)/2^2),2)*MOD(INT(MOD(INT((E32)/1),256)/2^2),2)*4+MOD(INT(MOD(INT((D32)/1),256)/2^3),2)*MOD(INT(MOD(INT((E32)/1),256)/2^3),2)*8+MOD(INT(MOD(INT((D32)/1),256)/2^4),2)*MOD(INT(MOD(INT((E32)/1),256)/2^4),2)*16+MOD(INT(MOD(INT((D32)/1),256)/2^5),2)*MOD(INT(MOD(INT((E32)/1),256)/2^5),2)*32+MOD(INT(MOD(INT((D32)/1),256)/2^6),2)*MOD(INT(MOD(INT((E32)/1),256)/2^6),2)*64+MOD(INT(MOD(INT((D32)/1),256)/2^7),2)*MOD(INT(MOD(INT((E32)/1),256)/2^7),2)*128)*1+(MOD(INT(MOD(INT((D32)/256),256)/2^0),2)*MOD(INT(MOD(INT((E32)/256),256)/2^0),2)*1+MOD(INT(MOD(INT((D32)/256),256)/2^1),2)*MOD(INT(MOD(INT((E32)/256),256)/2^1),2)*2+MOD(INT(MOD(INT((D32)/256),256)/2^2),2)*MOD(INT(MOD(INT((E32)/256),256)/2^2),2)*4+MOD(INT(MOD(INT((D32)/256),256)/2^3),2)*MOD(INT(MOD(INT((E32)/256),256)/2^3),2)*8+MOD(INT(MOD(INT((D32)/256),256)/2^4),2)*MOD(INT(MOD(INT((E32)/256),256)/2^4),2)*16+MOD(INT(MOD(INT((D32)/256),256)/2^5),2)*MOD(INT(MOD(INT((E32)/256),256)/2^5),2)*32+MOD(INT(MOD(INT((D32)/256),256)/2^6),2)*MOD(INT(MOD(INT((E32)/256),256)/2^6),2)*64+MOD(INT(MOD(INT((D32)/256),256)/2^7),2)*MOD(INT(MOD(INT((E32)/256),256)/2^7),2)*128)*256+(MOD(INT(MOD(INT((D32)/65536),256)/2^0),2)*MOD(INT(MOD(INT((E32)/65536),256)/2^0),2)*1+MOD(INT(MOD(INT((D32)/65536),256)/2^1),2)*MOD(INT(MOD(INT((E32)/65536),256)/2^1),2)*2+MOD(INT(MOD(INT((D32)/65536),256)/2^2),2)*MOD(INT(MOD(INT((E32)/65536),256)/2^2),2)*4+MOD(INT(MOD(INT((D32)/65536),256)/2^3),2)*MOD(INT(MOD(INT((E32)/65536),256)/2^3),2)*8+MOD(INT(MOD(INT((D32)/65536),256)/2^4),2)*MOD(INT(MOD(INT((E32)/65536),256)/2^4),2)*16+MOD(INT(MOD(INT((D32)/65536),256)/2^5),2)*MOD(INT(MOD(INT((E32)/65536),256)/2^5),2)*32+MOD(INT(MOD(INT((D32)/65536),256)/2^6),2)*MOD(INT(MOD(INT((E32)/65536),256)/2^6),2)*64+MOD(INT(MOD(INT((D32)/65536),256)/2^7),2)*MOD(INT(MOD(INT((E32)/65536),256)/2^7),2)*128)*65536+(MOD(INT(MOD(INT((D32)/16777216),256)/2^0),2)*MOD(INT(MOD(INT((E32)/16777216),256)/2^0),2)*1+MOD(INT(MOD(INT((D32)/16777216),256)/2^1),2)*MOD(INT(MOD(INT((E32)/16777216),256)/2^1),2)*2+MOD(INT(MOD(INT((D32)/16777216),256)/2^2),2)*MOD(INT(MOD(INT((E32)/16777216),256)/2^2),2)*4+MOD(INT(MOD(INT((D32)/16777216),256)/2^3),2)*MOD(INT(MOD(INT((E32)/16777216),256)/2^3),2)*8+MOD(INT(MOD(INT((D32)/16777216),256)/2^4),2)*MOD(INT(MOD(INT((E32)/16777216),256)/2^4),2)*16+MOD(INT(MOD(INT((D32)/16777216),256)/2^5),2)*MOD(INT(MOD(INT((E32)/16777216),256)/2^5),2)*32+MOD(INT(MOD(INT((D32)/16777216),256)/2^6),2)*MOD(INT(MOD(INT((E32)/16777216),256)/2^6),2)*64+MOD(INT(MOD(INT((D32)/16777216),256)/2^7),2)*MOD(INT(MOD(INT((E32)/16777216),256)/2^7),2)*128)*16777216) -> 73401864 | J33: =((MOD(INT(MOD(INT((MOD(D32+E32-2*I33,4294967296))/1),256)/2^0),2)*MOD(INT(MOD(INT((F32)/1),256)/2^0),2)*1+MOD(INT(MOD(INT((MOD(D32+E32-2*I33,4294967296))/1),256)/2^1),2)*MOD(INT(MOD(INT((F32)/1),256)/2^1),2)*2+MOD(INT(MOD(INT((MOD(D32+E32-2*I33,4294967296))/1),256)/2^2),2)*MOD(INT(MOD(INT((F32)/1),256)/2^2),2)*4+MOD(INT(MOD(INT((MOD(D32+E32-2*I33,4294967296))/1),256)/2^3),2)*MOD(INT(MOD(INT((F32)/1),256)/2^3),2)*8+MOD(INT(MOD(INT((MOD(D32+E32-2*I33,4294967296))/1),256)/2^4),2)*MOD(INT(MOD(INT((F32)/1),256)/2^4),2)*16+MOD(INT(MOD(INT((MOD(D32+E32-2*I33,4294967296))/1),256)/2^5),2)*MOD(INT(MOD(INT((F32)/1),256)/2^5),2)*32+MOD(INT(MOD(INT((MOD(D32+E32-2*I33,4294967296))/1),256)/2^6),2)*MOD(INT(MOD(INT((F32)/1),256)/2^6),2)*64+MOD(INT(MOD(INT((MOD(D32+E32-2*I33,4294967296))/1),256)/2^7),2)*MOD(INT(MOD(INT((F32)/1),256)/2^7),2)*128)*1+(MOD(INT(MOD(INT((MOD(D32+E32-2*I33,4294967296))/256),256)/2^0),2)*MOD(INT(MOD(INT((F32)/256),256)/2^0),2)*1+MOD(INT(MOD(INT((MOD(D32+E32-2*I33,4294967296))/256),256)/2^1),2)*MOD(INT(MOD(INT((F32)/256),256)/2^1),2)*2+MOD(INT(MOD(INT((MOD(D32+E32-2*I33,4294967296))/256),256)/2^2),2)*MOD(INT(MOD(INT((F32)/256),256)/2^2),2)*4+MOD(INT(MOD(INT((MOD(D32+E32-2*I33,4294967296))/256),256)/2^3),2)*MOD(INT(MOD(INT((F32)/256),256)/2^3),2)*8+MOD(INT(MOD(INT((MOD(D32+E32-2*I33,4294967296))/256),256)/2^4),2)*MOD(INT(MOD(INT((F32)/256),256)/2^4),2)*16+MOD(INT(MOD(INT((MOD(D32+E32-2*I33,4294967296))/256),256)/2^5),2)*MOD(INT(MOD(INT((F32)/256),256)/2^5),2)*32+MOD(INT(MOD(INT((MOD(D32+E32-2*I33,4294967296))/256),256)/2^6),2)*MOD(INT(MOD(INT((F32)/256),256)/2^6),2)*64+MOD(INT(MOD(INT((MOD(D32+E32-2*I33,4294967296))/256),256)/2^7),2)*MOD(INT(MOD(INT((F32)/256),256)/2^7),2)*128)*256+(MOD(INT(MOD(INT((MOD(D32+E32-2*I33,4294967296))/65536),256)/2^0),2)*MOD(INT(MOD(INT((F32)/65536),256)/2^0),2)*1+MOD(INT(MOD(INT((MOD(D32+E32-2*I33,4294967296))/65536),256)/2^1),2)*MOD(INT(MOD(INT((F32)/65536),256)/2^1),2)*2+MOD(INT(MOD(INT((MOD(D32+E32-2*I33,4294967296))/65536),256)/2^2),2)*MOD(INT(MOD(INT((F32)/65536),256)/2^2),2)*4+MOD(INT(MOD(INT((MOD(D32+E32-2*I33,4294967296))/65536),256)/2^3),2)*MOD(INT(MOD(INT((F32)/65536),256)/2^3),2)*8+MOD(INT(MOD(INT((MOD(D32+E32-2*I33,4294967296))/65536),256)/2^4),2)*MOD(INT(MOD(INT((F32)/65536),256)/2^4),2)*16+MOD(INT(MOD(INT((MOD(D32+E32-2*I33,4294967296))/65536),256)/2^5),2)*MOD(INT(MOD(INT((F32)/65536),256)/2^5),2)*32+MOD(INT(MOD(INT((MOD(D32+E32-2*I33,4294967296))/65536),256)/2^6),2)*MOD(INT(MOD(INT((F32)/65536),256)/2^6),2)*64+MOD(INT(MOD(INT((MOD(D32+E32-2*I33,4294967296))/65536),256)/2^7),2)*MOD(INT(MOD(INT((F32)/65536),256)/2^7),2)*128)*65536+(MOD(INT(MOD(INT((MOD(D32+E32-2*I33,4294967296))/16777216),256)/2^0),2)*MOD(INT(MOD(INT((F32)/16777216),256)/2^0),2)*1+MOD(INT(MOD(INT((MOD(D32+E32-2*I33,4294967296))/16777216),256)/2^1),2)*MOD(INT(MOD(INT((F32)/16777216),256)/2^1),2)*2+MOD(INT(MOD(INT((MOD(D32+E32-2*I33,4294967296))/16777216),256)/2^2),2)*MOD(INT(MOD(INT((F32)/16777216),256)/2^2),2)*4+MOD(INT(MOD(INT((MOD(D32+E32-2*I33,4294967296))/16777216),256)/2^3),2)*MOD(INT(MOD(INT((F32)/16777216),256)/2^3),2)*8+MOD(INT(MOD(INT((MOD(D32+E32-2*I33,4294967296))/16777216),256)/2^4),2)*MOD(INT(MOD(INT((F32)/16777216),256)/2^4),2)*16+MOD(INT(MOD(INT((MOD(D32+E32-2*I33,4294967296))/16777216),256)/2^5),2)*MOD(INT(MOD(INT((F32)/16777216),256)/2^5),2)*32+MOD(INT(MOD(INT((MOD(D32+E32-2*I33,4294967296))/16777216),256)/2^6),2)*MOD(INT(MOD(INT((F32)/16777216),256)/2^6),2)*64+MOD(INT(MOD(INT((MOD(D32+E32-2*I33,4294967296))/16777216),256)/2^7),2)*MOD(INT(MOD(INT((F32)/16777216),256)/2^7),2)*128)*16777216) -> 1350975716 | K33: =0 -> 0 | L33: =MOD(MOD(D32+E32-2*I33,4294967296)+F32-2*J33,4294967296) -> 2802881299 | P33: =MOD(MOD(D32,2^2)*2^30+INT(D32/2^2),4294967296) -> 2235139506
B34: 29 | C34: =MOD(H34+L34+G33+1859775393+BF228,4294967296) -> 3814332265 | D34: =C33 -> 285446178 | E34: =P34 -> 2762212710 | F34: =E33 -> 2235139506 | G34: =F33 -> 3329247036 | H34: =MOD(MOD(C33,2^27)*2^5+INT(C33/2^27),4294967296) -> 544343106 | I34: =((MOD(INT(MOD(INT((D33)/1),256)/2^0),2)*MOD(INT(MOD(INT((E33)/1),256)/2^0),2)*1+MOD(INT(MOD(INT((D33)/1),256)/2^1),2)*MOD(INT(MOD(INT((E33)/1),256)/2^1),2)*2+MOD(INT(MOD(INT((D33)/1),256)/2^2),2)*MOD(INT(MOD(INT((E33)/1),256)/2^2),2)*4+MOD(INT(MOD(INT((D33)/1),256)/2^3),2)*MOD(INT(MOD(INT((E33)/1),256)/2^3),2)*8+MOD(INT(MOD(INT((D33)/1),256)/2^4),2)*MOD(INT(MOD(INT((E33)/1),256)/2^4),2)*16+MOD(INT(MOD(INT((D33)/1),256)/2^5),2)*MOD(INT(MOD(INT((E33)/1),256)/2^5),2)*32+MOD(INT(MOD(INT((D33)/1),256)/2^6),2)*MOD(INT(MOD(INT((E33)/1),256)/2^6),2)*64+MOD(INT(MOD(INT((D33)/1),256)/2^7),2)*MOD(INT(MOD(INT((E33)/1),256)/2^7),2)*128)*1+(MOD(INT(MOD(INT((D33)/256),256)/2^0),2)*MOD(INT(MOD(INT((E33)/256),256)/2^0),2)*1+MOD(INT(MOD(INT((D33)/256),256)/2^1),2)*MOD(INT(MOD(INT((E33)/256),256)/2^1),2)*2+MOD(INT(MOD(INT((D33)/256),256)/2^2),2)*MOD(INT(MOD(INT((E33)/256),256)/2^2),2)*4+MOD(INT(MOD(INT((D33)/256),256)/2^3),2)*MOD(INT(MOD(INT((E33)/256),256)/2^3),2)*8+MOD(INT(MOD(INT((D33)/256),256)/2^4),2)*MOD(INT(MOD(INT((E33)/256),256)/2^4),2)*16+MOD(INT(MOD(INT((D33)/256),256)/2^5),2)*MOD(INT(MOD(INT((E33)/256),256)/2^5),2)*32+MOD(INT(MOD(INT((D33)/256),256)/2^6),2)*MOD(INT(MOD(INT((E33)/256),256)/2^6),2)*64+MOD(INT(MOD(INT((D33)/256),256)/2^7),2)*MOD(INT(MOD(INT((E33)/256),256)/2^7),2)*128)*256+(MOD(INT(MOD(INT((D33)/65536),256)/2^0),2)*MOD(INT(MOD(INT((E33)/65536),256)/2^0),2)*1+MOD(INT(MOD(INT((D33)/65536),256)/2^1),2)*MOD(INT(MOD(INT((E33)/65536),256)/2^1),2)*2+MOD(INT(MOD(INT((D33)/65536),256)/2^2),2)*MOD(INT(MOD(INT((E33)/65536),256)/2^2),2)*4+MOD(INT(MOD(INT((D33)/65536),256)/2^3),2)*MOD(INT(MOD(INT((E33)/65536),256)/2^3),2)*8+MOD(INT(MOD(INT((D33)/65536),256)/2^4),2)*MOD(INT(MOD(INT((E33)/65536),256)/2^4),2)*16+MOD(INT(MOD(INT((D33)/65536),256)/2^5),2)*MOD(INT(MOD(INT((E33)/65536),256)/2^5),2)*32+MOD(INT(MOD(INT((D33)/65536),256)/2^6),2)*MOD(INT(MOD(INT((E33)/65536),256)/2^6),2)*64+MOD(INT(MOD(INT((D33)/65536),256)/2^7),2)*MOD(INT(MOD(INT((E33)/65536),256)/2^7),2)*128)*65536+(MOD(INT(MOD(INT((D33)/16777216),256)/2^0),2)*MOD(INT(MOD(INT((E33)/16777216),256)/2^0),2)*1+MOD(INT(MOD(INT((D33)/16777216),256)/2^1),2)*MOD(INT(MOD(INT((E33)/16777216),256)/2^1),2)*2+MOD(INT(MOD(INT((D33)/16777216),256)/2^2),2)*MOD(INT(MOD(INT((E33)/16777216),256)/2^2),2)*4+MOD(INT(MOD(INT((D33)/16777216),256)/2^3),2)*MOD(INT(MOD(INT((E33)/16777216),256)/2^3),2)*8+MOD(INT(MOD(INT((D33)/16777216),256)/2^4),2)*MOD(INT(MOD(INT((E33)/16777216),256)/2^4),2)*16+MOD(INT(MOD(INT((D33)/16777216),256)/2^5),2)*MOD(INT(MOD(INT((E33)/16777216),256)/2^5),2)*32+MOD(INT(MOD(INT((D33)/16777216),256)/2^6),2)*MOD(INT(MOD(INT((E33)/16777216),256)/2^6),2)*64+MOD(INT(MOD(INT((D33)/16777216),256)/2^7),2)*MOD(INT(MOD(INT((E33)/16777216),256)/2^7),2)*128)*16777216) -> 2148533650 | J34: =((MOD(INT(MOD(INT((MOD(D33+E33-2*I34,4294967296))/1),256)/2^0),2)*MOD(INT(MOD(INT((F33)/1),256)/2^0),2)*1+MOD(INT(MOD(INT((MOD(D33+E33-2*I34,4294967296))/1),256)/2^1),2)*MOD(INT(MOD(INT((F33)/1),256)/2^1),2)*2+MOD(INT(MOD(INT((MOD(D33+E33-2*I34,4294967296))/1),256)/2^2),2)*MOD(INT(MOD(INT((F33)/1),256)/2^2),2)*4+MOD(INT(MOD(INT((MOD(D33+E33-2*I34,4294967296))/1),256)/2^3),2)*MOD(INT(MOD(INT((F33)/1),256)/2^3),2)*8+MOD(INT(MOD(INT((MOD(D33+E33-2*I34,4294967296))/1),256)/2^4),2)*MOD(INT(MOD(INT((F33)/1),256)/2^4),2)*16+MOD(INT(MOD(INT((MOD(D33+E33-2*I34,4294967296))/1),256)/2^5),2)*MOD(INT(MOD(INT((F33)/1),256)/2^5),2)*32+MOD(INT(MOD(INT((MOD(D33+E33-2*I34,4294967296))/1),256)/2^6),2)*MOD(INT(MOD(INT((F33)/1),256)/2^6),2)*64+MOD(INT(MOD(INT((MOD(D33+E33-2*I34,4294967296))/1),256)/2^7),2)*MOD(INT(MOD(INT((F33)/1),256)/2^7),2)*128)*1+(MOD(INT(MOD(INT((MOD(D33+E33-2*I34,4294967296))/256),256)/2^0),2)*MOD(INT(MOD(INT((F33)/256),256)/2^0),2)*1+MOD(INT(MOD(INT((MOD(D33+E33-2*I34,4294967296))/256),256)/2^1),2)*MOD(INT(MOD(INT((F33)/256),256)/2^1),2)*2+MOD(INT(MOD(INT((MOD(D33+E33-2*I34,4294967296))/256),256)/2^2),2)*MOD(INT(MOD(INT((F33)/256),256)/2^2),2)*4+MOD(INT(MOD(INT((MOD(D33+E33-2*I34,4294967296))/256),256)/2^3),2)*MOD(INT(MOD(INT((F33)/256),256)/2^3),2)*8+MOD(INT(MOD(INT((MOD(D33+E33-2*I34,4294967296))/256),256)/2^4),2)*MOD(INT(MOD(INT((F33)/256),256)/2^4),2)*16+MOD(INT(MOD(INT((MOD(D33+E33-2*I34,4294967296))/256),256)/2^5),2)*MOD(INT(MOD(INT((F33)/256),256)/2^5),2)*32+MOD(INT(MOD(INT((MOD(D33+E33-2*I34,4294967296))/256),256)/2^6),2)*MOD(INT(MOD(INT((F33)/256),256)/2^6),2)*64+MOD(INT(MOD(INT((MOD(D33+E33-2*I34,4294967296))/256),256)/2^7),2)*MOD(INT(MOD(INT((F33)/256),256)/2^7),2)*128)*256+(MOD(INT(MOD(INT((MOD(D33+E33-2*I34,4294967296))/65536),256)/2^0),2)*MOD(INT(MOD(INT((F33)/65536),256)/2^0),2)*1+MOD(INT(MOD(INT((MOD(D33+E33-2*I34,4294967296))/65536),256)/2^1),2)*MOD(INT(MOD(INT((F33)/65536),256)/2^1),2)*2+MOD(INT(MOD(INT((MOD(D33+E33-2*I34,4294967296))/65536),256)/2^2),2)*MOD(INT(MOD(INT((F33)/65536),256)/2^2),2)*4+MOD(INT(MOD(INT((MOD(D33+E33-2*I34,4294967296))/65536),256)/2^3),2)*MOD(INT(MOD(INT((F33)/65536),256)/2^3),2)*8+MOD(INT(MOD(INT((MOD(D33+E33-2*I34,4294967296))/65536),256)/2^4),2)*MOD(INT(MOD(INT((F33)/65536),256)/2^4),2)*16+MOD(INT(MOD(INT((MOD(D33+E33-2*I34,4294967296))/65536),256)/2^5),2)*MOD(INT(MOD(INT((F33)/65536),256)/2^5),2)*32+MOD(INT(MOD(INT((MOD(D33+E33-2*I34,4294967296))/65536),256)/2^6),2)*MOD(INT(MOD(INT((F33)/65536),256)/2^6),2)*64+MOD(INT(MOD(INT((MOD(D33+E33-2*I34,4294967296))/65536),256)/2^7),2)*MOD(INT(MOD(INT((F33)/65536),256)/2^7),2)*128)*65536+(MOD(INT(MOD(INT((MOD(D33+E33-2*I34,4294967296))/16777216),256)/2^0),2)*MOD(INT(MOD(INT((F33)/16777216),256)/2^0),2)*1+MOD(INT(MOD(INT((MOD(D33+E33-2*I34,4294967296))/16777216),256)/2^1),2)*MOD(INT(MOD(INT((F33)/16777216),256)/2^1),2)*2+MOD(INT(MOD(INT((MOD(D33+E33-2*I34,4294967296))/16777216),256)/2^2),2)*MOD(INT(MOD(INT((F33)/16777216),256)/2^2),2)*4+MOD(INT(MOD(INT((MOD(D33+E33-2*I34,4294967296))/16777216),256)/2^3),2)*MOD(INT(MOD(INT((F33)/16777216),256)/2^3),2)*8+MOD(INT(MOD(INT((MOD(D33+E33-2*I34,4294967296))/16777216),256)/2^4),2)*MOD(INT(MOD(INT((F33)/16777216),256)/2^4),2)*16+MOD(INT(MOD(INT((MOD(D33+E33-2*I34,4294967296))/16777216),256)/2^5),2)*MOD(INT(MOD(INT((F33)/16777216),256)/2^5),2)*32+MOD(INT(MOD(INT((MOD(D33+E33-2*I34,4294967296))/16777216),256)/2^6),2)*MOD(INT(MOD(INT((F33)/16777216),256)/2^6),2)*64+MOD(INT(MOD(INT((MOD(D33+E33-2*I34,4294967296))/16777216),256)/2^7),2)*MOD(INT(MOD(INT((F33)/16777216),256)/2^7),2)*128)*16777216) -> 102760488 | K34: =0 -> 0 | L34: =MOD(MOD(D33+E33-2*I34,4294967296)+F33-2*J34,4294967296) -> 3520714516 | P34: =MOD(MOD(D33,2^2)*2^30+INT(D33/2^2),4294967296) -> 2762212710
B35: 30 | C35: =MOD(H35+L35+G34+1859775393+BF229,4294967296) -> 3240833580 | D35: =C34 -> 3814332265 | E35: =P35 -> 2218845192 | F35: =E34 -> 2762212710 | G35: =F34 -> 2235139506 | H35: =MOD(MOD(C34,2^27)*2^5+INT(C34/2^27),4294967296) -> 1799548220 | I35: =((MOD(INT(MOD(INT((D34)/1),256)/2^0),2)*MOD(INT(MOD(INT((E34)/1),256)/2^0),2)*1+MOD(INT(MOD(INT((D34)/1),256)/2^1),2)*MOD(INT(MOD(INT((E34)/1),256)/2^1),2)*2+MOD(INT(MOD(INT((D34)/1),256)/2^2),2)*MOD(INT(MOD(INT((E34)/1),256)/2^2),2)*4+MOD(INT(MOD(INT((D34)/1),256)/2^3),2)*MOD(INT(MOD(INT((E34)/1),256)/2^3),2)*8+MOD(INT(MOD(INT((D34)/1),256)/2^4),2)*MOD(INT(MOD(INT((E34)/1),256)/2^4),2)*16+MOD(INT(MOD(INT((D34)/1),256)/2^5),2)*MOD(INT(MOD(INT((E34)/1),256)/2^5),2)*32+MOD(INT(MOD(INT((D34)/1),256)/2^6),2)*MOD(INT(MOD(INT((E34)/1),256)/2^6),2)*64+MOD(INT(MOD(INT((D34)/1),256)/2^7),2)*MOD(INT(MOD(INT((E34)/1),256)/2^7),2)*128)*1+(MOD(INT(MOD(INT((D34)/256),256)/2^0),2)*MOD(INT(MOD(INT((E34)/256),256)/2^0),2)*1+MOD(INT(MOD(INT((D34)/256),256)/2^1),2)*MOD(INT(MOD(INT((E34)/256),256)/2^1),2)*2+MOD(INT(MOD(INT((D34)/256),256)/2^2),2)*MOD(INT(MOD(INT((E34)/256),256)/2^2),2)*4+MOD(INT(MOD(INT((D34)/256),256)/2^3),2)*MOD(INT(MOD(INT((E34)/256),256)/2^3),2)*8+MOD(INT(MOD(INT((D34)/256),256)/2^4),2)*MOD(INT(MOD(INT((E34)/256),256)/2^4),2)*16+MOD(INT(MOD(INT((D34)/256),256)/2^5),2)*MOD(INT(MOD(INT((E34)/256),256)/2^5),2)*32+MOD(INT(MOD(INT((D34)/256),256)/2^6),2)*MOD(INT(MOD(INT((E34)/256),256)/2^6),2)*64+MOD(INT(MOD(INT((D34)/256),256)/2^7),2)*MOD(INT(MOD(INT((E34)/256),256)/2^7),2)*128)*256+(MOD(INT(MOD(INT((D34)/65536),256)/2^0),2)*MOD(INT(MOD(INT((E34)/65536),256)/2^0),2)*1+MOD(INT(MOD(INT((D34)/65536),256)/2^1),2)*MOD(INT(MOD(INT((E34)/65536),256)/2^1),2)*2+MOD(INT(MOD(INT((D34)/65536),256)/2^2),2)*MOD(INT(MOD(INT((E34)/65536),256)/2^2),2)*4+MOD(INT(MOD(INT((D34)/65536),256)/2^3),2)*MOD(INT(MOD(INT((E34)/65536),256)/2^3),2)*8+MOD(INT(MOD(INT((D34)/65536),256)/2^4),2)*MOD(INT(MOD(INT((E34)/65536),256)/2^4),2)*16+MOD(INT(MOD(INT((D34)/65536),256)/2^5),2)*MOD(INT(MOD(INT((E34)/65536),256)/2^5),2)*32+MOD(INT(MOD(INT((D34)/65536),256)/2^6),2)*MOD(INT(MOD(INT((E34)/65536),256)/2^6),2)*64+MOD(INT(MOD(INT((D34)/65536),256)/2^7),2)*MOD(INT(MOD(INT((E34)/65536),256)/2^7),2)*128)*65536+(MOD(INT(MOD(INT((D34)/16777216),256)/2^0),2)*MOD(INT(MOD(INT((E34)/16777216),256)/2^0),2)*1+MOD(INT(MOD(INT((D34)/16777216),256)/2^1),2)*MOD(INT(MOD(INT((E34)/16777216),256)/2^1),2)*2+MOD(INT(MOD(INT((D34)/16777216),256)/2^2),2)*MOD(INT(MOD(INT((E34)/16777216),256)/2^2),2)*4+MOD(INT(MOD(INT((D34)/16777216),256)/2^3),2)*MOD(INT(MOD(INT((E34)/16777216),256)/2^3),2)*8+MOD(INT(MOD(INT((D34)/16777216),256)/2^4),2)*MOD(INT(MOD(INT((E34)/16777216),256)/2^4),2)*16+MOD(INT(MOD(INT((D34)/16777216),256)/2^5),2)*MOD(INT(MOD(INT((E34)/16777216),256)/2^5),2)*32+MOD(INT(MOD(INT((D34)/16777216),256)/2^6),2)*MOD(INT(MOD(INT((E34)/16777216),256)/2^6),2)*64+MOD(INT(MOD(INT((D34)/16777216),256)/2^7),2)*MOD(INT(MOD(INT((E34)/16777216),256)/2^7),2)*128)*16777216) -> 34 | J35: =((MOD(INT(MOD(INT((MOD(D34+E34-2*I35,4294967296))/1),256)/2^0),2)*MOD(INT(MOD(INT((F34)/1),256)/2^0),2)*1+MOD(INT(MOD(INT((MOD(D34+E34-2*I35,4294967296))/1),256)/2^1),2)*MOD(INT(MOD(INT((F34)/1),256)/2^1),2)*2+MOD(INT(MOD(INT((MOD(D34+E34-2*I35,4294967296))/1),256)/2^2),2)*MOD(INT(MOD(INT((F34)/1),256)/2^2),2)*4+MOD(INT(MOD(INT((MOD(D34+E34-2*I35,4294967296))/1),256)/2^3),2)*MOD(INT(MOD(INT((F34)/1),256)/2^3),2)*8+MOD(INT(MOD(INT((MOD(D34+E34-2*I35,4294967296))/1),256)/2^4),2)*MOD(INT(MOD(INT((F34)/1),256)/2^4),2)*16+MOD(INT(MOD(INT((MOD(D34+E34-2*I35,4294967296))/1),256)/2^5),2)*MOD(INT(MOD(INT((F34)/1),256)/2^5),2)*32+MOD(INT(MOD(INT((MOD(D34+E34-2*I35,4294967296))/1),256)/2^6),2)*MOD(INT(MOD(INT((F34)/1),256)/2^6),2)*64+MOD(INT(MOD(INT((MOD(D34+E34-2*I35,4294967296))/1),256)/2^7),2)*MOD(INT(MOD(INT((F34)/1),256)/2^7),2)*128)*1+(MOD(INT(MOD(INT((MOD(D34+E34-2*I35,4294967296))/256),256)/2^0),2)*MOD(INT(MOD(INT((F34)/256),256)/2^0),2)*1+MOD(INT(MOD(INT((MOD(D34+E34-2*I35,4294967296))/256),256)/2^1),2)*MOD(INT(MOD(INT((F34)/256),256)/2^1),2)*2+MOD(INT(MOD(INT((MOD(D34+E34-2*I35,4294967296))/256),256)/2^2),2)*MOD(INT(MOD(INT((F34)/256),256)/2^2),2)*4+MOD(INT(MOD(INT((MOD(D34+E34-2*I35,4294967296))/256),256)/2^3),2)*MOD(INT(MOD(INT((F34)/256),256)/2^3),2)*8+MOD(INT(MOD(INT((MOD(D34+E34-2*I35,4294967296))/256),256)/2^4),2)*MOD(INT(MOD(INT((F34)/256),256)/2^4),2)*16+MOD(INT(MOD(INT((MOD(D34+E34-2*I35,4294967296))/256),256)/2^5),2)*MOD(INT(MOD(INT((F34)/256),256)/2^5),2)*32+MOD(INT(MOD(INT((MOD(D34+E34-2*I35,4294967296))/256),256)/2^6),2)*MOD(INT(MOD(INT((F34)/256),256)/2^6),2)*64+MOD(INT(MOD(INT((MOD(D34+E34-2*I35,4294967296))/256),256)/2^7),2)*MOD(INT(MOD(INT((F34)/256),256)/2^7),2)*128)*256+(MOD(INT(MOD(INT((MOD(D34+E34-2*I35,4294967296))/65536),256)/2^0),2)*MOD(INT(MOD(INT((F34)/65536),256)/2^0),2)*1+MOD(INT(MOD(INT((MOD(D34+E34-2*I35,4294967296))/65536),256)/2^1),2)*MOD(INT(MOD(INT((F34)/65536),256)/2^1),2)*2+MOD(INT(MOD(INT((MOD(D34+E34-2*I35,4294967296))/65536),256)/2^2),2)*MOD(INT(MOD(INT((F34)/65536),256)/2^2),2)*4+MOD(INT(MOD(INT((MOD(D34+E34-2*I35,4294967296))/65536),256)/2^3),2)*MOD(INT(MOD(INT((F34)/65536),256)/2^3),2)*8+MOD(INT(MOD(INT((MOD(D34+E34-2*I35,4294967296))/65536),256)/2^4),2)*MOD(INT(MOD(INT((F34)/65536),256)/2^4),2)*16+MOD(INT(MOD(INT((MOD(D34+E34-2*I35,4294967296))/65536),256)/2^5),2)*MOD(INT(MOD(INT((F34)/65536),256)/2^5),2)*32+MOD(INT(MOD(INT((MOD(D34+E34-2*I35,4294967296))/65536),256)/2^6),2)*MOD(INT(MOD(INT((F34)/65536),256)/2^6),2)*64+MOD(INT(MOD(INT((MOD(D34+E34-2*I35,4294967296))/65536),256)/2^7),2)*MOD(INT(MOD(INT((F34)/65536),256)/2^7),2)*128)*65536+(MOD(INT(MOD(INT((MOD(D34+E34-2*I35,4294967296))/16777216),256)/2^0),2)*MOD(INT(MOD(INT((F34)/16777216),256)/2^0),2)*1+MOD(INT(MOD(INT((MOD(D34+E34-2*I35,4294967296))/16777216),256)/2^1),2)*MOD(INT(MOD(INT((F34)/16777216),256)/2^1),2)*2+MOD(INT(MOD(INT((MOD(D34+E34-2*I35,4294967296))/16777216),256)/2^2),2)*MOD(INT(MOD(INT((F34)/16777216),256)/2^2),2)*4+MOD(INT(MOD(INT((MOD(D34+E34-2*I35,4294967296))/16777216),256)/2^3),2)*MOD(INT(MOD(INT((F34)/16777216),256)/2^3),2)*8+MOD(INT(MOD(INT((MOD(D34+E34-2*I35,4294967296))/16777216),256)/2^4),2)*MOD(INT(MOD(INT((F34)/16777216),256)/2^4),2)*16+MOD(INT(MOD(INT((MOD(D34+E34-2*I35,4294967296))/16777216),256)/2^5),2)*MOD(INT(MOD(INT((F34)/16777216),256)/2^5),2)*32+MOD(INT(MOD(INT((MOD(D34+E34-2*I35,4294967296))/16777216),256)/2^6),2)*MOD(INT(MOD(INT((F34)/16777216),256)/2^6),2)*64+MOD(INT(MOD(INT((MOD(D34+E34-2*I35,4294967296))/16777216),256)/2^7),2)*MOD(INT(MOD(INT((F34)/16777216),256)/2^7),2)*128)*16777216) -> 2233566464 | K35: =0 -> 0 | L35: =MOD(MOD(D34+E34-2*I35,4294967296)+F34-2*J35,4294967296) -> 815665398 | P35: =MOD(MOD(D34,2^2)*2^30+INT(D34/2^2),4294967296) -> 2218845192
B36: 31 | C36: =MOD(H36+L36+G35+1859775393+BF230,4294967296) -> 83631977 | D36: =C35 -> 3240833580 | E36: =P36 -> 2027324890 | F36: =E35 -> 2218845192 | G36: =F35 -> 2762212710 | H36: =MOD(MOD(C35,2^27)*2^5+INT(C35/2^27),4294967296) -> 627459480 | I36: =((MOD(INT(MOD(INT((D35)/1),256)/2^0),2)*MOD(INT(MOD(INT((E35)/1),256)/2^0),2)*1+MOD(INT(MOD(INT((D35)/1),256)/2^1),2)*MOD(INT(MOD(INT((E35)/1),256)/2^1),2)*2+MOD(INT(MOD(INT((D35)/1),256)/2^2),2)*MOD(INT(MOD(INT((E35)/1),256)/2^2),2)*4+MOD(INT(MOD(INT((D35)/1),256)/2^3),2)*MOD(INT(MOD(INT((E35)/1),256)/2^3),2)*8+MOD(INT(MOD(INT((D35)/1),256)/2^4),2)*MOD(INT(MOD(INT((E35)/1),256)/2^4),2)*16+MOD(INT(MOD(INT((D35)/1),256)/2^5),2)*MOD(INT(MOD(INT((E35)/1),256)/2^5),2)*32+MOD(INT(MOD(INT((D35)/1),256)/2^6),2)*MOD(INT(MOD(INT((E35)/1),256)/2^6),2)*64+MOD(INT(MOD(INT((D35)/1),256)/2^7),2)*MOD(INT(MOD(INT((E35)/1),256)/2^7),2)*128)*1+(MOD(INT(MOD(INT((D35)/256),256)/2^0),2)*MOD(INT(MOD(INT((E35)/256),256)/2^0),2)*1+MOD(INT(MOD(INT((D35)/256),256)/2^1),2)*MOD(INT(MOD(INT((E35)/256),256)/2^1),2)*2+MOD(INT(MOD(INT((D35)/256),256)/2^2),2)*MOD(INT(MOD(INT((E35)/256),256)/2^2),2)*4+MOD(INT(MOD(INT((D35)/256),256)/2^3),2)*MOD(INT(MOD(INT((E35)/256),256)/2^3),2)*8+MOD(INT(MOD(INT((D35)/256),256)/2^4),2)*MOD(INT(MOD(INT((E35)/256),256)/2^4),2)*16+MOD(INT(MOD(INT((D35)/256),256)/2^5),2)*MOD(INT(MOD(INT((E35)/256),256)/2^5),2)*32+MOD(INT(MOD(INT((D35)/256),256)/2^6),2)*MOD(INT(MOD(INT((E35)/256),256)/2^6),2)*64+MOD(INT(MOD(INT((D35)/256),256)/2^7),2)*MOD(INT(MOD(INT((E35)/256),256)/2^7),2)*128)*256+(MOD(INT(MOD(INT((D35)/65536),256)/2^0),2)*MOD(INT(MOD(INT((E35)/65536),256)/2^0),2)*1+MOD(INT(MOD(INT((D35)/65536),256)/2^1),2)*MOD(INT(MOD(INT((E35)/65536),256)/2^1),2)*2+MOD(INT(MOD(INT((D35)/65536),256)/2^2),2)*MOD(INT(MOD(INT((E35)/65536),256)/2^2),2)*4+MOD(INT(MOD(INT((D35)/65536),256)/2^3),2)*MOD(INT(MOD(INT((E35)/65536),256)/2^3),2)*8+MOD(INT(MOD(INT((D35)/65536),256)/2^4),2)*MOD(INT(MOD(INT((E35)/65536),256)/2^4),2)*16+MOD(INT(MOD(INT((D35)/65536),256)/2^5),2)*MOD(INT(MOD(INT((E35)/65536),256)/2^5),2)*32+MOD(INT(MOD(INT((D35)/65536),256)/2^6),2)*MOD(INT(MOD(INT((E35)/65536),256)/2^6),2)*64+MOD(INT(MOD(INT((D35)/65536),256)/2^7),2)*MOD(INT(MOD(INT((E35)/65536),256)/2^7),2)*128)*65536+(MOD(INT(MOD(INT((D35)/16777216),256)/2^0),2)*MOD(INT(MOD(INT((E35)/16777216),256)/2^0),2)*1+MOD(INT(MOD(INT((D35)/16777216),256)/2^1),2)*MOD(INT(MOD(INT((E35)/16777216),256)/2^1),2)*2+MOD(INT(MOD(INT((D35)/16777216),256)/2^2),2)*MOD(INT(MOD(INT((E35)/16777216),256)/2^2),2)*4+MOD(INT(MOD(INT((D35)/16777216),256)/2^3),2)*MOD(INT(MOD(INT((E35)/16777216),256)/2^3),2)*8+MOD(INT(MOD(INT((D35)/16777216),256)/2^4),2)*MOD(INT(MOD(INT((E35)/16777216),256)/2^4),2)*16+MOD(INT(MOD(INT((D35)/16777216),256)/2^5),2)*MOD(INT(MOD(INT((E35)/16777216),256)/2^5),2)*32+MOD(INT(MOD(INT((D35)/16777216),256)/2^6),2)*MOD(INT(MOD(INT((E35)/16777216),256)/2^6),2)*64+MOD(INT(MOD(INT((D35)/16777216),256)/2^7),2)*MOD(INT(MOD(INT((E35)/16777216),256)/2^7),2)*128)*16777216) -> 2151678984 | J36: =((MOD(INT(MOD(INT((MOD(D35+E35-2*I36,4294967296))/1),256)/2^0),2)*MOD(INT(MOD(INT((F35)/1),256)/2^0),2)*1+MOD(INT(MOD(INT((MOD(D35+E35-2*I36,4294967296))/1),256)/2^1),2)*MOD(INT(MOD(INT((F35)/1),256)/2^1),2)*2+MOD(INT(MOD(INT((MOD(D35+E35-2*I36,4294967296))/1),256)/2^2),2)*MOD(INT(MOD(INT((F35)/1),256)/2^2),2)*4+MOD(INT(MOD(INT((MOD(D35+E35-2*I36,4294967296))/1),256)/2^3),2)*MOD(INT(MOD(INT((F35)/1),256)/2^3),2)*8+MOD(INT(MOD(INT((MOD(D35+E35-2*I36,4294967296))/1),256)/2^4),2)*MOD(INT(MOD(INT((F35)/1),256)/2^4),2)*16+MOD(INT(MOD(INT((MOD(D35+E35-2*I36,4294967296))/1),256)/2^5),2)*MOD(INT(MOD(INT((F35)/1),256)/2^5),2)*32+MOD(INT(MOD(INT((MOD(D35+E35-2*I36,4294967296))/1),256)/2^6),2)*MOD(INT(MOD(INT((F35)/1),256)/2^6),2)*64+MOD(INT(MOD(INT((MOD(D35+E35-2*I36,4294967296))/1),256)/2^7),2)*MOD(INT(MOD(INT((F35)/1),256)/2^7),2)*128)*1+(MOD(INT(MOD(INT((MOD(D35+E35-2*I36,4294967296))/256),256)/2^0),2)*MOD(INT(MOD(INT((F35)/256),256)/2^0),2)*1+MOD(INT(MOD(INT((MOD(D35+E35-2*I36,4294967296))/256),256)/2^1),2)*MOD(INT(MOD(INT((F35)/256),256)/2^1),2)*2+MOD(INT(MOD(INT((MOD(D35+E35-2*I36,4294967296))/256),256)/2^2),2)*MOD(INT(MOD(INT((F35)/256),256)/2^2),2)*4+MOD(INT(MOD(INT((MOD(D35+E35-2*I36,4294967296))/256),256)/2^3),2)*MOD(INT(MOD(INT((F35)/256),256)/2^3),2)*8+MOD(INT(MOD(INT((MOD(D35+E35-2*I36,4294967296))/256),256)/2^4),2)*MOD(INT(MOD(INT((F35)/256),256)/2^4),2)*16+MOD(INT(MOD(INT((MOD(D35+E35-2*I36,4294967296))/256),256)/2^5),2)*MOD(INT(MOD(INT((F35)/256),256)/2^5),2)*32+MOD(INT(MOD(INT((MOD(D35+E35-2*I36,4294967296))/256),256)/2^6),2)*MOD(INT(MOD(INT((F35)/256),256)/2^6),2)*64+MOD(INT(MOD(INT((MOD(D35+E35-2*I36,4294967296))/256),256)/2^7),2)*MOD(INT(MOD(INT((F35)/256),256)/2^7),2)*128)*256+(MOD(INT(MOD(INT((MOD(D35+E35-2*I36,4294967296))/65536),256)/2^0),2)*MOD(INT(MOD(INT((F35)/65536),256)/2^0),2)*1+MOD(INT(MOD(INT((MOD(D35+E35-2*I36,4294967296))/65536),256)/2^1),2)*MOD(INT(MOD(INT((F35)/65536),256)/2^1),2)*2+MOD(INT(MOD(INT((MOD(D35+E35-2*I36,4294967296))/65536),256)/2^2),2)*MOD(INT(MOD(INT((F35)/65536),256)/2^2),2)*4+MOD(INT(MOD(INT((MOD(D35+E35-2*I36,4294967296))/65536),256)/2^3),2)*MOD(INT(MOD(INT((F35)/65536),256)/2^3),2)*8+MOD(INT(MOD(INT((MOD(D35+E35-2*I36,4294967296))/65536),256)/2^4),2)*MOD(INT(MOD(INT((F35)/65536),256)/2^4),2)*16+MOD(INT(MOD(INT((MOD(D35+E35-2*I36,4294967296))/65536),256)/2^5),2)*MOD(INT(MOD(INT((F35)/65536),256)/2^5),2)*32+MOD(INT(MOD(INT((MOD(D35+E35-2*I36,4294967296))/65536),256)/2^6),2)*MOD(INT(MOD(INT((F35)/65536),256)/2^6),2)*64+MOD(INT(MOD(INT((MOD(D35+E35-2*I36,4294967296))/65536),256)/2^7),2)*MOD(INT(MOD(INT((F35)/65536),256)/2^7),2)*128)*65536+(MOD(INT(MOD(INT((MOD(D35+E35-2*I36,4294967296))/16777216),256)/2^0),2)*MOD(INT(MOD(INT((F35)/16777216),256)/2^0),2)*1+MOD(INT(MOD(INT((MOD(D35+E35-2*I36,4294967296))/16777216),256)/2^1),2)*MOD(INT(MOD(INT((F35)/16777216),256)/2^1),2)*2+MOD(INT(MOD(INT((MOD(D35+E35-2*I36,4294967296))/16777216),256)/2^2),2)*MOD(INT(MOD(INT((F35)/16777216),256)/2^2),2)*4+MOD(INT(MOD(INT((MOD(D35+E35-2*I36,4294967296))/16777216),256)/2^3),2)*MOD(INT(MOD(INT((F35)/16777216),256)/2^3),2)*8+MOD(INT(MOD(INT((MOD(D35+E35-2*I36,4294967296))/16777216),256)/2^4),2)*MOD(INT(MOD(INT((F35)/16777216),256)/2^4),2)*16+MOD(INT(MOD(INT((MOD(D35+E35-2*I36,4294967296))/16777216),256)/2^5),2)*MOD(INT(MOD(INT((F35)/16777216),256)/2^5),2)*32+MOD(INT(MOD(INT((MOD(D35+E35-2*I36,4294967296))/16777216),256)/2^6),2)*MOD(INT(MOD(INT((F35)/16777216),256)/2^6),2)*64+MOD(INT(MOD(INT((MOD(D35+E35-2*I36,4294967296))/16777216),256)/2^7),2)*MOD(INT(MOD(INT((F35)/16777216),256)/2^7),2)*128)*16777216) -> 603980128 | K36: =0 -> 0 | L36: =MOD(MOD(D35+E35-2*I36,4294967296)+F35-2*J36,4294967296) -> 3284071943 | P36: =MOD(MOD(D35,2^2)*2^30+INT(D35/2^2),4294967296) -> 2027324890
B37: 32 | C37: =MOD(H37+L37+G36+1859775393+BF231,4294967296) -> 1343901202 | D37: =C36 -> 83631977 | E37: =P37 -> 810208395 | F37: =E36 -> 2027324890 | G37: =F36 -> 2218845192 | H37: =MOD(MOD(C36,2^27)*2^5+INT(C36/2^27),4294967296) -> 2676223264 | I37: =((MOD(INT(MOD(INT((D36)/1),256)/2^0),2)*MOD(INT(MOD(INT((E36)/1),256)/2^0),2)*1+MOD(INT(MOD(INT((D36)/1),256)/2^1),2)*MOD(INT(MOD(INT((E36)/1),256)/2^1),2)*2+MOD(INT(MOD(INT((D36)/1),256)/2^2),2)*MOD(INT(MOD(INT((E36)/1),256)/2^2),2)*4+MOD(INT(MOD(INT((D36)/1),256)/2^3),2)*MOD(INT(MOD(INT((E36)/1),256)/2^3),2)*8+MOD(INT(MOD(INT((D36)/1),256)/2^4),2)*MOD(INT(MOD(INT((E36)/1),256)/2^4),2)*16+MOD(INT(MOD(INT((D36)/1),256)/2^5),2)*MOD(INT(MOD(INT((E36)/1),256)/2^5),2)*32+MOD(INT(MOD(INT((D36)/1),256)/2^6),2)*MOD(INT(MOD(INT((E36)/1),256)/2^6),2)*64+MOD(INT(MOD(INT((D36)/1),256)/2^7),2)*MOD(INT(MOD(INT((E36)/1),256)/2^7),2)*128)*1+(MOD(INT(MOD(INT((D36)/256),256)/2^0),2)*MOD(INT(MOD(INT((E36)/256),256)/2^0),2)*1+MOD(INT(MOD(INT((D36)/256),256)/2^1),2)*MOD(INT(MOD(INT((E36)/256),256)/2^1),2)*2+MOD(INT(MOD(INT((D36)/256),256)/2^2),2)*MOD(INT(MOD(INT((E36)/256),256)/2^2),2)*4+MOD(INT(MOD(INT((D36)/256),256)/2^3),2)*MOD(INT(MOD(INT((E36)/256),256)/2^3),2)*8+MOD(INT(MOD(INT((D36)/256),256)/2^4),2)*MOD(INT(MOD(INT((E36)/256),256)/2^4),2)*16+MOD(INT(MOD(INT((D36)/256),256)/2^5),2)*MOD(INT(MOD(INT((E36)/256),256)/2^5),2)*32+MOD(INT(MOD(INT((D36)/256),256)/2^6),2)*MOD(INT(MOD(INT((E36)/256),256)/2^6),2)*64+MOD(INT(MOD(INT((D36)/256),256)/2^7),2)*MOD(INT(MOD(INT((E36)/256),256)/2^7),2)*128)*256+(MOD(INT(MOD(INT((D36)/65536),256)/2^0),2)*MOD(INT(MOD(INT((E36)/65536),256)/2^0),2)*1+MOD(INT(MOD(INT((D36)/65536),256)/2^1),2)*MOD(INT(MOD(INT((E36)/65536),256)/2^1),2)*2+MOD(INT(MOD(INT((D36)/65536),256)/2^2),2)*MOD(INT(MOD(INT((E36)/65536),256)/2^2),2)*4+MOD(INT(MOD(INT((D36)/65536),256)/2^3),2)*MOD(INT(MOD(INT((E36)/65536),256)/2^3),2)*8+MOD(INT(MOD(INT((D36)/65536),256)/2^4),2)*MOD(INT(MOD(INT((E36)/65536),256)/2^4),2)*16+MOD(INT(MOD(INT((D36)/65536),256)/2^5),2)*MOD(INT(MOD(INT((E36)/65536),256)/2^5),2)*32+MOD(INT(MOD(INT((D36)/65536),256)/2^6),2)*MOD(INT(MOD(INT((E36)/65536),256)/2^6),2)*64+MOD(INT(MOD(INT((D36)/65536),256)/2^7),2)*MOD(INT(MOD(INT((E36)/65536),256)/2^7),2)*128)*65536+(MOD(INT(MOD(INT((D36)/16777216),256)/2^0),2)*MOD(INT(MOD(INT((E36)/16777216),256)/2^0),2)*1+MOD(INT(MOD(INT((D36)/16777216),256)/2^1),2)*MOD(INT(MOD(INT((E36)/16777216),256)/2^1),2)*2+MOD(INT(MOD(INT((D36)/16777216),256)/2^2),2)*MOD(INT(MOD(INT((E36)/16777216),256)/2^2),2)*4+MOD(INT(MOD(INT((D36)/16777216),256)/2^3),2)*MOD(INT(MOD(INT((E36)/16777216),256)/2^3),2)*8+MOD(INT(MOD(INT((D36)/16777216),256)/2^4),2)*MOD(INT(MOD(INT((E36)/16777216),256)/2^4),2)*16+MOD(INT(MOD(INT((D36)/16777216),256)/2^5),2)*MOD(INT(MOD(INT((E36)/16777216),256)/2^5),2)*32+MOD(INT(MOD(INT((D36)/16777216),256)/2^6),2)*MOD(INT(MOD(INT((E36)/16777216),256)/2^6),2)*64+MOD(INT(MOD(INT((D36)/16777216),256)/2^7),2)*MOD(INT(MOD(INT((E36)/16777216),256)/2^7),2)*128)*16777216) -> 1073872904 | J37: =((MOD(INT(MOD(INT((MOD(D36+E36-2*I37,4294967296))/1),256)/2^0),2)*MOD(INT(MOD(INT((F36)/1),256)/2^0),2)*1+MOD(INT(MOD(INT((MOD(D36+E36-2*I37,4294967296))/1),256)/2^1),2)*MOD(INT(MOD(INT((F36)/1),256)/2^1),2)*2+MOD(INT(MOD(INT((MOD(D36+E36-2*I37,4294967296))/1),256)/2^2),2)*MOD(INT(MOD(INT((F36)/1),256)/2^2),2)*4+MOD(INT(MOD(INT((MOD(D36+E36-2*I37,4294967296))/1),256)/2^3),2)*MOD(INT(MOD(INT((F36)/1),256)/2^3),2)*8+MOD(INT(MOD(INT((MOD(D36+E36-2*I37,4294967296))/1),256)/2^4),2)*MOD(INT(MOD(INT((F36)/1),256)/2^4),2)*16+MOD(INT(MOD(INT((MOD(D36+E36-2*I37,4294967296))/1),256)/2^5),2)*MOD(INT(MOD(INT((F36)/1),256)/2^5),2)*32+MOD(INT(MOD(INT((MOD(D36+E36-2*I37,4294967296))/1),256)/2^6),2)*MOD(INT(MOD(INT((F36)/1),256)/2^6),2)*64+MOD(INT(MOD(INT((MOD(D36+E36-2*I37,4294967296))/1),256)/2^7),2)*MOD(INT(MOD(INT((F36)/1),256)/2^7),2)*128)*1+(MOD(INT(MOD(INT((MOD(D36+E36-2*I37,4294967296))/256),256)/2^0),2)*MOD(INT(MOD(INT((F36)/256),256)/2^0),2)*1+MOD(INT(MOD(INT((MOD(D36+E36-2*I37,4294967296))/256),256)/2^1),2)*MOD(INT(MOD(INT((F36)/256),256)/2^1),2)*2+MOD(INT(MOD(INT((MOD(D36+E36-2*I37,4294967296))/256),256)/2^2),2)*MOD(INT(MOD(INT((F36)/256),256)/2^2),2)*4+MOD(INT(MOD(INT((MOD(D36+E36-2*I37,4294967296))/256),256)/2^3),2)*MOD(INT(MOD(INT((F36)/256),256)/2^3),2)*8+MOD(INT(MOD(INT((MOD(D36+E36-2*I37,4294967296))/256),256)/2^4),2)*MOD(INT(MOD(INT((F36)/256),256)/2^4),2)*16+MOD(INT(MOD(INT((MOD(D36+E36-2*I37,4294967296))/256),256)/2^5),2)*MOD(INT(MOD(INT((F36)/256),256)/2^5),2)*32+MOD(INT(MOD(INT((MOD(D36+E36-2*I37,4294967296))/256),256)/2^6),2)*MOD(INT(MOD(INT((F36)/256),256)/2^6),2)*64+MOD(INT(MOD(INT((MOD(D36+E36-2*I37,4294967296))/256),256)/2^7),2)*MOD(INT(MOD(INT((F36)/256),256)/2^7),2)*128)*256+(MOD(INT(MOD(INT((MOD(D36+E36-2*I37,4294967296))/65536),256)/2^0),2)*MOD(INT(MOD(INT((F36)/65536),256)/2^0),2)*1+MOD(INT(MOD(INT((MOD(D36+E36-2*I37,4294967296))/65536),256)/2^1),2)*MOD(INT(MOD(INT((F36)/65536),256)/2^1),2)*2+MOD(INT(MOD(INT((MOD(D36+E36-2*I37,4294967296))/65536),256)/2^2),2)*MOD(INT(MOD(INT((F36)/65536),256)/2^2),2)*4+MOD(INT(MOD(INT((MOD(D36+E36-2*I37,4294967296))/65536),256)/2^3),2)*MOD(INT(MOD(INT((F36)/65536),256)/2^3),2)*8+MOD(INT(MOD(INT((MOD(D36+E36-2*I37,4294967296))/65536),256)/2^4),2)*MOD(INT(MOD(INT((F36)/65536),256)/2^4),2)*16+MOD(INT(MOD(INT((MOD(D36+E36-2*I37,4294967296))/65536),256)/2^5),2)*MOD(INT(MOD(INT((F36)/65536),256)/2^5),2)*32+MOD(INT(MOD(INT((MOD(D36+E36-2*I37,4294967296))/65536),256)/2^6),2)*MOD(INT(MOD(INT((F36)/65536),256)/2^6),2)*64+MOD(INT(MOD(INT((MOD(D36+E36-2*I37,4294967296))/65536),256)/2^7),2)*MOD(INT(MOD(INT((F36)/65536),256)/2^7),2)*128)*65536+(MOD(INT(MOD(INT((MOD(D36+E36-2*I37,4294967296))/16777216),256)/2^0),2)*MOD(INT(MOD(INT((F36)/16777216),256)/2^0),2)*1+MOD(INT(MOD(INT((MOD(D36+E36-2*I37,4294967296))/16777216),256)/2^1),2)*MOD(INT(MOD(INT((F36)/16777216),256)/2^1),2)*2+MOD(INT(MOD(INT((MOD(D36+E36-2*I37,4294967296))/16777216),256)/2^2),2)*MOD(INT(MOD(INT((F36)/16777216),256)/2^2),2)*4+MOD(INT(MOD(INT((MOD(D36+E36-2*I37,4294967296))/16777216),256)/2^3),2)*MOD(INT(MOD(INT((F36)/16777216),256)/2^3),2)*8+MOD(INT(MOD(INT((MOD(D36+E36-2*I37,4294967296))/16777216),256)/2^4),2)*MOD(INT(MOD(INT((F36)/16777216),256)/2^4),2)*16+MOD(INT(MOD(INT((MOD(D36+E36-2*I37,4294967296))/16777216),256)/2^5),2)*MOD(INT(MOD(INT((F36)/16777216),256)/2^5),2)*32+MOD(INT(MOD(INT((MOD(D36+E36-2*I37,4294967296))/16777216),256)/2^6),2)*MOD(INT(MOD(INT((F36)/16777216),256)/2^6),2)*64+MOD(INT(MOD(INT((MOD(D36+E36-2*I37,4294967296))/16777216),256)/2^7),2)*MOD(INT(MOD(INT((F36)/16777216),256)/2^7),2)*128)*16777216) -> 2151719936 | K37: =0 -> 0 | L37: =MOD(MOD(D36+E36-2*I37,4294967296)+F36-2*J37,4294967296) -> 1035817982 | P37: =MOD(MOD(D36,2^2)*2^30+INT(D36/2^2),4294967296) -> 810208395
... B45: 40 | C45: =MOD(H45+L45+G44+1859775393+BF239,4294967296) -> 1499324315 | D45: =C44 -> 498995632 | E45: =P45 -> 339933353 | F45: =E44 -> 2097856650 | G45: =F44 -> 3915411701 | H45: =MOD(MOD(C44,2^27)*2^5+INT(C44/2^27),4294967296) -> 3082958339 | I45: =((MOD(INT(MOD(INT((D44)/1),256)/2^0),2)*MOD(INT(MOD(INT((E44)/1),256)/2^0),2)*1+MOD(INT(MOD(INT((D44)/1),256)/2^1),2)*MOD(INT(MOD(INT((E44)/1),256)/2^1),2)*2+MOD(INT(MOD(INT((D44)/1),256)/2^2),2)*MOD(INT(MOD(INT((E44)/1),256)/2^2),2)*4+MOD(INT(MOD(INT((D44)/1),256)/2^3),2)*MOD(INT(MOD(INT((E44)/1),256)/2^3),2)*8+MOD(INT(MOD(INT((D44)/1),256)/2^4),2)*MOD(INT(MOD(INT((E44)/1),256)/2^4),2)*16+MOD(INT(MOD(INT((D44)/1),256)/2^5),2)*MOD(INT(MOD(INT((E44)/1),256)/2^5),2)*32+MOD(INT(MOD(INT((D44)/1),256)/2^6),2)*MOD(INT(MOD(INT((E44)/1),256)/2^6),2)*64+MOD(INT(MOD(INT((D44)/1),256)/2^7),2)*MOD(INT(MOD(INT((E44)/1),256)/2^7),2)*128)*1+(MOD(INT(MOD(INT((D44)/256),256)/2^0),2)*MOD(INT(MOD(INT((E44)/256),256)/2^0),2)*1+MOD(INT(MOD(INT((D44)/256),256)/2^1),2)*MOD(INT(MOD(INT((E44)/256),256)/2^1),2)*2+MOD(INT(MOD(INT((D44)/256),256)/2^2),2)*MOD(INT(MOD(INT((E44)/256),256)/2^2),2)*4+MOD(INT(MOD(INT((D44)/256),256)/2^3),2)*MOD(INT(MOD(INT((E44)/256),256)/2^3),2)*8+MOD(INT(MOD(INT((D44)/256),256)/2^4),2)*MOD(INT(MOD(INT((E44)/256),256)/2^4),2)*16+MOD(INT(MOD(INT((D44)/256),256)/2^5),2)*MOD(INT(MOD(INT((E44)/256),256)/2^5),2)*32+MOD(INT(MOD(INT((D44)/256),256)/2^6),2)*MOD(INT(MOD(INT((E44)/256),256)/2^6),2)*64+MOD(INT(MOD(INT((D44)/256),256)/2^7),2)*MOD(INT(MOD(INT((E44)/256),256)/2^7),2)*128)*256+(MOD(INT(MOD(INT((D44)/65536),256)/2^0),2)*MOD(INT(MOD(INT((E44)/65536),256)/2^0),2)*1+MOD(INT(MOD(INT((D44)/65536),256)/2^1),2)*MOD(INT(MOD(INT((E44)/65536),256)/2^1),2)*2+MOD(INT(MOD(INT((D44)/65536),256)/2^2),2)*MOD(INT(MOD(INT((E44)/65536),256)/2^2),2)*4+MOD(INT(MOD(INT((D44)/65536),256)/2^3),2)*MOD(INT(MOD(INT((E44)/65536),256)/2^3),2)*8+MOD(INT(MOD(INT((D44)/65536),256)/2^4),2)*MOD(INT(MOD(INT((E44)/65536),256)/2^4),2)*16+MOD(INT(MOD(INT((D44)/65536),256)/2^5),2)*MOD(INT(MOD(INT((E44)/65536),256)/2^5),2)*32+MOD(INT(MOD(INT((D44)/65536),256)/2^6),2)*MOD(INT(MOD(INT((E44)/65536),256)/2^6),2)*64+MOD(INT(MOD(INT((D44)/65536),256)/2^7),2)*MOD(INT(MOD(INT((E44)/65536),256)/2^7),2)*128)*65536+(MOD(INT(MOD(INT((D44)/16777216),256)/2^0),2)*MOD(INT(MOD(INT((E44)/16777216),256)/2^0),2)*1+MOD(INT(MOD(INT((D44)/16777216),256)/2^1),2)*MOD(INT(MOD(INT((E44)/16777216),256)/2^1),2)*2+MOD(INT(MOD(INT((D44)/16777216),256)/2^2),2)*MOD(INT(MOD(INT((E44)/16777216),256)/2^2),2)*4+MOD(INT(MOD(INT((D44)/16777216),256)/2^3),2)*MOD(INT(MOD(INT((E44)/16777216),256)/2^3),2)*8+MOD(INT(MOD(INT((D44)/16777216),256)/2^4),2)*MOD(INT(MOD(INT((E44)/16777216),256)/2^4),2)*16+MOD(INT(MOD(INT((D44)/16777216),256)/2^5),2)*MOD(INT(MOD(INT((E44)/16777216),256)/2^5),2)*32+MOD(INT(MOD(INT((D44)/16777216),256)/2^6),2)*MOD(INT(MOD(INT((E44)/16777216),256)/2^6),2)*64+MOD(INT(MOD(INT((D44)/16777216),256)/2^7),2)*MOD(INT(MOD(INT((E44)/16777216),256)/2^7),2)*128)*16777216) -> 1359659136 | J45: =((MOD(INT(MOD(INT((MOD(D44+E44-2*I45,4294967296))/1),256)/2^0),2)*MOD(INT(MOD(INT((F44)/1),256)/2^0),2)*1+MOD(INT(MOD(INT((MOD(D44+E44-2*I45,4294967296))/1),256)/2^1),2)*MOD(INT(MOD(INT((F44)/1),256)/2^1),2)*2+MOD(INT(MOD(INT((MOD(D44+E44-2*I45,4294967296))/1),256)/2^2),2)*MOD(INT(MOD(INT((F44)/1),256)/2^2),2)*4+MOD(INT(MOD(INT((MOD(D44+E44-2*I45,4294967296))/1),256)/2^3),2)*MOD(INT(MOD(INT((F44)/1),256)/2^3),2)*8+MOD(INT(MOD(INT((MOD(D44+E44-2*I45,4294967296))/1),256)/2^4),2)*MOD(INT(MOD(INT((F44)/1),256)/2^4),2)*16+MOD(INT(MOD(INT((MOD(D44+E44-2*I45,4294967296))/1),256)/2^5),2)*MOD(INT(MOD(INT((F44)/1),256)/2^5),2)*32+MOD(INT(MOD(INT((MOD(D44+E44-2*I45,4294967296))/1),256)/2^6),2)*MOD(INT(MOD(INT((F44)/1),256)/2^6),2)*64+MOD(INT(MOD(INT((MOD(D44+E44-2*I45,4294967296))/1),256)/2^7),2)*MOD(INT(MOD(INT((F44)/1),256)/2^7),2)*128)*1+(MOD(INT(MOD(INT((MOD(D44+E44-2*I45,4294967296))/256),256)/2^0),2)*MOD(INT(MOD(INT((F44)/256),256)/2^0),2)*1+MOD(INT(MOD(INT((MOD(D44+E44-2*I45,4294967296))/256),256)/2^1),2)*MOD(INT(MOD(INT((F44)/256),256)/2^1),2)*2+MOD(INT(MOD(INT((MOD(D44+E44-2*I45,4294967296))/256),256)/2^2),2)*MOD(INT(MOD(INT((F44)/256),256)/2^2),2)*4+MOD(INT(MOD(INT((MOD(D44+E44-2*I45,4294967296))/256),256)/2^3),2)*MOD(INT(MOD(INT((F44)/256),256)/2^3),2)*8+MOD(INT(MOD(INT((MOD(D44+E44-2*I45,4294967296))/256),256)/2^4),2)*MOD(INT(MOD(INT((F44)/256),256)/2^4),2)*16+MOD(INT(MOD(INT((MOD(D44+E44-2*I45,4294967296))/256),256)/2^5),2)*MOD(INT(MOD(INT((F44)/256),256)/2^5),2)*32+MOD(INT(MOD(INT((MOD(D44+E44-2*I45,4294967296))/256),256)/2^6),2)*MOD(INT(MOD(INT((F44)/256),256)/2^6),2)*64+MOD(INT(MOD(INT((MOD(D44+E44-2*I45,4294967296))/256),256)/2^7),2)*MOD(INT(MOD(INT((F44)/256),256)/2^7),2)*128)*256+(MOD(INT(MOD(INT((MOD(D44+E44-2*I45,4294967296))/65536),256)/2^0),2)*MOD(INT(MOD(INT((F44)/65536),256)/2^0),2)*1+MOD(INT(MOD(INT((MOD(D44+E44-2*I45,4294967296))/65536),256)/2^1),2)*MOD(INT(MOD(INT((F44)/65536),256)/2^1),2)*2+MOD(INT(MOD(INT((MOD(D44+E44-2*I45,4294967296))/65536),256)/2^2),2)*MOD(INT(MOD(INT((F44)/65536),256)/2^2),2)*4+MOD(INT(MOD(INT((MOD(D44+E44-2*I45,4294967296))/65536),256)/2^3),2)*MOD(INT(MOD(INT((F44)/65536),256)/2^3),2)*8+MOD(INT(MOD(INT((MOD(D44+E44-2*I45,4294967296))/65536),256)/2^4),2)*MOD(INT(MOD(INT((F44)/65536),256)/2^4),2)*16+MOD(INT(MOD(INT((MOD(D44+E44-2*I45,4294967296))/65536),256)/2^5),2)*MOD(INT(MOD(INT((F44)/65536),256)/2^5),2)*32+MOD(INT(MOD(INT((MOD(D44+E44-2*I45,4294967296))/65536),256)/2^6),2)*MOD(INT(MOD(INT((F44)/65536),256)/2^6),2)*64+MOD(INT(MOD(INT((MOD(D44+E44-2*I45,4294967296))/65536),256)/2^7),2)*MOD(INT(MOD(INT((F44)/65536),256)/2^7),2)*128)*65536+(MOD(INT(MOD(INT((MOD(D44+E44-2*I45,4294967296))/16777216),256)/2^0),2)*MOD(INT(MOD(INT((F44)/16777216),256)/2^0),2)*1+MOD(INT(MOD(INT((MOD(D44+E44-2*I45,4294967296))/16777216),256)/2^1),2)*MOD(INT(MOD(INT((F44)/16777216),256)/2^1),2)*2+MOD(INT(MOD(INT((MOD(D44+E44-2*I45,4294967296))/16777216),256)/2^2),2)*MOD(INT(MOD(INT((F44)/16777216),256)/2^2),2)*4+MOD(INT(MOD(INT((MOD(D44+E44-2*I45,4294967296))/16777216),256)/2^3),2)*MOD(INT(MOD(INT((F44)/16777216),256)/2^3),2)*8+MOD(INT(MOD(INT((MOD(D44+E44-2*I45,4294967296))/16777216),256)/2^4),2)*MOD(INT(MOD(INT((F44)/16777216),256)/2^4),2)*16+MOD(INT(MOD(INT((MOD(D44+E44-2*I45,4294967296))/16777216),256)/2^5),2)*MOD(INT(MOD(INT((F44)/16777216),256)/2^5),2)*32+MOD(INT(MOD(INT((MOD(D44+E44-2*I45,4294967296))/16777216),256)/2^6),2)*MOD(INT(MOD(INT((F44)/16777216),256)/2^6),2)*64+MOD(INT(MOD(INT((MOD(D44+E44-2*I45,4294967296))/16777216),256)/2^7),2)*MOD(INT(MOD(INT((F44)/16777216),256)/2^7),2)*128)*16777216) -> 671096868 | K45: =0 -> 0 | L45: =MOD(MOD(D44+E44-2*I45,4294967296)+F44-2*J45,4294967296) -> 3311489755 | P45: =MOD(MOD(D44,2^2)*2^30+INT(D44/2^2),4294967296) -> 339933353
B46: 41 | C46: =MOD(H46+M46+G45+2400959708+BF240,4294967296) -> 231804922 | D46: =C45 -> 1499324315 | E46: =P46 -> 124748908 | F46: =E45 -> 339933353 | G46: =F45 -> 2097856650 | H46: =MOD(MOD(C45,2^27)*2^5+INT(C45/2^27),4294967296) -> 733737835 | I46: =((MOD(INT(MOD(INT((D45)/1),256)/2^0),2)*MOD(INT(MOD(INT((E45)/1),256)/2^0),2)*1+MOD(INT(MOD(INT((D45)/1),256)/2^1),2)*MOD(INT(MOD(INT((E45)/1),256)/2^1),2)*2+MOD(INT(MOD(INT((D45)/1),256)/2^2),2)*MOD(INT(MOD(INT((E45)/1),256)/2^2),2)*4+MOD(INT(MOD(INT((D45)/1),256)/2^3),2)*MOD(INT(MOD(INT((E45)/1),256)/2^3),2)*8+MOD(INT(MOD(INT((D45)/1),256)/2^4),2)*MOD(INT(MOD(INT((E45)/1),256)/2^4),2)*16+MOD(INT(MOD(INT((D45)/1),256)/2^5),2)*MOD(INT(MOD(INT((E45)/1),256)/2^5),2)*32+MOD(INT(MOD(INT((D45)/1),256)/2^6),2)*MOD(INT(MOD(INT((E45)/1),256)/2^6),2)*64+MOD(INT(MOD(INT((D45)/1),256)/2^7),2)*MOD(INT(MOD(INT((E45)/1),256)/2^7),2)*128)*1+(MOD(INT(MOD(INT((D45)/256),256)/2^0),2)*MOD(INT(MOD(INT((E45)/256),256)/2^0),2)*1+MOD(INT(MOD(INT((D45)/256),256)/2^1),2)*MOD(INT(MOD(INT((E45)/256),256)/2^1),2)*2+MOD(INT(MOD(INT((D45)/256),256)/2^2),2)*MOD(INT(MOD(INT((E45)/256),256)/2^2),2)*4+MOD(INT(MOD(INT((D45)/256),256)/2^3),2)*MOD(INT(MOD(INT((E45)/256),256)/2^3),2)*8+MOD(INT(MOD(INT((D45)/256),256)/2^4),2)*MOD(INT(MOD(INT((E45)/256),256)/2^4),2)*16+MOD(INT(MOD(INT((D45)/256),256)/2^5),2)*MOD(INT(MOD(INT((E45)/256),256)/2^5),2)*32+MOD(INT(MOD(INT((D45)/256),256)/2^6),2)*MOD(INT(MOD(INT((E45)/256),256)/2^6),2)*64+MOD(INT(MOD(INT((D45)/256),256)/2^7),2)*MOD(INT(MOD(INT((E45)/256),256)/2^7),2)*128)*256+(MOD(INT(MOD(INT((D45)/65536),256)/2^0),2)*MOD(INT(MOD(INT((E45)/65536),256)/2^0),2)*1+MOD(INT(MOD(INT((D45)/65536),256)/2^1),2)*MOD(INT(MOD(INT((E45)/65536),256)/2^1),2)*2+MOD(INT(MOD(INT((D45)/65536),256)/2^2),2)*MOD(INT(MOD(INT((E45)/65536),256)/2^2),2)*4+MOD(INT(MOD(INT((D45)/65536),256)/2^3),2)*MOD(INT(MOD(INT((E45)/65536),256)/2^3),2)*8+MOD(INT(MOD(INT((D45)/65536),256)/2^4),2)*MOD(INT(MOD(INT((E45)/65536),256)/2^4),2)*16+MOD(INT(MOD(INT((D45)/65536),256)/2^5),2)*MOD(INT(MOD(INT((E45)/65536),256)/2^5),2)*32+MOD(INT(MOD(INT((D45)/65536),256)/2^6),2)*MOD(INT(MOD(INT((E45)/65536),256)/2^6),2)*64+MOD(INT(MOD(INT((D45)/65536),256)/2^7),2)*MOD(INT(MOD(INT((E45)/65536),256)/2^7),2)*128)*65536+(MOD(INT(MOD(INT((D45)/16777216),256)/2^0),2)*MOD(INT(MOD(INT((E45)/16777216),256)/2^0),2)*1+MOD(INT(MOD(INT((D45)/16777216),256)/2^1),2)*MOD(INT(MOD(INT((E45)/16777216),256)/2^1),2)*2+MOD(INT(MOD(INT((D45)/16777216),256)/2^2),2)*MOD(INT(MOD(INT((E45)/16777216),256)/2^2),2)*4+MOD(INT(MOD(INT((D45)/16777216),256)/2^3),2)*MOD(INT(MOD(INT((E45)/16777216),256)/2^3),2)*8+MOD(INT(MOD(INT((D45)/16777216),256)/2^4),2)*MOD(INT(MOD(INT((E45)/16777216),256)/2^4),2)*16+MOD(INT(MOD(INT((D45)/16777216),256)/2^5),2)*MOD(INT(MOD(INT((E45)/16777216),256)/2^5),2)*32+MOD(INT(MOD(INT((D45)/16777216),256)/2^6),2)*MOD(INT(MOD(INT((E45)/16777216),256)/2^6),2)*64+MOD(INT(MOD(INT((D45)/16777216),256)/2^7),2)*MOD(INT(MOD(INT((E45)/16777216),256)/2^7),2)*128)*16777216) -> 335679648 | J46: =((MOD(INT(MOD(INT((D45)/1),256)/2^0),2)*MOD(INT(MOD(INT((F45)/1),256)/2^0),2)*1+MOD(INT(MOD(INT((D45)/1),256)/2^1),2)*MOD(INT(MOD(INT((F45)/1),256)/2^1),2)*2+MOD(INT(MOD(INT((D45)/1),256)/2^2),2)*MOD(INT(MOD(INT((F45)/1),256)/2^2),2)*4+MOD(INT(MOD(INT((D45)/1),256)/2^3),2)*MOD(INT(MOD(INT((F45)/1),256)/2^3),2)*8+MOD(INT(MOD(INT((D45)/1),256)/2^4),2)*MOD(INT(MOD(INT((F45)/1),256)/2^4),2)*16+MOD(INT(MOD(INT((D45)/1),256)/2^5),2)*MOD(INT(MOD(INT((F45)/1),256)/2^5),2)*32+MOD(INT(MOD(INT((D45)/1),256)/2^6),2)*MOD(INT(MOD(INT((F45)/1),256)/2^6),2)*64+MOD(INT(MOD(INT((D45)/1),256)/2^7),2)*MOD(INT(MOD(INT((F45)/1),256)/2^7),2)*128)*1+(MOD(INT(MOD(INT((D45)/256),256)/2^0),2)*MOD(INT(MOD(INT((F45)/256),256)/2^0),2)*1+MOD(INT(MOD(INT((D45)/256),256)/2^1),2)*MOD(INT(MOD(INT((F45)/256),256)/2^1),2)*2+MOD(INT(MOD(INT((D45)/256),256)/2^2),2)*MOD(INT(MOD(INT((F45)/256),256)/2^2),2)*4+MOD(INT(MOD(INT((D45)/256),256)/2^3),2)*MOD(INT(MOD(INT((F45)/256),256)/2^3),2)*8+MOD(INT(MOD(INT((D45)/256),256)/2^4),2)*MOD(INT(MOD(INT((F45)/256),256)/2^4),2)*16+MOD(INT(MOD(INT((D45)/256),256)/2^5),2)*MOD(INT(MOD(INT((F45)/256),256)/2^5),2)*32+MOD(INT(MOD(INT((D45)/256),256)/2^6),2)*MOD(INT(MOD(INT((F45)/256),256)/2^6),2)*64+MOD(INT(MOD(INT((D45)/256),256)/2^7),2)*MOD(INT(MOD(INT((F45)/256),256)/2^7),2)*128)*256+(MOD(INT(MOD(INT((D45)/65536),256)/2^0),2)*MOD(INT(MOD(INT((F45)/65536),256)/2^0),2)*1+MOD(INT(MOD(INT((D45)/65536),256)/2^1),2)*MOD(INT(MOD(INT((F45)/65536),256)/2^1),2)*2+MOD(INT(MOD(INT((D45)/65536),256)/2^2),2)*MOD(INT(MOD(INT((F45)/65536),256)/2^2),2)*4+MOD(INT(MOD(INT((D45)/65536),256)/2^3),2)*MOD(INT(MOD(INT((F45)/65536),256)/2^3),2)*8+MOD(INT(MOD(INT((D45)/65536),256)/2^4),2)*MOD(INT(MOD(INT((F45)/65536),256)/2^4),2)*16+MOD(INT(MOD(INT((D45)/65536),256)/2^5),2)*MOD(INT(MOD(INT((F45)/65536),256)/2^5),2)*32+MOD(INT(MOD(INT((D45)/65536),256)/2^6),2)*MOD(INT(MOD(INT((F45)/65536),256)/2^6),2)*64+MOD(INT(MOD(INT((D45)/65536),256)/2^7),2)*MOD(INT(MOD(INT((F45)/65536),256)/2^7),2)*128)*65536+(MOD(INT(MOD(INT((D45)/16777216),256)/2^0),2)*MOD(INT(MOD(INT((F45)/16777216),256)/2^0),2)*1+MOD(INT(MOD(INT((D45)/16777216),256)/2^1),2)*MOD(INT(MOD(INT((F45)/16777216),256)/2^1),2)*2+MOD(INT(MOD(INT((D45)/16777216),256)/2^2),2)*MOD(INT(MOD(INT((F45)/16777216),256)/2^2),2)*4+MOD(INT(MOD(INT((D45)/16777216),256)/2^3),2)*MOD(INT(MOD(INT((F45)/16777216),256)/2^3),2)*8+MOD(INT(MOD(INT((D45)/16777216),256)/2^4),2)*MOD(INT(MOD(INT((F45)/16777216),256)/2^4),2)*16+MOD(INT(MOD(INT((D45)/16777216),256)/2^5),2)*MOD(INT(MOD(INT((F45)/16777216),256)/2^5),2)*32+MOD(INT(MOD(INT((D45)/16777216),256)/2^6),2)*MOD(INT(MOD(INT((F45)/16777216),256)/2^6),2)*64+MOD(INT(MOD(INT((D45)/16777216),256)/2^7),2)*MOD(INT(MOD(INT((F45)/16777216),256)/2^7),2)*128)*16777216) -> 487194752 | K46: =((MOD(INT(MOD(INT((E45)/1),256)/2^0),2)*MOD(INT(MOD(INT((F45)/1),256)/2^0),2)*1+MOD(INT(MOD(INT((E45)/1),256)/2^1),2)*MOD(INT(MOD(INT((F45)/1),256)/2^1),2)*2+MOD(INT(MOD(INT((E45)/1),256)/2^2),2)*MOD(INT(MOD(INT((F45)/1),256)/2^2),2)*4+MOD(INT(MOD(INT((E45)/1),256)/2^3),2)*MOD(INT(MOD(INT((F45)/1),256)/2^3),2)*8+MOD(INT(MOD(INT((E45)/1),256)/2^4),2)*MOD(INT(MOD(INT((F45)/1),256)/2^4),2)*16+MOD(INT(MOD(INT((E45)/1),256)/2^5),2)*MOD(INT(MOD(INT((F45)/1),256)/2^5),2)*32+MOD(INT(MOD(INT((E45)/1),256)/2^6),2)*MOD(INT(MOD(INT((F45)/1),256)/2^6),2)*64+MOD(INT(MOD(INT((E45)/1),256)/2^7),2)*MOD(INT(MOD(INT((F45)/1),256)/2^7),2)*128)*1+(MOD(INT(MOD(INT((E45)/256),256)/2^0),2)*MOD(INT(MOD(INT((F45)/256),256)/2^0),2)*1+MOD(INT(MOD(INT((E45)/256),256)/2^1),2)*MOD(INT(MOD(INT((F45)/256),256)/2^1),2)*2+MOD(INT(MOD(INT((E45)/256),256)/2^2),2)*MOD(INT(MOD(INT((F45)/256),256)/2^2),2)*4+MOD(INT(MOD(INT((E45)/256),256)/2^3),2)*MOD(INT(MOD(INT((F45)/256),256)/2^3),2)*8+MOD(INT(MOD(INT((E45)/256),256)/2^4),2)*MOD(INT(MOD(INT((F45)/256),256)/2^4),2)*16+MOD(INT(MOD(INT((E45)/256),256)/2^5),2)*MOD(INT(MOD(INT((F45)/256),256)/2^5),2)*32+MOD(INT(MOD(INT((E45)/256),256)/2^6),2)*MOD(INT(MOD(INT((F45)/256),256)/2^6),2)*64+MOD(INT(MOD(INT((E45)/256),256)/2^7),2)*MOD(INT(MOD(INT((F45)/256),256)/2^7),2)*128)*256+(MOD(INT(MOD(INT((E45)/65536),256)/2^0),2)*MOD(INT(MOD(INT((F45)/65536),256)/2^0),2)*1+MOD(INT(MOD(INT((E45)/65536),256)/2^1),2)*MOD(INT(MOD(INT((F45)/65536),256)/2^1),2)*2+MOD(INT(MOD(INT((E45)/65536),256)/2^2),2)*MOD(INT(MOD(INT((F45)/65536),256)/2^2),2)*4+MOD(INT(MOD(INT((E45)/65536),256)/2^3),2)*MOD(INT(MOD(INT((F45)/65536),256)/2^3),2)*8+MOD(INT(MOD(INT((E45)/65536),256)/2^4),2)*MOD(INT(MOD(INT((F45)/65536),256)/2^4),2)*16+MOD(INT(MOD(INT((E45)/65536),256)/2^5),2)*MOD(INT(MOD(INT((F45)/65536),256)/2^5),2)*32+MOD(INT(MOD(INT((E45)/65536),256)/2^6),2)*MOD(INT(MOD(INT((F45)/65536),256)/2^6),2)*64+MOD(INT(MOD(INT((E45)/65536),256)/2^7),2)*MOD(INT(MOD(INT((F45)/65536),256)/2^7),2)*128)*65536+(MOD(INT(MOD(INT((E45)/16777216),256)/2^0),2)*MOD(INT(MOD(INT((F45)/16777216),256)/2^0),2)*1+MOD(INT(MOD(INT((E45)/16777216),256)/2^1),2)*MOD(INT(MOD(INT((F45)/16777216),256)/2^1),2)*2+MOD(INT(MOD(INT((E45)/16777216),256)/2^2),2)*MOD(INT(MOD(INT((F45)/16777216),256)/2^2),2)*4+MOD(INT(MOD(INT((E45)/16777216),256)/2^3),2)*MOD(INT(MOD(INT((F45)/16777216),256)/2^3),2)*8+MOD(INT(MOD(INT((E45)/16777216),256)/2^4),2)*MOD(INT(MOD(INT((F45)/16777216),256)/2^4),2)*16+MOD(INT(MOD(INT((E45)/16777216),256)/2^5),2)*MOD(INT(MOD(INT((F45)/16777216),256)/2^5),2)*32+MOD(INT(MOD(INT((E45)/16777216),256)/2^6),2)*MOD(INT(MOD(INT((F45)/16777216),256)/2^6),2)*64+MOD(INT(MOD(INT((E45)/16777216),256)/2^7),2)*MOD(INT(MOD(INT((F45)/16777216),256)/2^7),2)*128)*16777216) -> 335724680 | L46: =((MOD(INT(MOD(INT((I46)/1),256)/2^0),2)*MOD(INT(MOD(INT((K46)/1),256)/2^0),2)*1+MOD(INT(MOD(INT((I46)/1),256)/2^1),2)*MOD(INT(MOD(INT((K46)/1),256)/2^1),2)*2+MOD(INT(MOD(INT((I46)/1),256)/2^2),2)*MOD(INT(MOD(INT((K46)/1),256)/2^2),2)*4+MOD(INT(MOD(INT((I46)/1),256)/2^3),2)*MOD(INT(MOD(INT((K46)/1),256)/2^3),2)*8+MOD(INT(MOD(INT((I46)/1),256)/2^4),2)*MOD(INT(MOD(INT((K46)/1),256)/2^4),2)*16+MOD(INT(MOD(INT((I46)/1),256)/2^5),2)*MOD(INT(MOD(INT((K46)/1),256)/2^5),2)*32+MOD(INT(MOD(INT((I46)/1),256)/2^6),2)*MOD(INT(MOD(INT((K46)/1),256)/2^6),2)*64+MOD(INT(MOD(INT((I46)/1),256)/2^7),2)*MOD(INT(MOD(INT((K46)/1),256)/2^7),2)*128)*1+(MOD(INT(MOD(INT((I46)/256),256)/2^0),2)*MOD(INT(MOD(INT((K46)/256),256)/2^0),2)*1+MOD(INT(MOD(INT((I46)/256),256)/2^1),2)*MOD(INT(MOD(INT((K46)/256),256)/2^1),2)*2+MOD(INT(MOD(INT((I46)/256),256)/2^2),2)*MOD(INT(MOD(INT((K46)/256),256)/2^2),2)*4+MOD(INT(MOD(INT((I46)/256),256)/2^3),2)*MOD(INT(MOD(INT((K46)/256),256)/2^3),2)*8+MOD(INT(MOD(INT((I46)/256),256)/2^4),2)*MOD(INT(MOD(INT((K46)/256),256)/2^4),2)*16+MOD(INT(MOD(INT((I46)/256),256)/2^5),2)*MOD(INT(MOD(INT((K46)/256),256)/2^5),2)*32+MOD(INT(MOD(INT((I46)/256),256)/2^6),2)*MOD(INT(MOD(INT((K46)/256),256)/2^6),2)*64+MOD(INT(MOD(INT((I46)/256),256)/2^7),2)*MOD(INT(MOD(INT((K46)/256),256)/2^7),2)*128)*256+(MOD(INT(MOD(INT((I46)/65536),256)/2^0),2)*MOD(INT(MOD(INT((K46)/65536),256)/2^0),2)*1+MOD(INT(MOD(INT((I46)/65536),256)/2^1),2)*MOD(INT(MOD(INT((K46)/65536),256)/2^1),2)*2+MOD(INT(MOD(INT((I46)/65536),256)/2^2),2)*MOD(INT(MOD(INT((K46)/65536),256)/2^2),2)*4+MOD(INT(MOD(INT((I46)/65536),256)/2^3),2)*MOD(INT(MOD(INT((K46)/65536),256)/2^3),2)*8+MOD(INT(MOD(INT((I46)/65536),256)/2^4),2)*MOD(INT(MOD(INT((K46)/65536),256)/2^4),2)*16+MOD(INT(MOD(INT((I46)/65536),256)/2^5),2)*MOD(INT(MOD(INT((K46)/65536),256)/2^5),2)*32+MOD(INT(MOD(INT((I46)/65536),256)/2^6),2)*MOD(INT(MOD(INT((K46)/65536),256)/2^6),2)*64+MOD(INT(MOD(INT((I46)/65536),256)/2^7),2)*MOD(INT(MOD(INT((K46)/65536),256)/2^7),2)*128)*65536+(MOD(INT(MOD(INT((I46)/16777216),256)/2^0),2)*MOD(INT(MOD(INT((K46)/16777216),256)/2^0),2)*1+MOD(INT(MOD(INT((I46)/16777216),256)/2^1),2)*MOD(INT(MOD(INT((K46)/16777216),256)/2^1),2)*2+MOD(INT(MOD(INT((I46)/16777216),256)/2^2),2)*MOD(INT(MOD(INT((K46)/16777216),256)/2^2),2)*4+MOD(INT(MOD(INT((I46)/16777216),256)/2^3),2)*MOD(INT(MOD(INT((K46)/16777216),256)/2^3),2)*8+MOD(INT(MOD(INT((I46)/16777216),256)/2^4),2)*MOD(INT(MOD(INT((K46)/16777216),256)/2^4),2)*16+MOD(INT(MOD(INT((I46)/16777216),256)/2^5),2)*MOD(INT(MOD(INT((K46)/16777216),256)/2^5),2)*32+MOD(INT(MOD(INT((I46)/16777216),256)/2^6),2)*MOD(INT(MOD(INT((K46)/16777216),256)/2^6),2)*64+MOD(INT(MOD(INT((I46)/16777216),256)/2^7),2)*MOD(INT(MOD(INT((K46)/16777216),256)/2^7),2)*128)*16777216) -> 335675520 | M46: =MOD(I46+J46+K46-2*L46,4294967296) -> 487248040 | P46: =MOD(MOD(D45,2^2)*2^30+INT(D45/2^2),4294967296) -> 124748908
B47: 42 | C47: =MOD(H47+M47+G46+2400959708+BF241,4294967296) -> 3549981481 | D47: =C46 -> 231804922 | E47: =P47 -> 3596056550 | F47: =E46 -> 124748908 | G47: =F46 -> 339933353 | H47: =MOD(MOD(C46,2^27)*2^5+INT(C46/2^27),4294967296) -> 3122790209 | I47: =((MOD(INT(MOD(INT((D46)/1),256)/2^0),2)*MOD(INT(MOD(INT((E46)/1),256)/2^0),2)*1+MOD(INT(MOD(INT((D46)/1),256)/2^1),2)*MOD(INT(MOD(INT((E46)/1),256)/2^1),2)*2+MOD(INT(MOD(INT((D46)/1),256)/2^2),2)*MOD(INT(MOD(INT((E46)/1),256)/2^2),2)*4+MOD(INT(MOD(INT((D46)/1),256)/2^3),2)*MOD(INT(MOD(INT((E46)/1),256)/2^3),2)*8+MOD(INT(MOD(INT((D46)/1),256)/2^4),2)*MOD(INT(MOD(INT((E46)/1),256)/2^4),2)*16+MOD(INT(MOD(INT((D46)/1),256)/2^5),2)*MOD(INT(MOD(INT((E46)/1),256)/2^5),2)*32+MOD(INT(MOD(INT((D46)/1),256)/2^6),2)*MOD(INT(MOD(INT((E46)/1),256)/2^6),2)*64+MOD(INT(MOD(INT((D46)/1),256)/2^7),2)*MOD(INT(MOD(INT((E46)/1),256)/2^7),2)*128)*1+(MOD(INT(MOD(INT((D46)/256),256)/2^0),2)*MOD(INT(MOD(INT((E46)/256),256)/2^0),2)*1+MOD(INT(MOD(INT((D46)/256),256)/2^1),2)*MOD(INT(MOD(INT((E46)/256),256)/2^1),2)*2+MOD(INT(MOD(INT((D46)/256),256)/2^2),2)*MOD(INT(MOD(INT((E46)/256),256)/2^2),2)*4+MOD(INT(MOD(INT((D46)/256),256)/2^3),2)*MOD(INT(MOD(INT((E46)/256),256)/2^3),2)*8+MOD(INT(MOD(INT((D46)/256),256)/2^4),2)*MOD(INT(MOD(INT((E46)/256),256)/2^4),2)*16+MOD(INT(MOD(INT((D46)/256),256)/2^5),2)*MOD(INT(MOD(INT((E46)/256),256)/2^5),2)*32+MOD(INT(MOD(INT((D46)/256),256)/2^6),2)*MOD(INT(MOD(INT((E46)/256),256)/2^6),2)*64+MOD(INT(MOD(INT((D46)/256),256)/2^7),2)*MOD(INT(MOD(INT((E46)/256),256)/2^7),2)*128)*256+(MOD(INT(MOD(INT((D46)/65536),256)/2^0),2)*MOD(INT(MOD(INT((E46)/65536),256)/2^0),2)*1+MOD(INT(MOD(INT((D46)/65536),256)/2^1),2)*MOD(INT(MOD(INT((E46)/65536),256)/2^1),2)*2+MOD(INT(MOD(INT((D46)/65536),256)/2^2),2)*MOD(INT(MOD(INT((E46)/65536),256)/2^2),2)*4+MOD(INT(MOD(INT((D46)/65536),256)/2^3),2)*MOD(INT(MOD(INT((E46)/65536),256)/2^3),2)*8+MOD(INT(MOD(INT((D46)/65536),256)/2^4),2)*MOD(INT(MOD(INT((E46)/65536),256)/2^4),2)*16+MOD(INT(MOD(INT((D46)/65536),256)/2^5),2)*MOD(INT(MOD(INT((E46)/65536),256)/2^5),2)*32+MOD(INT(MOD(INT((D46)/65536),256)/2^6),2)*MOD(INT(MOD(INT((E46)/65536),256)/2^6),2)*64+MOD(INT(MOD(INT((D46)/65536),256)/2^7),2)*MOD(INT(MOD(INT((E46)/65536),256)/2^7),2)*128)*65536+(MOD(INT(MOD(INT((D46)/16777216),256)/2^0),2)*MOD(INT(MOD(INT((E46)/16777216),256)/2^0),2)*1+MOD(INT(MOD(INT((D46)/16777216),256)/2^1),2)*MOD(INT(MOD(INT((E46)/16777216),256)/2^1),2)*2+MOD(INT(MOD(INT((D46)/16777216),256)/2^2),2)*MOD(INT(MOD(INT((E46)/16777216),256)/2^2),2)*4+MOD(INT(MOD(INT((D46)/16777216),256)/2^3),2)*MOD(INT(MOD(INT((E46)/16777216),256)/2^3),2)*8+MOD(INT(MOD(INT((D46)/16777216),256)/2^4),2)*MOD(INT(MOD(INT((E46)/16777216),256)/2^4),2)*16+MOD(INT(MOD(INT((D46)/16777216),256)/2^5),2)*MOD(INT(MOD(INT((E46)/16777216),256)/2^5),2)*32+MOD(INT(MOD(INT((D46)/16777216),256)/2^6),2)*MOD(INT(MOD(INT((E46)/16777216),256)/2^6),2)*64+MOD(INT(MOD(INT((D46)/16777216),256)/2^7),2)*MOD(INT(MOD(INT((E46)/16777216),256)/2^7),2)*128)*16777216) -> 21857288 | J47: =((MOD(INT(MOD(INT((D46)/1),256)/2^0),2)*MOD(INT(MOD(INT((F46)/1),256)/2^0),2)*1+MOD(INT(MOD(INT((D46)/1),256)/2^1),2)*MOD(INT(MOD(INT((F46)/1),256)/2^1),2)*2+MOD(INT(MOD(INT((D46)/1),256)/2^2),2)*MOD(INT(MOD(INT((F46)/1),256)/2^2),2)*4+MOD(INT(MOD(INT((D46)/1),256)/2^3),2)*MOD(INT(MOD(INT((F46)/1),256)/2^3),2)*8+MOD(INT(MOD(INT((D46)/1),256)/2^4),2)*MOD(INT(MOD(INT((F46)/1),256)/2^4),2)*16+MOD(INT(MOD(INT((D46)/1),256)/2^5),2)*MOD(INT(MOD(INT((F46)/1),256)/2^5),2)*32+MOD(INT(MOD(INT((D46)/1),256)/2^6),2)*MOD(INT(MOD(INT((F46)/1),256)/2^6),2)*64+MOD(INT(MOD(INT((D46)/1),256)/2^7),2)*MOD(INT(MOD(INT((F46)/1),256)/2^7),2)*128)*1+(MOD(INT(MOD(INT((D46)/256),256)/2^0),2)*MOD(INT(MOD(INT((F46)/256),256)/2^0),2)*1+MOD(INT(MOD(INT((D46)/256),256)/2^1),2)*MOD(INT(MOD(INT((F46)/256),256)/2^1),2)*2+MOD(INT(MOD(INT((D46)/256),256)/2^2),2)*MOD(INT(MOD(INT((F46)/256),256)/2^2),2)*4+MOD(INT(MOD(INT((D46)/256),256)/2^3),2)*MOD(INT(MOD(INT((F46)/256),256)/2^3),2)*8+MOD(INT(MOD(INT((D46)/256),256)/2^4),2)*MOD(INT(MOD(INT((F46)/256),256)/2^4),2)*16+MOD(INT(MOD(INT((D46)/256),256)/2^5),2)*MOD(INT(MOD(INT((F46)/256),256)/2^5),2)*32+MOD(INT(MOD(INT((D46)/256),256)/2^6),2)*MOD(INT(MOD(INT((F46)/256),256)/2^6),2)*64+MOD(INT(MOD(INT((D46)/256),256)/2^7),2)*MOD(INT(MOD(INT((F46)/256),256)/2^7),2)*128)*256+(MOD(INT(MOD(INT((D46)/65536),256)/2^0),2)*MOD(INT(MOD(INT((F46)/65536),256)/2^0),2)*1+MOD(INT(MOD(INT((D46)/65536),256)/2^1),2)*MOD(INT(MOD(INT((F46)/65536),256)/2^1),2)*2+MOD(INT(MOD(INT((D46)/65536),256)/2^2),2)*MOD(INT(MOD(INT((F46)/65536),256)/2^2),2)*4+MOD(INT(MOD(INT((D46)/65536),256)/2^3),2)*MOD(INT(MOD(INT((F46)/65536),256)/2^3),2)*8+MOD(INT(MOD(INT((D46)/65536),256)/2^4),2)*MOD(INT(MOD(INT((F46)/65536),256)/2^4),2)*16+MOD(INT(MOD(INT((D46)/65536),256)/2^5),2)*MOD(INT(MOD(INT((F46)/65536),256)/2^5),2)*32+MOD(INT(MOD(INT((D46)/65536),256)/2^6),2)*MOD(INT(MOD(INT((F46)/65536),256)/2^6),2)*64+MOD(INT(MOD(INT((D46)/65536),256)/2^7),2)*MOD(INT(MOD(INT((F46)/65536),256)/2^7),2)*128)*65536+(MOD(INT(MOD(INT((D46)/16777216),256)/2^0),2)*MOD(INT(MOD(INT((F46)/16777216),256)/2^0),2)*1+MOD(INT(MOD(INT((D46)/16777216),256)/2^1),2)*MOD(INT(MOD(INT((F46)/16777216),256)/2^1),2)*2+MOD(INT(MOD(INT((D46)/16777216),256)/2^2),2)*MOD(INT(MOD(INT((F46)/16777216),256)/2^2),2)*4+MOD(INT(MOD(INT((D46)/16777216),256)/2^3),2)*MOD(INT(MOD(INT((F46)/16777216),256)/2^3),2)*8+MOD(INT(MOD(INT((D46)/16777216),256)/2^4),2)*MOD(INT(MOD(INT((F46)/16777216),256)/2^4),2)*16+MOD(INT(MOD(INT((D46)/16777216),256)/2^5),2)*MOD(INT(MOD(INT((F46)/16777216),256)/2^5),2)*32+MOD(INT(MOD(INT((D46)/16777216),256)/2^6),2)*MOD(INT(MOD(INT((F46)/16777216),256)/2^6),2)*64+MOD(INT(MOD(INT((D46)/16777216),256)/2^7),2)*MOD(INT(MOD(INT((F46)/16777216),256)/2^7),2)*128)*16777216) -> 272685193 | K47: =((MOD(INT(MOD(INT((E46)/1),256)/2^0),2)*MOD(INT(MOD(INT((F46)/1),256)/2^0),2)*1+MOD(INT(MOD(INT((E46)/1),256)/2^1),2)*MOD(INT(MOD(INT((F46)/1),256)/2^1),2)*2+MOD(INT(MOD(INT((E46)/1),256)/2^2),2)*MOD(INT(MOD(INT((F46)/1),256)/2^2),2)*4+MOD(INT(MOD(INT((E46)/1),256)/2^3),2)*MOD(INT(MOD(INT((F46)/1),256)/2^3),2)*8+MOD(INT(MOD(INT((E46)/1),256)/2^4),2)*MOD(INT(MOD(INT((F46)/1),256)/2^4),2)*16+MOD(INT(MOD(INT((E46)/1),256)/2^5),2)*MOD(INT(MOD(INT((F46)/1),256)/2^5),2)*32+MOD(INT(MOD(INT((E46)/1),256)/2^6),2)*MOD(INT(MOD(INT((F46)/1),256)/2^6),2)*64+MOD(INT(MOD(INT((E46)/1),256)/2^7),2)*MOD(INT(MOD(INT((F46)/1),256)/2^7),2)*128)*1+(MOD(INT(MOD(INT((E46)/256),256)/2^0),2)*MOD(INT(MOD(INT((F46)/256),256)/2^0),2)*1+MOD(INT(MOD(INT((E46)/256),256)/2^1),2)*MOD(INT(MOD(INT((F46)/256),256)/2^1),2)*2+MOD(INT(MOD(INT((E46)/256),256)/2^2),2)*MOD(INT(MOD(INT((F46)/256),256)/2^2),2)*4+MOD(INT(MOD(INT((E46)/256),256)/2^3),2)*MOD(INT(MOD(INT((F46)/256),256)/2^3),2)*8+MOD(INT(MOD(INT((E46)/256),256)/2^4),2)*MOD(INT(MOD(INT((F46)/256),256)/2^4),2)*16+MOD(INT(MOD(INT((E46)/256),256)/2^5),2)*MOD(INT(MOD(INT((F46)/256),256)/2^5),2)*32+MOD(INT(MOD(INT((E46)/256),256)/2^6),2)*MOD(INT(MOD(INT((F46)/256),256)/2^6),2)*64+MOD(INT(MOD(INT((E46)/256),256)/2^7),2)*MOD(INT(MOD(INT((F46)/256),256)/2^7),2)*128)*256+(MOD(INT(MOD(INT((E46)/65536),256)/2^0),2)*MOD(INT(MOD(INT((F46)/65536),256)/2^0),2)*1+MOD(INT(MOD(INT((E46)/65536),256)/2^1),2)*MOD(INT(MOD(INT((F46)/65536),256)/2^1),2)*2+MOD(INT(MOD(INT((E46)/65536),256)/2^2),2)*MOD(INT(MOD(INT((F46)/65536),256)/2^2),2)*4+MOD(INT(MOD(INT((E46)/65536),256)/2^3),2)*MOD(INT(MOD(INT((F46)/65536),256)/2^3),2)*8+MOD(INT(MOD(INT((E46)/65536),256)/2^4),2)*MOD(INT(MOD(INT((F46)/65536),256)/2^4),2)*16+MOD(INT(MOD(INT((E46)/65536),256)/2^5),2)*MOD(INT(MOD(INT((F46)/65536),256)/2^5),2)*32+MOD(INT(MOD(INT((E46)/65536),256)/2^6),2)*MOD(INT(MOD(INT((F46)/65536),256)/2^6),2)*64+MOD(INT(MOD(INT((E46)/65536),256)/2^7),2)*MOD(INT(MOD(INT((F46)/65536),256)/2^7),2)*128)*65536+(MOD(INT(MOD(INT((E46)/16777216),256)/2^0),2)*MOD(INT(MOD(INT((F46)/16777216),256)/2^0),2)*1+MOD(INT(MOD(INT((E46)/16777216),256)/2^1),2)*MOD(INT(MOD(INT((F46)/16777216),256)/2^1),2)*2+MOD(INT(MOD(INT((E46)/16777216),256)/2^2),2)*MOD(INT(MOD(INT((F46)/16777216),256)/2^2),2)*4+MOD(INT(MOD(INT((E46)/16777216),256)/2^3),2)*MOD(INT(MOD(INT((F46)/16777216),256)/2^3),2)*8+MOD(INT(MOD(INT((E46)/16777216),256)/2^4),2)*MOD(INT(MOD(INT((F46)/16777216),256)/2^4),2)*16+MOD(INT(MOD(INT((E46)/16777216),256)/2^5),2)*MOD(INT(MOD(INT((F46)/16777216),256)/2^5),2)*32+MOD(INT(MOD(INT((E46)/16777216),256)/2^6),2)*MOD(INT(MOD(INT((F46)/16777216),256)/2^6),2)*64+MOD(INT(MOD(INT((E46)/16777216),256)/2^7),2)*MOD(INT(MOD(INT((F46)/16777216),256)/2^7),2)*128)*16777216) -> 71467048 | L47: =((MOD(INT(MOD(INT((I47)/1),256)/2^0),2)*MOD(INT(MOD(INT((K47)/1),256)/2^0),2)*1+MOD(INT(MOD(INT((I47)/1),256)/2^1),2)*MOD(INT(MOD(INT((K47)/1),256)/2^1),2)*2+MOD(INT(MOD(INT((I47)/1),256)/2^2),2)*MOD(INT(MOD(INT((K47)/1),256)/2^2),2)*4+MOD(INT(MOD(INT((I47)/1),256)/2^3),2)*MOD(INT(MOD(INT((K47)/1),256)/2^3),2)*8+MOD(INT(MOD(INT((I47)/1),256)/2^4),2)*MOD(INT(MOD(INT((K47)/1),256)/2^4),2)*16+MOD(INT(MOD(INT((I47)/1),256)/2^5),2)*MOD(INT(MOD(INT((K47)/1),256)/2^5),2)*32+MOD(INT(MOD(INT((I47)/1),256)/2^6),2)*MOD(INT(MOD(INT((K47)/1),256)/2^6),2)*64+MOD(INT(MOD(INT((I47)/1),256)/2^7),2)*MOD(INT(MOD(INT((K47)/1),256)/2^7),2)*128)*1+(MOD(INT(MOD(INT((I47)/256),256)/2^0),2)*MOD(INT(MOD(INT((K47)/256),256)/2^0),2)*1+MOD(INT(MOD(INT((I47)/256),256)/2^1),2)*MOD(INT(MOD(INT((K47)/256),256)/2^1),2)*2+MOD(INT(MOD(INT((I47)/256),256)/2^2),2)*MOD(INT(MOD(INT((K47)/256),256)/2^2),2)*4+MOD(INT(MOD(INT((I47)/256),256)/2^3),2)*MOD(INT(MOD(INT((K47)/256),256)/2^3),2)*8+MOD(INT(MOD(INT((I47)/256),256)/2^4),2)*MOD(INT(MOD(INT((K47)/256),256)/2^4),2)*16+MOD(INT(MOD(INT((I47)/256),256)/2^5),2)*MOD(INT(MOD(INT((K47)/256),256)/2^5),2)*32+MOD(INT(MOD(INT((I47)/256),256)/2^6),2)*MOD(INT(MOD(INT((K47)/256),256)/2^6),2)*64+MOD(INT(MOD(INT((I47)/256),256)/2^7),2)*MOD(INT(MOD(INT((K47)/256),256)/2^7),2)*128)*256+(MOD(INT(MOD(INT((I47)/65536),256)/2^0),2)*MOD(INT(MOD(INT((K47)/65536),256)/2^0),2)*1+MOD(INT(MOD(INT((I47)/65536),256)/2^1),2)*MOD(INT(MOD(INT((K47)/65536),256)/2^1),2)*2+MOD(INT(MOD(INT((I47)/65536),256)/2^2),2)*MOD(INT(MOD(INT((K47)/65536),256)/2^2),2)*4+MOD(INT(MOD(INT((I47)/65536),256)/2^3),2)*MOD(INT(MOD(INT((K47)/65536),256)/2^3),2)*8+MOD(INT(MOD(INT((I47)/65536),256)/2^4),2)*MOD(INT(MOD(INT((K47)/65536),256)/2^4),2)*16+MOD(INT(MOD(INT((I47)/65536),256)/2^5),2)*MOD(INT(MOD(INT((K47)/65536),256)/2^5),2)*32+MOD(INT(MOD(INT((I47)/65536),256)/2^6),2)*MOD(INT(MOD(INT((K47)/65536),256)/2^6),2)*64+MOD(INT(MOD(INT((I47)/65536),256)/2^7),2)*MOD(INT(MOD(INT((K47)/65536),256)/2^7),2)*128)*65536+(MOD(INT(MOD(INT((I47)/16777216),256)/2^0),2)*MOD(INT(MOD(INT((K47)/16777216),256)/2^0),2)*1+MOD(INT(MOD(INT((I47)/16777216),256)/2^1),2)*MOD(INT(MOD(INT((K47)/16777216),256)/2^1),2)*2+MOD(INT(MOD(INT((I47)/16777216),256)/2^2),2)*MOD(INT(MOD(INT((K47)/16777216),256)/2^2),2)*4+MOD(INT(MOD(INT((I47)/16777216),256)/2^3),2)*MOD(INT(MOD(INT((K47)/16777216),256)/2^3),2)*8+MOD(INT(MOD(INT((I47)/16777216),256)/2^4),2)*MOD(INT(MOD(INT((K47)/16777216),256)/2^4),2)*16+MOD(INT(MOD(INT((I47)/16777216),256)/2^5),2)*MOD(INT(MOD(INT((K47)/16777216),256)/2^5),2)*32+MOD(INT(MOD(INT((I47)/16777216),256)/2^6),2)*MOD(INT(MOD(INT((K47)/16777216),256)/2^6),2)*64+MOD(INT(MOD(INT((I47)/16777216),256)/2^7),2)*MOD(INT(MOD(INT((K47)/16777216),256)/2^7),2)*128)*16777216) -> 4227080 | M47: =MOD(I47+J47+K47-2*L47,4294967296) -> 357555369 | P47: =MOD(MOD(D46,2^2)*2^30+INT(D46/2^2),4294967296) -> 3596056550
