Workbook

Sheet 🔐 SHA-256
B1: 🔐 SHA-256 Calculator — pure Excel formulas, no VBA
B2: Requires Excel 2013+ · Pure INT/MOD/MID formulas · No macros
B4: ✏️ ENTER A WORD (1–7 ASCII characters):
B5: hello
B7: 🔑 SHA-256 RESULT:
B8: ='⚙️ Computation'!E2 -> 2cf24dba5fb0a30e26e83b2ac5b9e29e1b161e5c1fa7425e73043362938b9824
B10: 📌 Sheets: 📖 How SHA-256 Works | 🔤 ASCII Encoding | 📦 SHA-256 Constants | ⚙️ Computation
B12: ✅ Verified: "hello" → 2cf24dba5fb0a30e26e83b2ac5b9e29e1b161e5c1fa7425e73043362938b9824
B13: ⚠️ Maximum 7 characters · ASCII only · Requires Excel 2013+

Sheet 📖 How SHA-256 Works
B1: 📖 How SHA-256 Works — step-by-step explanation
B2: Step 1 · Входная строка
B3: Берём любую строку (например «hello»). Каждый символ — это байт (8 бит). «hello» → [104, 101, 108, 108, 111] = 5 байт = 40 бит.
B4: Step 2 · Padding
B5: После последнего байта добавляем 0x80. Затем нули, пока длина ≡ 56 (mod 64). Отличие от MD5: SHA-256 использует BIG-ENDIAN для всех чисел.
B6: Step 3 · Поле длины (big-endian)
B7: В байты 56–63 записываем длину в битах как 64-битное BIG-ENDIAN число. «hello» = 40 бит → байты 56-62 = [0,0,0,0,0,0,0], байт 63 = 40. Итого 512 бит = 16 слов M[0..15] по 32 бита (big-endian).
B8: Step 4 · Начальное состояние
B9: Восемь 32-битных констант (дробные части √ первых 8 простых чисел): H0=0x6a09e667 H1=0xbb67ae85 H2=0x3c6ef372 H3=0xa54ff53a H4=0x510e527f H5=0x9b05688c H6=0x1f83d9ab H7=0x5be0cd19
B10: Step 5 · Message Schedule W[0..63]
B11: Сначала W[0..15] = M[0..15] (слова из входного блока). Затем для i=16..63: s0 = ROTR(W[i-15],7) ⊕ ROTR(W[i-15],18) ⊕ SHR(W[i-15],3) s1 = ROTR(W[i-2],17) ⊕ ROTR(W[i-2],19) ⊕ SHR(W[i-2],10) W[i] = ADD32(W[i-16], s0, W[i-7], s1) Эти 64 слова перемешивают входные данные перед сжатием.
B12: Step 6 · 64 раунда сжатия
... B21: Побитовые операции через INT/MOD: · AND32(a,b): разбивка на 4 байта × 8 бит · XOR32(a,b) = a + b − 2·AND32(a,b) · XOR3(x,y,z) = XOR(XOR(x,y), z) — нужно 2 вызова AND32 + 2 пром. ячейки · ROTR32(x,n) = MOD(MOD(x,2^n)·2^(32−n) + INT(x/2^n), 2³²) · SHR32(x,n) = INT(x/2^n) · Ch и Maj используют те же AND32 с промежуточными ячейками-помощниками

Sheet 🔤 ASCII Encoding
B1: 🔤 Input string → ASCII → binary bits
B2: № | C2: Char | D2: ASCII | E2: Hex | F2: б7 | G2: б6 | H2: б5 | I2: б4 | J2: б3 | K2: б2 | L2: б1 | M2: б0
B3: 1 | C3: =IF(LEN('🔐 SHA-256'!B5)>=1,MID('🔐 SHA-256'!B5,1,1),"-") -> h | D3: =IF(C3<>"-",CODE(C3),"") -> 104 | E3: =IF(D3<>"",MID("0123456789abcdef",MOD(INT(D3/16),16)+1,1)&MID("0123456789abcdef",MOD(MOD(D3,16),16)+1,1),"") -> 68 | F3: =IF(D3<>"",MOD(INT(D3/2^7),2),"") -> 0 | G3: =IF(D3<>"",MOD(INT(D3/2^6),2),"") -> 1 | H3: =IF(D3<>"",MOD(INT(D3/2^5),2),"") -> 1 | I3: =IF(D3<>"",MOD(INT(D3/2^4),2),"") -> 0 | J3: =IF(D3<>"",MOD(INT(D3/2^3),2),"") -> 1 | K3: =IF(D3<>"",MOD(INT(D3/2^2),2),"") -> 0 | L3: =IF(D3<>"",MOD(INT(D3/2^1),2),"") -> 0 | M3: =IF(D3<>"",MOD(INT(D3/2^0),2),"") -> 0
B4: 2 | C4: =IF(LEN('🔐 SHA-256'!B5)>=2,MID('🔐 SHA-256'!B5,2,1),"-") -> e | D4: =IF(C4<>"-",CODE(C4),"") -> 101 | E4: =IF(D4<>"",MID("0123456789abcdef",MOD(INT(D4/16),16)+1,1)&MID("0123456789abcdef",MOD(MOD(D4,16),16)+1,1),"") -> 65 | F4: =IF(D4<>"",MOD(INT(D4/2^7),2),"") -> 0 | G4: =IF(D4<>"",MOD(INT(D4/2^6),2),"") -> 1 | H4: =IF(D4<>"",MOD(INT(D4/2^5),2),"") -> 1 | I4: =IF(D4<>"",MOD(INT(D4/2^4),2),"") -> 0 | J4: =IF(D4<>"",MOD(INT(D4/2^3),2),"") -> 0 | K4: =IF(D4<>"",MOD(INT(D4/2^2),2),"") -> 1 | L4: =IF(D4<>"",MOD(INT(D4/2^1),2),"") -> 0 | M4: =IF(D4<>"",MOD(INT(D4/2^0),2),"") -> 1
B5: 3 | C5: =IF(LEN('🔐 SHA-256'!B5)>=3,MID('🔐 SHA-256'!B5,3,1),"-") -> l | D5: =IF(C5<>"-",CODE(C5),"") -> 108 | E5: =IF(D5<>"",MID("0123456789abcdef",MOD(INT(D5/16),16)+1,1)&MID("0123456789abcdef",MOD(MOD(D5,16),16)+1,1),"") -> 6c | F5: =IF(D5<>"",MOD(INT(D5/2^7),2),"") -> 0 | G5: =IF(D5<>"",MOD(INT(D5/2^6),2),"") -> 1 | H5: =IF(D5<>"",MOD(INT(D5/2^5),2),"") -> 1 | I5: =IF(D5<>"",MOD(INT(D5/2^4),2),"") -> 0 | J5: =IF(D5<>"",MOD(INT(D5/2^3),2),"") -> 1 | K5: =IF(D5<>"",MOD(INT(D5/2^2),2),"") -> 1 | L5: =IF(D5<>"",MOD(INT(D5/2^1),2),"") -> 0 | M5: =IF(D5<>"",MOD(INT(D5/2^0),2),"") -> 0
B6: 4 | C6: =IF(LEN('🔐 SHA-256'!B5)>=4,MID('🔐 SHA-256'!B5,4,1),"-") -> l | D6: =IF(C6<>"-",CODE(C6),"") -> 108 | E6: =IF(D6<>"",MID("0123456789abcdef",MOD(INT(D6/16),16)+1,1)&MID("0123456789abcdef",MOD(MOD(D6,16),16)+1,1),"") -> 6c | F6: =IF(D6<>"",MOD(INT(D6/2^7),2),"") -> 0 | G6: =IF(D6<>"",MOD(INT(D6/2^6),2),"") -> 1 | H6: =IF(D6<>"",MOD(INT(D6/2^5),2),"") -> 1 | I6: =IF(D6<>"",MOD(INT(D6/2^4),2),"") -> 0 | J6: =IF(D6<>"",MOD(INT(D6/2^3),2),"") -> 1 | K6: =IF(D6<>"",MOD(INT(D6/2^2),2),"") -> 1 | L6: =IF(D6<>"",MOD(INT(D6/2^1),2),"") -> 0 | M6: =IF(D6<>"",MOD(INT(D6/2^0),2),"") -> 0
B7: 5 | C7: =IF(LEN('🔐 SHA-256'!B5)>=5,MID('🔐 SHA-256'!B5,5,1),"-") -> o | D7: =IF(C7<>"-",CODE(C7),"") -> 111 | E7: =IF(D7<>"",MID("0123456789abcdef",MOD(INT(D7/16),16)+1,1)&MID("0123456789abcdef",MOD(MOD(D7,16),16)+1,1),"") -> 6f | F7: =IF(D7<>"",MOD(INT(D7/2^7),2),"") -> 0 | G7: =IF(D7<>"",MOD(INT(D7/2^6),2),"") -> 1 | H7: =IF(D7<>"",MOD(INT(D7/2^5),2),"") -> 1 | I7: =IF(D7<>"",MOD(INT(D7/2^4),2),"") -> 0 | J7: =IF(D7<>"",MOD(INT(D7/2^3),2),"") -> 1 | K7: =IF(D7<>"",MOD(INT(D7/2^2),2),"") -> 1 | L7: =IF(D7<>"",MOD(INT(D7/2^1),2),"") -> 1 | M7: =IF(D7<>"",MOD(INT(D7/2^0),2),"") -> 1
B8: 6 | C8: =IF(LEN('🔐 SHA-256'!B5)>=6,MID('🔐 SHA-256'!B5,6,1),"-") -> - | D8: =IF(C8<>"-",CODE(C8),"") | E8: =IF(D8<>"",MID("0123456789abcdef",MOD(INT(D8/16),16)+1,1)&MID("0123456789abcdef",MOD(MOD(D8,16),16)+1,1),"") | F8: =IF(D8<>"",MOD(INT(D8/2^7),2),"") | G8: =IF(D8<>"",MOD(INT(D8/2^6),2),"") | H8: =IF(D8<>"",MOD(INT(D8/2^5),2),"") | I8: =IF(D8<>"",MOD(INT(D8/2^4),2),"") | J8: =IF(D8<>"",MOD(INT(D8/2^3),2),"") | K8: =IF(D8<>"",MOD(INT(D8/2^2),2),"") | L8: =IF(D8<>"",MOD(INT(D8/2^1),2),"") | M8: =IF(D8<>"",MOD(INT(D8/2^0),2),"")
B9: 7 | C9: =IF(LEN('🔐 SHA-256'!B5)>=7,MID('🔐 SHA-256'!B5,7,1),"-") -> - | D9: =IF(C9<>"-",CODE(C9),"") | E9: =IF(D9<>"",MID("0123456789abcdef",MOD(INT(D9/16),16)+1,1)&MID("0123456789abcdef",MOD(MOD(D9,16),16)+1,1),"") | F9: =IF(D9<>"",MOD(INT(D9/2^7),2),"") | G9: =IF(D9<>"",MOD(INT(D9/2^6),2),"") | H9: =IF(D9<>"",MOD(INT(D9/2^5),2),"") | I9: =IF(D9<>"",MOD(INT(D9/2^4),2),"") | J9: =IF(D9<>"",MOD(INT(D9/2^3),2),"") | K9: =IF(D9<>"",MOD(INT(D9/2^2),2),"") | L9: =IF(D9<>"",MOD(INT(D9/2^1),2),"") | M9: =IF(D9<>"",MOD(INT(D9/2^0),2),"")
B10: Input length (bytes): | E10: =LEN('🔐 SHA-256'!B5) -> 5 | F10: Length in bits: | I10: =E10*8 -> 40

Sheet 📦 SHA-256 Constants
B1: 📦 SHA-256 Constants — K[i] (from cube roots of primes)
B2: K[i] = floor(2³² × ∛p[i]) где p[i] — i-е простое число. Начальные значения H0..H7 = floor(2³² × √p[i]). Используются в каждом из 64 раундов сжатия.
B3: i | C3: K[i] decimal | D3: K[i] hex | E3: Простое | G3: i | H3: K[i] decimal | I3: K[i] hex | J3: Простое
B4: 0 | C4: 1116352408 | D4: 0x428A2F98 | E4: 2
B5: 1 | C5: 1899447441 | D5: 0x71374491 | E5: 3
B6: 2 | C6: 3049323471 | D6: 0xB5C0FBCF | E6: 5
B7: 3 | C7: 3921009573 | D7: 0xE9B5DBA5 | E7: 7
B8: 4 | C8: 961987163 | D8: 0x3956C25B | E8: 11
B9: 5 | C9: 1508970993 | D9: 0x59F111F1 | E9: 13
B10: 6 | C10: 2453635748 | D10: 0x923F82A4 | E10: 17
B11: 7 | C11: 2870763221 | D11: 0xAB1C5ED5 | E11: 19
B12: 8 | C12: 3624381080 | D12: 0xD807AA98 | E12: 23
B13: 9 | C13: 310598401 | D13: 0x12835B01 | E13: 29
B14: 10 | C14: 607225278 | D14: 0x243185BE | E14: 31
B15: 11 | C15: 1426881987 | D15: 0x550C7DC3 | E15: 37
... B67: 63 | C67: 3329325298 | D67: 0xC67178F2 | E67: 311

Sheet ⚙️ Computation
B1: ⚙️ Computation SHA-256 — 64 раунда сжатия + расписание сообщения W[i] | AM1: Message Schedule W[i]
B2: SHA-256 HASH: | E2: =LOWER(MID("0123456789abcdef",MOD(INT((MOD(INT(C70/256^3),256))/16),16)+1,1)&MID("0123456789abcdef",MOD(MOD((MOD(INT(C70/256^3),256)),16),16)+1,1)&MID("0123456789abcdef",MOD(INT((MOD(INT(C70/256^2),256))/16),16)+1,1)&MID("0123456789abcdef",MOD(MOD((MOD(INT(C70/256^2),256)),16),16)+1,1)&MID("0123456789abcdef",MOD(INT((MOD(INT(C70/256^1),256))/16),16)+1,1)&MID("0123456789abcdef",MOD(MOD((MOD(INT(C70/256^1),256)),16),16)+1,1)&MID("0123456789abcdef",MOD(INT((MOD(INT(C70/256^0),256))/16),16)+1,1)&MID("0123456789abcdef",MOD(MOD((MOD(INT(C70/256^0),256)),16),16)+1,1)&MID("0123456789abcdef",MOD(INT((MOD(INT(D70/256^3),256))/16),16)+1,1)&MID("0123456789abcdef",MOD(MOD((MOD(INT(D70/256^3),256)),16),16)+1,1)&MID("0123456789abcdef",MOD(INT((MOD(INT(D70/256^2),256))/16),16)+1,1)&MID("0123456789abcdef",MOD(MOD((MOD(INT(D70/256^2),256)),16),16)+1,1)&MID("0123456789abcdef",MOD(INT((MOD(INT(D70/256^1),256))/16),16)+1,1)&MID("0123456789abcdef",MOD(MOD((MOD(INT(D70/256^1),256)),16),16)+1,1)&MID("0123456789abcdef",MOD(INT((MOD(INT(D70/256^0),256))/16),16)+1,1)&MID("0123456789abcdef",MOD(MOD((MOD(INT(D70/256^0),256)),16),16)+1,1)&MID("0123456789abcdef",MOD(INT((MOD(INT(E70/256^3),256))/16),16)+1,1)&MID("0123456789abcdef",MOD(MOD((MOD(INT(E70/256^3),256)),16),16)+1,1)&MID("0123456789abcdef",MOD(INT((MOD(INT(E70/256^2),256))/16),16)+1,1)&MID("0123456789abcdef",MOD(MOD((MOD(INT(E70/256^2),256)),16),16)+1,1)&MID("0123456789abcdef",MOD(INT((MOD(INT(E70/256^1),256))/16),16)+1,1)&MID("0123456789abcdef",MOD(MOD((MOD(INT(E70/256^1),256)),16),16)+1,1)&MID("0123456789abcdef",MOD(INT((MOD(INT(E70/256^0),256))/16),16)+1,1)&MID("0123456789abcdef",MOD(MOD((MOD(INT(E70/256^0),256)),16),16)+1,1)&MID("0123456789abcdef",MOD(INT((MOD(INT(F70/256^3),256))/16),16)+1,1)&MID("0123456789abcdef",MOD(MOD((MOD(INT(F70/256^3),256)),16),16)+1,1)&MID("0123456789abcdef",MOD(INT((MOD(INT(F70/256^2),256))/16),16)+1,1)&MID("0123456789abcdef",MOD(MOD((MOD(INT(F70/256^2),256)),16),16)+1,1)&MID("0123456789abcdef",MOD(INT((MOD(INT(F70/256^1),256))/16),16)+1,1)&MID("0123456789abcdef",MOD(MOD((MOD(INT(F70/256^1),256)),16),16)+1,1)&MID("0123456789abcdef",MOD(INT((MOD(INT(F70/256^0),256))/16),16)+1,1)&MID("0123456789abcdef",MOD(MOD((MOD(INT(F70/256^0),256)),16),16)+1,1)&MID("0123456789abcdef",MOD(INT((MOD(INT(G70/256^3),256))/16),16)+1,1)&MID("0123456789abcdef",MOD(MOD((MOD(INT(G70/256^3),256)),16),16)+1,1)&MID("0123456789abcdef",MOD(INT((MOD(INT(G70/256^2),256))/16),16)+1,1)&MID("0123456789abcdef",MOD(MOD((MOD(INT(G70/256^2),256)),16),16)+1,1)&MID("0123456789abcdef",MOD(INT((MOD(INT(G70/256^1),256))/16),16)+1,1)&MID("0123456789abcdef",MOD(MOD((MOD(INT(G70/256^1),256)),16),16)+1,1)&MID("0123456789abcdef",MOD(INT((MOD(INT(G70/256^0),256))/16),16)+1,1)&MID("0123456789abcdef",MOD(MOD((MOD(INT(G70/256^0),256)),16),16)+1,1)&MID("0123456789abcdef",MOD(INT((MOD(INT(H70/256^3),256))/16),16)+1,1)&MID("0123456789abcdef",MOD(MOD((MOD(INT(H70/256^3),256)),16),16)+1,1)&MID("0123456789abcdef",MOD(INT((MOD(INT(H70/256^2),256))/16),16)+1,1)&MID("0123456789abcdef",MOD(MOD((MOD(INT(H70/256^2),256)),16),16)+1,1)&MID("0123456789abcdef",MOD(INT((MOD(INT(H70/256^1),256))/16),16)+1,1)&MID("0123456789abcdef",MOD(MOD((MOD(INT(H70/256^1),256)),16),16)+1,1)&MID("0123456789abcdef",MOD(INT((MOD(INT(H70/256^0),256))/16),16)+1,1)&MID("0123456789abcdef",MOD(MOD((MOD(INT(H70/256^0),256)),16),16)+1,1)&MID("0123456789abcdef",MOD(INT((MOD(INT(I70/256^3),256))/16),16)+1,1)&MID("0123456789abcdef",MOD(MOD((MOD(INT(I70/256^3),256)),16),16)+1,1)&MID("0123456789abcdef",MOD(INT((MOD(INT(I70/256^2),256))/16),16)+1,1)&MID("0123456789abcdef",MOD(MOD((MOD(INT(I70/256^2),256)),16),16)+1,1)&MID("0123456789abcdef",MOD(INT((MOD(INT(I70/256^1),256))/16),16)+1,1)&MID("0123456789abcdef",MOD(MOD((MOD(INT(I70/256^1),256)),16),16)+1,1)&MID("0123456789abcdef",MOD(INT((MOD(INT(I70/256^0),256))/16),16)+1,1)&MID("0123456789abcdef",MOD(MOD((MOD(INT(I70/256^0),256)),16),16)+1,1)&MID("0123456789abcdef",MOD(INT((MOD(INT(J70/256^3),256))/16),16)+1,1)&MID("0123456789abcdef",MOD(MOD((MOD(INT(J70/256^3),256)),16),16)+1,1)&MID("0123456789abcdef",MOD(INT((MOD(INT(J70/256^2),256))/16),16)+1,1)&MID("0123456789abcdef",MOD(MOD((MOD(INT(J70/256^2),256)),16),16)+1,1)&MID("0123456789abcdef",MOD(INT((MOD(INT(J70/256^1),256))/16),16)+1,1)&MID("0123456789abcdef",MOD(MOD((MOD(INT(J70/256^1),256)),16),16)+1,1)&MID("0123456789abcdef",MOD(INT((MOD(INT(J70/256^0),256))/16),16)+1,1)&MID("0123456789abcdef",MOD(MOD((MOD(INT(J70/256^0),256)),16),16)+1,1)) -> 2cf24dba5fb0a30e26e83b2ac5b9e29e1b161e5c1fa7425e73043362938b9824
B3: Each step: S1=XOR3(ROTR(e,6),ROTR(e,11),ROTR(e,25)) Ch=AND(e,f)+AND(¬e,g) temp1=ADD32(h,S1,Ch,K[i],W[i]) S0=XOR3(ROTR(a,2),ROTR(a,13),ROTR(a,22)) Maj=AND(a,b)+AND(a,c)+AND(b,c)−2·AND(AND(a,b),AND(b,c)) temp2=ADD32(S0,Maj) | a..h — 8 переменных состояния
B4: Step | C4: a | D4: b | E4: c | F4: d | G4: e | H4: f | I4: g | J4: h | K4: AN(e,f) | L4: AN(¬e,g) | M4: Ch | N4: AN(a,b) | O4: AN(a,c) | P4: AN(b,c) | Q4: AN(ab,bc) | R4: Maj | S4: ROTR(e,6) | T4: ROTR(e,11) | U4: ROTR(e,25) | V4: AN(r6,r11) | W4: XOR(r6,r11) | X4: AN(xr,r25) | Y4: S1 | Z4: ROTR(a,2) | AA4: ROTR(a,13) | AB4: ROTR(a,22) | AC4: AN(r2,r13) | AD4: XOR(r2,r13) | AE4: AN(xr,r22) | AF4: S0 | AG4: temp1 | AH4: temp2 | AI4: W[i] | AJ4: K[i] | AK4: Note | AM4: i | AN4: W[i] | AO4: r7=ROTR(W-15,7) | AP4: AND(r7,r18) | AQ4: s0 | AR4: r17=ROTR(W-2,17) | AS4: r19=ROTR(W-2,19) | AT4: AND(r17,r19) | AU4: s1
B5: INIT | C5: 1779033703 | D5: 3144134277 | E5: 1013904242 | F5: 2773480762 | G5: 1359893119 | H5: 2600822924 | I5: 528734635 | J5: 1541459225 | K5: a₀..h₀ = H0..H7 (дробные части √первых 8 простых чисел) | AM5: 0 | AN5: =(IF(LEN('🔐 SHA-256'!B5)>0,CODE(MID('🔐 SHA-256'!B5,1,1)),IF(LEN('🔐 SHA-256'!B5)=0,128,0)))*16777216+(IF(LEN('🔐 SHA-256'!B5)>1,CODE(MID('🔐 SHA-256'!B5,2,1)),IF(LEN('🔐 SHA-256'!B5)=1,128,0)))*65536+(IF(LEN('🔐 SHA-256'!B5)>2,CODE(MID('🔐 SHA-256'!B5,3,1)),IF(LEN('🔐 SHA-256'!B5)=2,128,0)))*256+(IF(LEN('🔐 SHA-256'!B5)>3,CODE(MID('🔐 SHA-256'!B5,4,1)),IF(LEN('🔐 SHA-256'!B5)=3,128,0))) -> 1751477356 | AO5: — | AP5: — | AQ5: — | AR5: — | AS5: — | AT5: — | AU5: —
B6: 1 | C6: =MOD(AG6+AH6,4294967296) -> 1684927673 | D6: =C5 -> 1779033703 | E6: =D5 -> 3144134277 | F6: =E5 -> 1013904242 | G6: =MOD(F5+AG6,4294967296) -> 19746574 | H6: =G5 -> 1359893119 | I6: =H5 -> 2600822924 | J6: =I5 -> 528734635 | K6: =((MOD(INT(MOD(INT((G5)/1),256)/2^0),2)*MOD(INT(MOD(INT((H5)/1),256)/2^0),2)*1+MOD(INT(MOD(INT((G5)/1),256)/2^1),2)*MOD(INT(MOD(INT((H5)/1),256)/2^1),2)*2+MOD(INT(MOD(INT((G5)/1),256)/2^2),2)*MOD(INT(MOD(INT((H5)/1),256)/2^2),2)*4+MOD(INT(MOD(INT((G5)/1),256)/2^3),2)*MOD(INT(MOD(INT((H5)/1),256)/2^3),2)*8+MOD(INT(MOD(INT((G5)/1),256)/2^4),2)*MOD(INT(MOD(INT((H5)/1),256)/2^4),2)*16+MOD(INT(MOD(INT((G5)/1),256)/2^5),2)*MOD(INT(MOD(INT((H5)/1),256)/2^5),2)*32+MOD(INT(MOD(INT((G5)/1),256)/2^6),2)*MOD(INT(MOD(INT((H5)/1),256)/2^6),2)*64+MOD(INT(MOD(INT((G5)/1),256)/2^7),2)*MOD(INT(MOD(INT((H5)/1),256)/2^7),2)*128)*1+(MOD(INT(MOD(INT((G5)/256),256)/2^0),2)*MOD(INT(MOD(INT((H5)/256),256)/2^0),2)*1+MOD(INT(MOD(INT((G5)/256),256)/2^1),2)*MOD(INT(MOD(INT((H5)/256),256)/2^1),2)*2+MOD(INT(MOD(INT((G5)/256),256)/2^2),2)*MOD(INT(MOD(INT((H5)/256),256)/2^2),2)*4+MOD(INT(MOD(INT((G5)/256),256)/2^3),2)*MOD(INT(MOD(INT((H5)/256),256)/2^3),2)*8+MOD(INT(MOD(INT((G5)/256),256)/2^4),2)*MOD(INT(MOD(INT((H5)/256),256)/2^4),2)*16+MOD(INT(MOD(INT((G5)/256),256)/2^5),2)*MOD(INT(MOD(INT((H5)/256),256)/2^5),2)*32+MOD(INT(MOD(INT((G5)/256),256)/2^6),2)*MOD(INT(MOD(INT((H5)/256),256)/2^6),2)*64+MOD(INT(MOD(INT((G5)/256),256)/2^7),2)*MOD(INT(MOD(INT((H5)/256),256)/2^7),2)*128)*256+(MOD(INT(MOD(INT((G5)/65536),256)/2^0),2)*MOD(INT(MOD(INT((H5)/65536),256)/2^0),2)*1+MOD(INT(MOD(INT((G5)/65536),256)/2^1),2)*MOD(INT(MOD(INT((H5)/65536),256)/2^1),2)*2+MOD(INT(MOD(INT((G5)/65536),256)/2^2),2)*MOD(INT(MOD(INT((H5)/65536),256)/2^2),2)*4+MOD(INT(MOD(INT((G5)/65536),256)/2^3),2)*MOD(INT(MOD(INT((H5)/65536),256)/2^3),2)*8+MOD(INT(MOD(INT((G5)/65536),256)/2^4),2)*MOD(INT(MOD(INT((H5)/65536),256)/2^4),2)*16+MOD(INT(MOD(INT((G5)/65536),256)/2^5),2)*MOD(INT(MOD(INT((H5)/65536),256)/2^5),2)*32+MOD(INT(MOD(INT((G5)/65536),256)/2^6),2)*MOD(INT(MOD(INT((H5)/65536),256)/2^6),2)*64+MOD(INT(MOD(INT((G5)/65536),256)/2^7),2)*MOD(INT(MOD(INT((H5)/65536),256)/2^7),2)*128)*65536+(MOD(INT(MOD(INT((G5)/16777216),256)/2^0),2)*MOD(INT(MOD(INT((H5)/16777216),256)/2^0),2)*1+MOD(INT(MOD(INT((G5)/16777216),256)/2^1),2)*MOD(INT(MOD(INT((H5)/16777216),256)/2^1),2)*2+MOD(INT(MOD(INT((G5)/16777216),256)/2^2),2)*MOD(INT(MOD(INT((H5)/16777216),256)/2^2),2)*4+MOD(INT(MOD(INT((G5)/16777216),256)/2^3),2)*MOD(INT(MOD(INT((H5)/16777216),256)/2^3),2)*8+MOD(INT(MOD(INT((G5)/16777216),256)/2^4),2)*MOD(INT(MOD(INT((H5)/16777216),256)/2^4),2)*16+MOD(INT(MOD(INT((G5)/16777216),256)/2^5),2)*MOD(INT(MOD(INT((H5)/16777216),256)/2^5),2)*32+MOD(INT(MOD(INT((G5)/16777216),256)/2^6),2)*MOD(INT(MOD(INT((H5)/16777216),256)/2^6),2)*64+MOD(INT(MOD(INT((G5)/16777216),256)/2^7),2)*MOD(INT(MOD(INT((H5)/16777216),256)/2^7),2)*128)*16777216) -> 285491212 | L6: =((MOD(INT(MOD(INT(((4294967295-G5))/1),256)/2^0),2)*MOD(INT(MOD(INT((I5)/1),256)/2^0),2)*1+MOD(INT(MOD(INT(((4294967295-G5))/1),256)/2^1),2)*MOD(INT(MOD(INT((I5)/1),256)/2^1),2)*2+MOD(INT(MOD(INT(((4294967295-G5))/1),256)/2^2),2)*MOD(INT(MOD(INT((I5)/1),256)/2^2),2)*4+MOD(INT(MOD(INT(((4294967295-G5))/1),256)/2^3),2)*MOD(INT(MOD(INT((I5)/1),256)/2^3),2)*8+MOD(INT(MOD(INT(((4294967295-G5))/1),256)/2^4),2)*MOD(INT(MOD(INT((I5)/1),256)/2^4),2)*16+MOD(INT(MOD(INT(((4294967295-G5))/1),256)/2^5),2)*MOD(INT(MOD(INT((I5)/1),256)/2^5),2)*32+MOD(INT(MOD(INT(((4294967295-G5))/1),256)/2^6),2)*MOD(INT(MOD(INT((I5)/1),256)/2^6),2)*64+MOD(INT(MOD(INT(((4294967295-G5))/1),256)/2^7),2)*MOD(INT(MOD(INT((I5)/1),256)/2^7),2)*128)*1+(MOD(INT(MOD(INT(((4294967295-G5))/256),256)/2^0),2)*MOD(INT(MOD(INT((I5)/256),256)/2^0),2)*1+MOD(INT(MOD(INT(((4294967295-G5))/256),256)/2^1),2)*MOD(INT(MOD(INT((I5)/256),256)/2^1),2)*2+MOD(INT(MOD(INT(((4294967295-G5))/256),256)/2^2),2)*MOD(INT(MOD(INT((I5)/256),256)/2^2),2)*4+MOD(INT(MOD(INT(((4294967295-G5))/256),256)/2^3),2)*MOD(INT(MOD(INT((I5)/256),256)/2^3),2)*8+MOD(INT(MOD(INT(((4294967295-G5))/256),256)/2^4),2)*MOD(INT(MOD(INT((I5)/256),256)/2^4),2)*16+MOD(INT(MOD(INT(((4294967295-G5))/256),256)/2^5),2)*MOD(INT(MOD(INT((I5)/256),256)/2^5),2)*32+MOD(INT(MOD(INT(((4294967295-G5))/256),256)/2^6),2)*MOD(INT(MOD(INT((I5)/256),256)/2^6),2)*64+MOD(INT(MOD(INT(((4294967295-G5))/256),256)/2^7),2)*MOD(INT(MOD(INT((I5)/256),256)/2^7),2)*128)*256+(MOD(INT(MOD(INT(((4294967295-G5))/65536),256)/2^0),2)*MOD(INT(MOD(INT((I5)/65536),256)/2^0),2)*1+MOD(INT(MOD(INT(((4294967295-G5))/65536),256)/2^1),2)*MOD(INT(MOD(INT((I5)/65536),256)/2^1),2)*2+MOD(INT(MOD(INT(((4294967295-G5))/65536),256)/2^2),2)*MOD(INT(MOD(INT((I5)/65536),256)/2^2),2)*4+MOD(INT(MOD(INT(((4294967295-G5))/65536),256)/2^3),2)*MOD(INT(MOD(INT((I5)/65536),256)/2^3),2)*8+MOD(INT(MOD(INT(((4294967295-G5))/65536),256)/2^4),2)*MOD(INT(MOD(INT((I5)/65536),256)/2^4),2)*16+MOD(INT(MOD(INT(((4294967295-G5))/65536),256)/2^5),2)*MOD(INT(MOD(INT((I5)/65536),256)/2^5),2)*32+MOD(INT(MOD(INT(((4294967295-G5))/65536),256)/2^6),2)*MOD(INT(MOD(INT((I5)/65536),256)/2^6),2)*64+MOD(INT(MOD(INT(((4294967295-G5))/65536),256)/2^7),2)*MOD(INT(MOD(INT((I5)/65536),256)/2^7),2)*128)*65536+(MOD(INT(MOD(INT(((4294967295-G5))/16777216),256)/2^0),2)*MOD(INT(MOD(INT((I5)/16777216),256)/2^0),2)*1+MOD(INT(MOD(INT(((4294967295-G5))/16777216),256)/2^1),2)*MOD(INT(MOD(INT((I5)/16777216),256)/2^1),2)*2+MOD(INT(MOD(INT(((4294967295-G5))/16777216),256)/2^2),2)*MOD(INT(MOD(INT((I5)/16777216),256)/2^2),2)*4+MOD(INT(MOD(INT(((4294967295-G5))/16777216),256)/2^3),2)*MOD(INT(MOD(INT((I5)/16777216),256)/2^3),2)*8+MOD(INT(MOD(INT(((4294967295-G5))/16777216),256)/2^4),2)*MOD(INT(MOD(INT((I5)/16777216),256)/2^4),2)*16+MOD(INT(MOD(INT(((4294967295-G5))/16777216),256)/2^5),2)*MOD(INT(MOD(INT((I5)/16777216),256)/2^5),2)*32+MOD(INT(MOD(INT(((4294967295-G5))/16777216),256)/2^6),2)*MOD(INT(MOD(INT((I5)/16777216),256)/2^6),2)*64+MOD(INT(MOD(INT(((4294967295-G5))/16777216),256)/2^7),2)*MOD(INT(MOD(INT((I5)/16777216),256)/2^7),2)*128)*16777216) -> 243370368 | M6: =MOD(K6+L6,4294967296) -> 528861580 | N6: =((MOD(INT(MOD(INT((C5)/1),256)/2^0),2)*MOD(INT(MOD(INT((D5)/1),256)/2^0),2)*1+MOD(INT(MOD(INT((C5)/1),256)/2^1),2)*MOD(INT(MOD(INT((D5)/1),256)/2^1),2)*2+MOD(INT(MOD(INT((C5)/1),256)/2^2),2)*MOD(INT(MOD(INT((D5)/1),256)/2^2),2)*4+MOD(INT(MOD(INT((C5)/1),256)/2^3),2)*MOD(INT(MOD(INT((D5)/1),256)/2^3),2)*8+MOD(INT(MOD(INT((C5)/1),256)/2^4),2)*MOD(INT(MOD(INT((D5)/1),256)/2^4),2)*16+MOD(INT(MOD(INT((C5)/1),256)/2^5),2)*MOD(INT(MOD(INT((D5)/1),256)/2^5),2)*32+MOD(INT(MOD(INT((C5)/1),256)/2^6),2)*MOD(INT(MOD(INT((D5)/1),256)/2^6),2)*64+MOD(INT(MOD(INT((C5)/1),256)/2^7),2)*MOD(INT(MOD(INT((D5)/1),256)/2^7),2)*128)*1+(MOD(INT(MOD(INT((C5)/256),256)/2^0),2)*MOD(INT(MOD(INT((D5)/256),256)/2^0),2)*1+MOD(INT(MOD(INT((C5)/256),256)/2^1),2)*MOD(INT(MOD(INT((D5)/256),256)/2^1),2)*2+MOD(INT(MOD(INT((C5)/256),256)/2^2),2)*MOD(INT(MOD(INT((D5)/256),256)/2^2),2)*4+MOD(INT(MOD(INT((C5)/256),256)/2^3),2)*MOD(INT(MOD(INT((D5)/256),256)/2^3),2)*8+MOD(INT(MOD(INT((C5)/256),256)/2^4),2)*MOD(INT(MOD(INT((D5)/256),256)/2^4),2)*16+MOD(INT(MOD(INT((C5)/256),256)/2^5),2)*MOD(INT(MOD(INT((D5)/256),256)/2^5),2)*32+MOD(INT(MOD(INT((C5)/256),256)/2^6),2)*MOD(INT(MOD(INT((D5)/256),256)/2^6),2)*64+MOD(INT(MOD(INT((C5)/256),256)/2^7),2)*MOD(INT(MOD(INT((D5)/256),256)/2^7),2)*128)*256+(MOD(INT(MOD(INT((C5)/65536),256)/2^0),2)*MOD(INT(MOD(INT((D5)/65536),256)/2^0),2)*1+MOD(INT(MOD(INT((C5)/65536),256)/2^1),2)*MOD(INT(MOD(INT((D5)/65536),256)/2^1),2)*2+MOD(INT(MOD(INT((C5)/65536),256)/2^2),2)*MOD(INT(MOD(INT((D5)/65536),256)/2^2),2)*4+MOD(INT(MOD(INT((C5)/65536),256)/2^3),2)*MOD(INT(MOD(INT((D5)/65536),256)/2^3),2)*8+MOD(INT(MOD(INT((C5)/65536),256)/2^4),2)*MOD(INT(MOD(INT((D5)/65536),256)/2^4),2)*16+MOD(INT(MOD(INT((C5)/65536),256)/2^5),2)*MOD(INT(MOD(INT((D5)/65536),256)/2^5),2)*32+MOD(INT(MOD(INT((C5)/65536),256)/2^6),2)*MOD(INT(MOD(INT((D5)/65536),256)/2^6),2)*64+MOD(INT(MOD(INT((C5)/65536),256)/2^7),2)*MOD(INT(MOD(INT((D5)/65536),256)/2^7),2)*128)*65536+(MOD(INT(MOD(INT((C5)/16777216),256)/2^0),2)*MOD(INT(MOD(INT((D5)/16777216),256)/2^0),2)*1+MOD(INT(MOD(INT((C5)/16777216),256)/2^1),2)*MOD(INT(MOD(INT((D5)/16777216),256)/2^1),2)*2+MOD(INT(MOD(INT((C5)/16777216),256)/2^2),2)*MOD(INT(MOD(INT((D5)/16777216),256)/2^2),2)*4+MOD(INT(MOD(INT((C5)/16777216),256)/2^3),2)*MOD(INT(MOD(INT((D5)/16777216),256)/2^3),2)*8+MOD(INT(MOD(INT((C5)/16777216),256)/2^4),2)*MOD(INT(MOD(INT((D5)/16777216),256)/2^4),2)*16+MOD(INT(MOD(INT((C5)/16777216),256)/2^5),2)*MOD(INT(MOD(INT((D5)/16777216),256)/2^5),2)*32+MOD(INT(MOD(INT((C5)/16777216),256)/2^6),2)*MOD(INT(MOD(INT((D5)/16777216),256)/2^6),2)*64+MOD(INT(MOD(INT((C5)/16777216),256)/2^7),2)*MOD(INT(MOD(INT((D5)/16777216),256)/2^7),2)*128)*16777216) -> 704751109 | O6: =((MOD(INT(MOD(INT((C5)/1),256)/2^0),2)*MOD(INT(MOD(INT((E5)/1),256)/2^0),2)*1+MOD(INT(MOD(INT((C5)/1),256)/2^1),2)*MOD(INT(MOD(INT((E5)/1),256)/2^1),2)*2+MOD(INT(MOD(INT((C5)/1),256)/2^2),2)*MOD(INT(MOD(INT((E5)/1),256)/2^2),2)*4+MOD(INT(MOD(INT((C5)/1),256)/2^3),2)*MOD(INT(MOD(INT((E5)/1),256)/2^3),2)*8+MOD(INT(MOD(INT((C5)/1),256)/2^4),2)*MOD(INT(MOD(INT((E5)/1),256)/2^4),2)*16+MOD(INT(MOD(INT((C5)/1),256)/2^5),2)*MOD(INT(MOD(INT((E5)/1),256)/2^5),2)*32+MOD(INT(MOD(INT((C5)/1),256)/2^6),2)*MOD(INT(MOD(INT((E5)/1),256)/2^6),2)*64+MOD(INT(MOD(INT((C5)/1),256)/2^7),2)*MOD(INT(MOD(INT((E5)/1),256)/2^7),2)*128)*1+(MOD(INT(MOD(INT((C5)/256),256)/2^0),2)*MOD(INT(MOD(INT((E5)/256),256)/2^0),2)*1+MOD(INT(MOD(INT((C5)/256),256)/2^1),2)*MOD(INT(MOD(INT((E5)/256),256)/2^1),2)*2+MOD(INT(MOD(INT((C5)/256),256)/2^2),2)*MOD(INT(MOD(INT((E5)/256),256)/2^2),2)*4+MOD(INT(MOD(INT((C5)/256),256)/2^3),2)*MOD(INT(MOD(INT((E5)/256),256)/2^3),2)*8+MOD(INT(MOD(INT((C5)/256),256)/2^4),2)*MOD(INT(MOD(INT((E5)/256),256)/2^4),2)*16+MOD(INT(MOD(INT((C5)/256),256)/2^5),2)*MOD(INT(MOD(INT((E5)/256),256)/2^5),2)*32+MOD(INT(MOD(INT((C5)/256),256)/2^6),2)*MOD(INT(MOD(INT((E5)/256),256)/2^6),2)*64+MOD(INT(MOD(INT((C5)/256),256)/2^7),2)*MOD(INT(MOD(INT((E5)/256),256)/2^7),2)*128)*256+(MOD(INT(MOD(INT((C5)/65536),256)/2^0),2)*MOD(INT(MOD(INT((E5)/65536),256)/2^0),2)*1+MOD(INT(MOD(INT((C5)/65536),256)/2^1),2)*MOD(INT(MOD(INT((E5)/65536),256)/2^1),2)*2+MOD(INT(MOD(INT((C5)/65536),256)/2^2),2)*MOD(INT(MOD(INT((E5)/65536),256)/2^2),2)*4+MOD(INT(MOD(INT((C5)/65536),256)/2^3),2)*MOD(INT(MOD(INT((E5)/65536),256)/2^3),2)*8+MOD(INT(MOD(INT((C5)/65536),256)/2^4),2)*MOD(INT(MOD(INT((E5)/65536),256)/2^4),2)*16+MOD(INT(MOD(INT((C5)/65536),256)/2^5),2)*MOD(INT(MOD(INT((E5)/65536),256)/2^5),2)*32+MOD(INT(MOD(INT((C5)/65536),256)/2^6),2)*MOD(INT(MOD(INT((E5)/65536),256)/2^6),2)*64+MOD(INT(MOD(INT((C5)/65536),256)/2^7),2)*MOD(INT(MOD(INT((E5)/65536),256)/2^7),2)*128)*65536+(MOD(INT(MOD(INT((C5)/16777216),256)/2^0),2)*MOD(INT(MOD(INT((E5)/16777216),256)/2^0),2)*1+MOD(INT(MOD(INT((C5)/16777216),256)/2^1),2)*MOD(INT(MOD(INT((E5)/16777216),256)/2^1),2)*2+MOD(INT(MOD(INT((C5)/16777216),256)/2^2),2)*MOD(INT(MOD(INT((E5)/16777216),256)/2^2),2)*4+MOD(INT(MOD(INT((C5)/16777216),256)/2^3),2)*MOD(INT(MOD(INT((E5)/16777216),256)/2^3),2)*8+MOD(INT(MOD(INT((C5)/16777216),256)/2^4),2)*MOD(INT(MOD(INT((E5)/16777216),256)/2^4),2)*16+MOD(INT(MOD(INT((C5)/16777216),256)/2^5),2)*MOD(INT(MOD(INT((E5)/16777216),256)/2^5),2)*32+MOD(INT(MOD(INT((C5)/16777216),256)/2^6),2)*MOD(INT(MOD(INT((E5)/16777216),256)/2^6),2)*64+MOD(INT(MOD(INT((C5)/16777216),256)/2^7),2)*MOD(INT(MOD(INT((E5)/16777216),256)/2^7),2)*128)*16777216) -> 671670882 | P6: =((MOD(INT(MOD(INT((D5)/1),256)/2^0),2)*MOD(INT(MOD(INT((E5)/1),256)/2^0),2)*1+MOD(INT(MOD(INT((D5)/1),256)/2^1),2)*MOD(INT(MOD(INT((E5)/1),256)/2^1),2)*2+MOD(INT(MOD(INT((D5)/1),256)/2^2),2)*MOD(INT(MOD(INT((E5)/1),256)/2^2),2)*4+MOD(INT(MOD(INT((D5)/1),256)/2^3),2)*MOD(INT(MOD(INT((E5)/1),256)/2^3),2)*8+MOD(INT(MOD(INT((D5)/1),256)/2^4),2)*MOD(INT(MOD(INT((E5)/1),256)/2^4),2)*16+MOD(INT(MOD(INT((D5)/1),256)/2^5),2)*MOD(INT(MOD(INT((E5)/1),256)/2^5),2)*32+MOD(INT(MOD(INT((D5)/1),256)/2^6),2)*MOD(INT(MOD(INT((E5)/1),256)/2^6),2)*64+MOD(INT(MOD(INT((D5)/1),256)/2^7),2)*MOD(INT(MOD(INT((E5)/1),256)/2^7),2)*128)*1+(MOD(INT(MOD(INT((D5)/256),256)/2^0),2)*MOD(INT(MOD(INT((E5)/256),256)/2^0),2)*1+MOD(INT(MOD(INT((D5)/256),256)/2^1),2)*MOD(INT(MOD(INT((E5)/256),256)/2^1),2)*2+MOD(INT(MOD(INT((D5)/256),256)/2^2),2)*MOD(INT(MOD(INT((E5)/256),256)/2^2),2)*4+MOD(INT(MOD(INT((D5)/256),256)/2^3),2)*MOD(INT(MOD(INT((E5)/256),256)/2^3),2)*8+MOD(INT(MOD(INT((D5)/256),256)/2^4),2)*MOD(INT(MOD(INT((E5)/256),256)/2^4),2)*16+MOD(INT(MOD(INT((D5)/256),256)/2^5),2)*MOD(INT(MOD(INT((E5)/256),256)/2^5),2)*32+MOD(INT(MOD(INT((D5)/256),256)/2^6),2)*MOD(INT(MOD(INT((E5)/256),256)/2^6),2)*64+MOD(INT(MOD(INT((D5)/256),256)/2^7),2)*MOD(INT(MOD(INT((E5)/256),256)/2^7),2)*128)*256+(MOD(INT(MOD(INT((D5)/65536),256)/2^0),2)*MOD(INT(MOD(INT((E5)/65536),256)/2^0),2)*1+MOD(INT(MOD(INT((D5)/65536),256)/2^1),2)*MOD(INT(MOD(INT((E5)/65536),256)/2^1),2)*2+MOD(INT(MOD(INT((D5)/65536),256)/2^2),2)*MOD(INT(MOD(INT((E5)/65536),256)/2^2),2)*4+MOD(INT(MOD(INT((D5)/65536),256)/2^3),2)*MOD(INT(MOD(INT((E5)/65536),256)/2^3),2)*8+MOD(INT(MOD(INT((D5)/65536),256)/2^4),2)*MOD(INT(MOD(INT((E5)/65536),256)/2^4),2)*16+MOD(INT(MOD(INT((D5)/65536),256)/2^5),2)*MOD(INT(MOD(INT((E5)/65536),256)/2^5),2)*32+MOD(INT(MOD(INT((D5)/65536),256)/2^6),2)*MOD(INT(MOD(INT((E5)/65536),256)/2^6),2)*64+MOD(INT(MOD(INT((D5)/65536),256)/2^7),2)*MOD(INT(MOD(INT((E5)/65536),256)/2^7),2)*128)*65536+(MOD(INT(MOD(INT((D5)/16777216),256)/2^0),2)*MOD(INT(MOD(INT((E5)/16777216),256)/2^0),2)*1+MOD(INT(MOD(INT((D5)/16777216),256)/2^1),2)*MOD(INT(MOD(INT((E5)/16777216),256)/2^1),2)*2+MOD(INT(MOD(INT((D5)/16777216),256)/2^2),2)*MOD(INT(MOD(INT((E5)/16777216),256)/2^2),2)*4+MOD(INT(MOD(INT((D5)/16777216),256)/2^3),2)*MOD(INT(MOD(INT((E5)/16777216),256)/2^3),2)*8+MOD(INT(MOD(INT((D5)/16777216),256)/2^4),2)*MOD(INT(MOD(INT((E5)/16777216),256)/2^4),2)*16+MOD(INT(MOD(INT((D5)/16777216),256)/2^5),2)*MOD(INT(MOD(INT((E5)/16777216),256)/2^5),2)*32+MOD(INT(MOD(INT((D5)/16777216),256)/2^6),2)*MOD(INT(MOD(INT((E5)/16777216),256)/2^6),2)*64+MOD(INT(MOD(INT((D5)/16777216),256)/2^7),2)*MOD(INT(MOD(INT((E5)/16777216),256)/2^7),2)*128)*16777216) -> 946250240 | Q6: =((MOD(INT(MOD(INT((N6)/1),256)/2^0),2)*MOD(INT(MOD(INT((P6)/1),256)/2^0),2)*1+MOD(INT(MOD(INT((N6)/1),256)/2^1),2)*MOD(INT(MOD(INT((P6)/1),256)/2^1),2)*2+MOD(INT(MOD(INT((N6)/1),256)/2^2),2)*MOD(INT(MOD(INT((P6)/1),256)/2^2),2)*4+MOD(INT(MOD(INT((N6)/1),256)/2^3),2)*MOD(INT(MOD(INT((P6)/1),256)/2^3),2)*8+MOD(INT(MOD(INT((N6)/1),256)/2^4),2)*MOD(INT(MOD(INT((P6)/1),256)/2^4),2)*16+MOD(INT(MOD(INT((N6)/1),256)/2^5),2)*MOD(INT(MOD(INT((P6)/1),256)/2^5),2)*32+MOD(INT(MOD(INT((N6)/1),256)/2^6),2)*MOD(INT(MOD(INT((P6)/1),256)/2^6),2)*64+MOD(INT(MOD(INT((N6)/1),256)/2^7),2)*MOD(INT(MOD(INT((P6)/1),256)/2^7),2)*128)*1+(MOD(INT(MOD(INT((N6)/256),256)/2^0),2)*MOD(INT(MOD(INT((P6)/256),256)/2^0),2)*1+MOD(INT(MOD(INT((N6)/256),256)/2^1),2)*MOD(INT(MOD(INT((P6)/256),256)/2^1),2)*2+MOD(INT(MOD(INT((N6)/256),256)/2^2),2)*MOD(INT(MOD(INT((P6)/256),256)/2^2),2)*4+MOD(INT(MOD(INT((N6)/256),256)/2^3),2)*MOD(INT(MOD(INT((P6)/256),256)/2^3),2)*8+MOD(INT(MOD(INT((N6)/256),256)/2^4),2)*MOD(INT(MOD(INT((P6)/256),256)/2^4),2)*16+MOD(INT(MOD(INT((N6)/256),256)/2^5),2)*MOD(INT(MOD(INT((P6)/256),256)/2^5),2)*32+MOD(INT(MOD(INT((N6)/256),256)/2^6),2)*MOD(INT(MOD(INT((P6)/256),256)/2^6),2)*64+MOD(INT(MOD(INT((N6)/256),256)/2^7),2)*MOD(INT(MOD(INT((P6)/256),256)/2^7),2)*128)*256+(MOD(INT(MOD(INT((N6)/65536),256)/2^0),2)*MOD(INT(MOD(INT((P6)/65536),256)/2^0),2)*1+MOD(INT(MOD(INT((N6)/65536),256)/2^1),2)*MOD(INT(MOD(INT((P6)/65536),256)/2^1),2)*2+MOD(INT(MOD(INT((N6)/65536),256)/2^2),2)*MOD(INT(MOD(INT((P6)/65536),256)/2^2),2)*4+MOD(INT(MOD(INT((N6)/65536),256)/2^3),2)*MOD(INT(MOD(INT((P6)/65536),256)/2^3),2)*8+MOD(INT(MOD(INT((N6)/65536),256)/2^4),2)*MOD(INT(MOD(INT((P6)/65536),256)/2^4),2)*16+MOD(INT(MOD(INT((N6)/65536),256)/2^5),2)*MOD(INT(MOD(INT((P6)/65536),256)/2^5),2)*32+MOD(INT(MOD(INT((N6)/65536),256)/2^6),2)*MOD(INT(MOD(INT((P6)/65536),256)/2^6),2)*64+MOD(INT(MOD(INT((N6)/65536),256)/2^7),2)*MOD(INT(MOD(INT((P6)/65536),256)/2^7),2)*128)*65536+(MOD(INT(MOD(INT((N6)/16777216),256)/2^0),2)*MOD(INT(MOD(INT((P6)/16777216),256)/2^0),2)*1+MOD(INT(MOD(INT((N6)/16777216),256)/2^1),2)*MOD(INT(MOD(INT((P6)/16777216),256)/2^1),2)*2+MOD(INT(MOD(INT((N6)/16777216),256)/2^2),2)*MOD(INT(MOD(INT((P6)/16777216),256)/2^2),2)*4+MOD(INT(MOD(INT((N6)/16777216),256)/2^3),2)*MOD(INT(MOD(INT((P6)/16777216),256)/2^3),2)*8+MOD(INT(MOD(INT((N6)/16777216),256)/2^4),2)*MOD(INT(MOD(INT((P6)/16777216),256)/2^4),2)*16+MOD(INT(MOD(INT((N6)/16777216),256)/2^5),2)*MOD(INT(MOD(INT((P6)/16777216),256)/2^5),2)*32+MOD(INT(MOD(INT((N6)/16777216),256)/2^6),2)*MOD(INT(MOD(INT((P6)/16777216),256)/2^6),2)*64+MOD(INT(MOD(INT((N6)/16777216),256)/2^7),2)*MOD(INT(MOD(INT((P6)/16777216),256)/2^7),2)*128)*16777216) -> 671130112 | R6: =MOD(N6+O6+P6-2*Q6,4294967296) -> 980412007 | S6: =MOD(MOD(G5,2^6)*2^26+INT(G5/2^6),4294967296) -> 4249106761 | T6: =MOD(MOD(G5,2^11)*2^21+INT(G5/2^11),4294967296) -> 1340744138 | U6: =MOD(MOD(G5,2^25)*2^7+INT(G5/2^25),4294967296) -> 2267627432 | V6: =((MOD(INT(MOD(INT((S6)/1),256)/2^0),2)*MOD(INT(MOD(INT((T6)/1),256)/2^0),2)*1+MOD(INT(MOD(INT((S6)/1),256)/2^1),2)*MOD(INT(MOD(INT((T6)/1),256)/2^1),2)*2+MOD(INT(MOD(INT((S6)/1),256)/2^2),2)*MOD(INT(MOD(INT((T6)/1),256)/2^2),2)*4+MOD(INT(MOD(INT((S6)/1),256)/2^3),2)*MOD(INT(MOD(INT((T6)/1),256)/2^3),2)*8+MOD(INT(MOD(INT((S6)/1),256)/2^4),2)*MOD(INT(MOD(INT((T6)/1),256)/2^4),2)*16+MOD(INT(MOD(INT((S6)/1),256)/2^5),2)*MOD(INT(MOD(INT((T6)/1),256)/2^5),2)*32+MOD(INT(MOD(INT((S6)/1),256)/2^6),2)*MOD(INT(MOD(INT((T6)/1),256)/2^6),2)*64+MOD(INT(MOD(INT((S6)/1),256)/2^7),2)*MOD(INT(MOD(INT((T6)/1),256)/2^7),2)*128)*1+(MOD(INT(MOD(INT((S6)/256),256)/2^0),2)*MOD(INT(MOD(INT((T6)/256),256)/2^0),2)*1+MOD(INT(MOD(INT((S6)/256),256)/2^1),2)*MOD(INT(MOD(INT((T6)/256),256)/2^1),2)*2+MOD(INT(MOD(INT((S6)/256),256)/2^2),2)*MOD(INT(MOD(INT((T6)/256),256)/2^2),2)*4+MOD(INT(MOD(INT((S6)/256),256)/2^3),2)*MOD(INT(MOD(INT((T6)/256),256)/2^3),2)*8+MOD(INT(MOD(INT((S6)/256),256)/2^4),2)*MOD(INT(MOD(INT((T6)/256),256)/2^4),2)*16+MOD(INT(MOD(INT((S6)/256),256)/2^5),2)*MOD(INT(MOD(INT((T6)/256),256)/2^5),2)*32+MOD(INT(MOD(INT((S6)/256),256)/2^6),2)*MOD(INT(MOD(INT((T6)/256),256)/2^6),2)*64+MOD(INT(MOD(INT((S6)/256),256)/2^7),2)*MOD(INT(MOD(INT((T6)/256),256)/2^7),2)*128)*256+(MOD(INT(MOD(INT((S6)/65536),256)/2^0),2)*MOD(INT(MOD(INT((T6)/65536),256)/2^0),2)*1+MOD(INT(MOD(INT((S6)/65536),256)/2^1),2)*MOD(INT(MOD(INT((T6)/65536),256)/2^1),2)*2+MOD(INT(MOD(INT((S6)/65536),256)/2^2),2)*MOD(INT(MOD(INT((T6)/65536),256)/2^2),2)*4+MOD(INT(MOD(INT((S6)/65536),256)/2^3),2)*MOD(INT(MOD(INT((T6)/65536),256)/2^3),2)*8+MOD(INT(MOD(INT((S6)/65536),256)/2^4),2)*MOD(INT(MOD(INT((T6)/65536),256)/2^4),2)*16+MOD(INT(MOD(INT((S6)/65536),256)/2^5),2)*MOD(INT(MOD(INT((T6)/65536),256)/2^5),2)*32+MOD(INT(MOD(INT((S6)/65536),256)/2^6),2)*MOD(INT(MOD(INT((T6)/65536),256)/2^6),2)*64+MOD(INT(MOD(INT((S6)/65536),256)/2^7),2)*MOD(INT(MOD(INT((T6)/65536),256)/2^7),2)*128)*65536+(MOD(INT(MOD(INT((S6)/16777216),256)/2^0),2)*MOD(INT(MOD(INT((T6)/16777216),256)/2^0),2)*1+MOD(INT(MOD(INT((S6)/16777216),256)/2^1),2)*MOD(INT(MOD(INT((T6)/16777216),256)/2^1),2)*2+MOD(INT(MOD(INT((S6)/16777216),256)/2^2),2)*MOD(INT(MOD(INT((T6)/16777216),256)/2^2),2)*4+MOD(INT(MOD(INT((S6)/16777216),256)/2^3),2)*MOD(INT(MOD(INT((T6)/16777216),256)/2^3),2)*8+MOD(INT(MOD(INT((S6)/16777216),256)/2^4),2)*MOD(INT(MOD(INT((T6)/16777216),256)/2^4),2)*16+MOD(INT(MOD(INT((S6)/16777216),256)/2^5),2)*MOD(INT(MOD(INT((T6)/16777216),256)/2^5),2)*32+MOD(INT(MOD(INT((S6)/16777216),256)/2^6),2)*MOD(INT(MOD(INT((T6)/16777216),256)/2^6),2)*64+MOD(INT(MOD(INT((S6)/16777216),256)/2^7),2)*MOD(INT(MOD(INT((T6)/16777216),256)/2^7),2)*128)*16777216) -> 1296048456 | W6: =MOD(S6+T6-2*V6,4294967296) -> 2997753987 | X6: =((MOD(INT(MOD(INT((W6)/1),256)/2^0),2)*MOD(INT(MOD(INT((U6)/1),256)/2^0),2)*1+MOD(INT(MOD(INT((W6)/1),256)/2^1),2)*MOD(INT(MOD(INT((U6)/1),256)/2^1),2)*2+MOD(INT(MOD(INT((W6)/1),256)/2^2),2)*MOD(INT(MOD(INT((U6)/1),256)/2^2),2)*4+MOD(INT(MOD(INT((W6)/1),256)/2^3),2)*MOD(INT(MOD(INT((U6)/1),256)/2^3),2)*8+MOD(INT(MOD(INT((W6)/1),256)/2^4),2)*MOD(INT(MOD(INT((U6)/1),256)/2^4),2)*16+MOD(INT(MOD(INT((W6)/1),256)/2^5),2)*MOD(INT(MOD(INT((U6)/1),256)/2^5),2)*32+MOD(INT(MOD(INT((W6)/1),256)/2^6),2)*MOD(INT(MOD(INT((U6)/1),256)/2^6),2)*64+MOD(INT(MOD(INT((W6)/1),256)/2^7),2)*MOD(INT(MOD(INT((U6)/1),256)/2^7),2)*128)*1+(MOD(INT(MOD(INT((W6)/256),256)/2^0),2)*MOD(INT(MOD(INT((U6)/256),256)/2^0),2)*1+MOD(INT(MOD(INT((W6)/256),256)/2^1),2)*MOD(INT(MOD(INT((U6)/256),256)/2^1),2)*2+MOD(INT(MOD(INT((W6)/256),256)/2^2),2)*MOD(INT(MOD(INT((U6)/256),256)/2^2),2)*4+MOD(INT(MOD(INT((W6)/256),256)/2^3),2)*MOD(INT(MOD(INT((U6)/256),256)/2^3),2)*8+MOD(INT(MOD(INT((W6)/256),256)/2^4),2)*MOD(INT(MOD(INT((U6)/256),256)/2^4),2)*16+MOD(INT(MOD(INT((W6)/256),256)/2^5),2)*MOD(INT(MOD(INT((U6)/256),256)/2^5),2)*32+MOD(INT(MOD(INT((W6)/256),256)/2^6),2)*MOD(INT(MOD(INT((U6)/256),256)/2^6),2)*64+MOD(INT(MOD(INT((W6)/256),256)/2^7),2)*MOD(INT(MOD(INT((U6)/256),256)/2^7),2)*128)*256+(MOD(INT(MOD(INT((W6)/65536),256)/2^0),2)*MOD(INT(MOD(INT((U6)/65536),256)/2^0),2)*1+MOD(INT(MOD(INT((W6)/65536),256)/2^1),2)*MOD(INT(MOD(INT((U6)/65536),256)/2^1),2)*2+MOD(INT(MOD(INT((W6)/65536),256)/2^2),2)*MOD(INT(MOD(INT((U6)/65536),256)/2^2),2)*4+MOD(INT(MOD(INT((W6)/65536),256)/2^3),2)*MOD(INT(MOD(INT((U6)/65536),256)/2^3),2)*8+MOD(INT(MOD(INT((W6)/65536),256)/2^4),2)*MOD(INT(MOD(INT((U6)/65536),256)/2^4),2)*16+MOD(INT(MOD(INT((W6)/65536),256)/2^5),2)*MOD(INT(MOD(INT((U6)/65536),256)/2^5),2)*32+MOD(INT(MOD(INT((W6)/65536),256)/2^6),2)*MOD(INT(MOD(INT((U6)/65536),256)/2^6),2)*64+MOD(INT(MOD(INT((W6)/65536),256)/2^7),2)*MOD(INT(MOD(INT((U6)/65536),256)/2^7),2)*128)*65536+(MOD(INT(MOD(INT((W6)/16777216),256)/2^0),2)*MOD(INT(MOD(INT((U6)/16777216),256)/2^0),2)*1+MOD(INT(MOD(INT((W6)/16777216),256)/2^1),2)*MOD(INT(MOD(INT((U6)/16777216),256)/2^1),2)*2+MOD(INT(MOD(INT((W6)/16777216),256)/2^2),2)*MOD(INT(MOD(INT((U6)/16777216),256)/2^2),2)*4+MOD(INT(MOD(INT((W6)/16777216),256)/2^3),2)*MOD(INT(MOD(INT((U6)/16777216),256)/2^3),2)*8+MOD(INT(MOD(INT((W6)/16777216),256)/2^4),2)*MOD(INT(MOD(INT((U6)/16777216),256)/2^4),2)*16+MOD(INT(MOD(INT((W6)/16777216),256)/2^5),2)*MOD(INT(MOD(INT((U6)/16777216),256)/2^5),2)*32+MOD(INT(MOD(INT((W6)/16777216),256)/2^6),2)*MOD(INT(MOD(INT((U6)/16777216),256)/2^6),2)*64+MOD(INT(MOD(INT((W6)/16777216),256)/2^7),2)*MOD(INT(MOD(INT((U6)/16777216),256)/2^7),2)*128)*16777216) -> 2183665792 | Y6: =MOD(W6+U6-2*X6,4294967296) -> 898049835 | Z6: =MOD(MOD(C5,2^2)*2^30+INT(C5/2^2),4294967296) -> 3665983897 | AA6: =MOD(MOD(C5,2^13)*2^19+INT(C5/2^13),4294967296) -> 859525199 | AB6: =MOD(MOD(C5,2^22)*2^10+INT(C5/2^22),4294967296) -> 664378792 | AC6: =((MOD(INT(MOD(INT((Z6)/1),256)/2^0),2)*MOD(INT(MOD(INT((AA6)/1),256)/2^0),2)*1+MOD(INT(MOD(INT((Z6)/1),256)/2^1),2)*MOD(INT(MOD(INT((AA6)/1),256)/2^1),2)*2+MOD(INT(MOD(INT((Z6)/1),256)/2^2),2)*MOD(INT(MOD(INT((AA6)/1),256)/2^2),2)*4+MOD(INT(MOD(INT((Z6)/1),256)/2^3),2)*MOD(INT(MOD(INT((AA6)/1),256)/2^3),2)*8+MOD(INT(MOD(INT((Z6)/1),256)/2^4),2)*MOD(INT(MOD(INT((AA6)/1),256)/2^4),2)*16+MOD(INT(MOD(INT((Z6)/1),256)/2^5),2)*MOD(INT(MOD(INT((AA6)/1),256)/2^5),2)*32+MOD(INT(MOD(INT((Z6)/1),256)/2^6),2)*MOD(INT(MOD(INT((AA6)/1),256)/2^6),2)*64+MOD(INT(MOD(INT((Z6)/1),256)/2^7),2)*MOD(INT(MOD(INT((AA6)/1),256)/2^7),2)*128)*1+(MOD(INT(MOD(INT((Z6)/256),256)/2^0),2)*MOD(INT(MOD(INT((AA6)/256),256)/2^0),2)*1+MOD(INT(MOD(INT((Z6)/256),256)/2^1),2)*MOD(INT(MOD(INT((AA6)/256),256)/2^1),2)*2+MOD(INT(MOD(INT((Z6)/256),256)/2^2),2)*MOD(INT(MOD(INT((AA6)/256),256)/2^2),2)*4+MOD(INT(MOD(INT((Z6)/256),256)/2^3),2)*MOD(INT(MOD(INT((AA6)/256),256)/2^3),2)*8+MOD(INT(MOD(INT((Z6)/256),256)/2^4),2)*MOD(INT(MOD(INT((AA6)/256),256)/2^4),2)*16+MOD(INT(MOD(INT((Z6)/256),256)/2^5),2)*MOD(INT(MOD(INT((AA6)/256),256)/2^5),2)*32+MOD(INT(MOD(INT((Z6)/256),256)/2^6),2)*MOD(INT(MOD(INT((AA6)/256),256)/2^6),2)*64+MOD(INT(MOD(INT((Z6)/256),256)/2^7),2)*MOD(INT(MOD(INT((AA6)/256),256)/2^7),2)*128)*256+(MOD(INT(MOD(INT((Z6)/65536),256)/2^0),2)*MOD(INT(MOD(INT((AA6)/65536),256)/2^0),2)*1+MOD(INT(MOD(INT((Z6)/65536),256)/2^1),2)*MOD(INT(MOD(INT((AA6)/65536),256)/2^1),2)*2+MOD(INT(MOD(INT((Z6)/65536),256)/2^2),2)*MOD(INT(MOD(INT((AA6)/65536),256)/2^2),2)*4+MOD(INT(MOD(INT((Z6)/65536),256)/2^3),2)*MOD(INT(MOD(INT((AA6)/65536),256)/2^3),2)*8+MOD(INT(MOD(INT((Z6)/65536),256)/2^4),2)*MOD(INT(MOD(INT((AA6)/65536),256)/2^4),2)*16+MOD(INT(MOD(INT((Z6)/65536),256)/2^5),2)*MOD(INT(MOD(INT((AA6)/65536),256)/2^5),2)*32+MOD(INT(MOD(INT((Z6)/65536),256)/2^6),2)*MOD(INT(MOD(INT((AA6)/65536),256)/2^6),2)*64+MOD(INT(MOD(INT((Z6)/65536),256)/2^7),2)*MOD(INT(MOD(INT((AA6)/65536),256)/2^7),2)*128)*65536+(MOD(INT(MOD(INT((Z6)/16777216),256)/2^0),2)*MOD(INT(MOD(INT((AA6)/16777216),256)/2^0),2)*1+MOD(INT(MOD(INT((Z6)/16777216),256)/2^1),2)*MOD(INT(MOD(INT((AA6)/16777216),256)/2^1),2)*2+MOD(INT(MOD(INT((Z6)/16777216),256)/2^2),2)*MOD(INT(MOD(INT((AA6)/16777216),256)/2^2),2)*4+MOD(INT(MOD(INT((Z6)/16777216),256)/2^3),2)*MOD(INT(MOD(INT((AA6)/16777216),256)/2^3),2)*8+MOD(INT(MOD(INT((Z6)/16777216),256)/2^4),2)*MOD(INT(MOD(INT((AA6)/16777216),256)/2^4),2)*16+MOD(INT(MOD(INT((Z6)/16777216),256)/2^5),2)*MOD(INT(MOD(INT((AA6)/16777216),256)/2^5),2)*32+MOD(INT(MOD(INT((Z6)/16777216),256)/2^6),2)*MOD(INT(MOD(INT((AA6)/16777216),256)/2^6),2)*64+MOD(INT(MOD(INT((Z6)/16777216),256)/2^7),2)*MOD(INT(MOD(INT((AA6)/16777216),256)/2^7),2)*128)*16777216) -> 302141449 | AD6: =MOD(Z6+AA6-2*AC6,4294967296) -> 3921226198 | AE6: =((MOD(INT(MOD(INT((AD6)/1),256)/2^0),2)*MOD(INT(MOD(INT((AB6)/1),256)/2^0),2)*1+MOD(INT(MOD(INT((AD6)/1),256)/2^1),2)*MOD(INT(MOD(INT((AB6)/1),256)/2^1),2)*2+MOD(INT(MOD(INT((AD6)/1),256)/2^2),2)*MOD(INT(MOD(INT((AB6)/1),256)/2^2),2)*4+MOD(INT(MOD(INT((AD6)/1),256)/2^3),2)*MOD(INT(MOD(INT((AB6)/1),256)/2^3),2)*8+MOD(INT(MOD(INT((AD6)/1),256)/2^4),2)*MOD(INT(MOD(INT((AB6)/1),256)/2^4),2)*16+MOD(INT(MOD(INT((AD6)/1),256)/2^5),2)*MOD(INT(MOD(INT((AB6)/1),256)/2^5),2)*32+MOD(INT(MOD(INT((AD6)/1),256)/2^6),2)*MOD(INT(MOD(INT((AB6)/1),256)/2^6),2)*64+MOD(INT(MOD(INT((AD6)/1),256)/2^7),2)*MOD(INT(MOD(INT((AB6)/1),256)/2^7),2)*128)*1+(MOD(INT(MOD(INT((AD6)/256),256)/2^0),2)*MOD(INT(MOD(INT((AB6)/256),256)/2^0),2)*1+MOD(INT(MOD(INT((AD6)/256),256)/2^1),2)*MOD(INT(MOD(INT((AB6)/256),256)/2^1),2)*2+MOD(INT(MOD(INT((AD6)/256),256)/2^2),2)*MOD(INT(MOD(INT((AB6)/256),256)/2^2),2)*4+MOD(INT(MOD(INT((AD6)/256),256)/2^3),2)*MOD(INT(MOD(INT((AB6)/256),256)/2^3),2)*8+MOD(INT(MOD(INT((AD6)/256),256)/2^4),2)*MOD(INT(MOD(INT((AB6)/256),256)/2^4),2)*16+MOD(INT(MOD(INT((AD6)/256),256)/2^5),2)*MOD(INT(MOD(INT((AB6)/256),256)/2^5),2)*32+MOD(INT(MOD(INT((AD6)/256),256)/2^6),2)*MOD(INT(MOD(INT((AB6)/256),256)/2^6),2)*64+MOD(INT(MOD(INT((AD6)/256),256)/2^7),2)*MOD(INT(MOD(INT((AB6)/256),256)/2^7),2)*128)*256+(MOD(INT(MOD(INT((AD6)/65536),256)/2^0),2)*MOD(INT(MOD(INT((AB6)/65536),256)/2^0),2)*1+MOD(INT(MOD(INT((AD6)/65536),256)/2^1),2)*MOD(INT(MOD(INT((AB6)/65536),256)/2^1),2)*2+MOD(INT(MOD(INT((AD6)/65536),256)/2^2),2)*MOD(INT(MOD(INT((AB6)/65536),256)/2^2),2)*4+MOD(INT(MOD(INT((AD6)/65536),256)/2^3),2)*MOD(INT(MOD(INT((AB6)/65536),256)/2^3),2)*8+MOD(INT(MOD(INT((AD6)/65536),256)/2^4),2)*MOD(INT(MOD(INT((AB6)/65536),256)/2^4),2)*16+MOD(INT(MOD(INT((AD6)/65536),256)/2^5),2)*MOD(INT(MOD(INT((AB6)/65536),256)/2^5),2)*32+MOD(INT(MOD(INT((AD6)/65536),256)/2^6),2)*MOD(INT(MOD(INT((AB6)/65536),256)/2^6),2)*64+MOD(INT(MOD(INT((AD6)/65536),256)/2^7),2)*MOD(INT(MOD(INT((AB6)/65536),256)/2^7),2)*128)*65536+(MOD(INT(MOD(INT((AD6)/16777216),256)/2^0),2)*MOD(INT(MOD(INT((AB6)/16777216),256)/2^0),2)*1+MOD(INT(MOD(INT((AD6)/16777216),256)/2^1),2)*MOD(INT(MOD(INT((AB6)/16777216),256)/2^1),2)*2+MOD(INT(MOD(INT((AD6)/16777216),256)/2^2),2)*MOD(INT(MOD(INT((AB6)/16777216),256)/2^2),2)*4+MOD(INT(MOD(INT((AD6)/16777216),256)/2^3),2)*MOD(INT(MOD(INT((AB6)/16777216),256)/2^3),2)*8+MOD(INT(MOD(INT((AD6)/16777216),256)/2^4),2)*MOD(INT(MOD(INT((AB6)/16777216),256)/2^4),2)*16+MOD(INT(MOD(INT((AD6)/16777216),256)/2^5),2)*MOD(INT(MOD(INT((AB6)/16777216),256)/2^5),2)*32+MOD(INT(MOD(INT((AD6)/16777216),256)/2^6),2)*MOD(INT(MOD(INT((AB6)/16777216),256)/2^6),2)*64+MOD(INT(MOD(INT((AD6)/16777216),256)/2^7),2)*MOD(INT(MOD(INT((AB6)/16777216),256)/2^7),2)*128)*16777216) -> 563677568 | AF6: =MOD(AD6+AB6-2*AE6,4294967296) -> 3458249854 | AG6: =MOD(J5+Y6+M6+'📦 SHA-256 Constants'!C4+AN5,4294967296) -> 1541233108 | AH6: =MOD(AF6+R6,4294967296) -> 143694565 | AI6: =AN5 -> 1751477356 | AJ6: ='📦 SHA-256 Constants'!C4 -> 1116352408 | AK6: Round 1 (шаги 1–16) | AM6: 1 | AN6: =(IF(LEN('🔐 SHA-256'!B5)>4,CODE(MID('🔐 SHA-256'!B5,5,1)),IF(LEN('🔐 SHA-256'!B5)=4,128,0)))*16777216+(IF(LEN('🔐 SHA-256'!B5)>5,CODE(MID('🔐 SHA-256'!B5,6,1)),IF(LEN('🔐 SHA-256'!B5)=5,128,0)))*65536+(IF(LEN('🔐 SHA-256'!B5)>6,CODE(MID('🔐 SHA-256'!B5,7,1)),IF(LEN('🔐 SHA-256'!B5)=6,128,0)))*256+(IF(LEN('🔐 SHA-256'!B5)=7,128,0)) -> 1870659584 | AO6: — | AP6: — | AQ6: — | AR6: — | AS6: — | AT6: — | AU6: —
B7: 2 | C7: =MOD(AG7+AH7,4294967296) -> 2686139092 | D7: =C6 -> 1684927673 | E7: =D6 -> 1779033703 | F7: =E6 -> 3144134277 | G7: =MOD(F6+AG7,4294967296) -> 655985617 | H7: =G6 -> 19746574 | I7: =H6 -> 1359893119 | J7: =I6 -> 2600822924 | K7: =((MOD(INT(MOD(INT((G6)/1),256)/2^0),2)*MOD(INT(MOD(INT((H6)/1),256)/2^0),2)*1+MOD(INT(MOD(INT((G6)/1),256)/2^1),2)*MOD(INT(MOD(INT((H6)/1),256)/2^1),2)*2+MOD(INT(MOD(INT((G6)/1),256)/2^2),2)*MOD(INT(MOD(INT((H6)/1),256)/2^2),2)*4+MOD(INT(MOD(INT((G6)/1),256)/2^3),2)*MOD(INT(MOD(INT((H6)/1),256)/2^3),2)*8+MOD(INT(MOD(INT((G6)/1),256)/2^4),2)*MOD(INT(MOD(INT((H6)/1),256)/2^4),2)*16+MOD(INT(MOD(INT((G6)/1),256)/2^5),2)*MOD(INT(MOD(INT((H6)/1),256)/2^5),2)*32+MOD(INT(MOD(INT((G6)/1),256)/2^6),2)*MOD(INT(MOD(INT((H6)/1),256)/2^6),2)*64+MOD(INT(MOD(INT((G6)/1),256)/2^7),2)*MOD(INT(MOD(INT((H6)/1),256)/2^7),2)*128)*1+(MOD(INT(MOD(INT((G6)/256),256)/2^0),2)*MOD(INT(MOD(INT((H6)/256),256)/2^0),2)*1+MOD(INT(MOD(INT((G6)/256),256)/2^1),2)*MOD(INT(MOD(INT((H6)/256),256)/2^1),2)*2+MOD(INT(MOD(INT((G6)/256),256)/2^2),2)*MOD(INT(MOD(INT((H6)/256),256)/2^2),2)*4+MOD(INT(MOD(INT((G6)/256),256)/2^3),2)*MOD(INT(MOD(INT((H6)/256),256)/2^3),2)*8+MOD(INT(MOD(INT((G6)/256),256)/2^4),2)*MOD(INT(MOD(INT((H6)/256),256)/2^4),2)*16+MOD(INT(MOD(INT((G6)/256),256)/2^5),2)*MOD(INT(MOD(INT((H6)/256),256)/2^5),2)*32+MOD(INT(MOD(INT((G6)/256),256)/2^6),2)*MOD(INT(MOD(INT((H6)/256),256)/2^6),2)*64+MOD(INT(MOD(INT((G6)/256),256)/2^7),2)*MOD(INT(MOD(INT((H6)/256),256)/2^7),2)*128)*256+(MOD(INT(MOD(INT((G6)/65536),256)/2^0),2)*MOD(INT(MOD(INT((H6)/65536),256)/2^0),2)*1+MOD(INT(MOD(INT((G6)/65536),256)/2^1),2)*MOD(INT(MOD(INT((H6)/65536),256)/2^1),2)*2+MOD(INT(MOD(INT((G6)/65536),256)/2^2),2)*MOD(INT(MOD(INT((H6)/65536),256)/2^2),2)*4+MOD(INT(MOD(INT((G6)/65536),256)/2^3),2)*MOD(INT(MOD(INT((H6)/65536),256)/2^3),2)*8+MOD(INT(MOD(INT((G6)/65536),256)/2^4),2)*MOD(INT(MOD(INT((H6)/65536),256)/2^4),2)*16+MOD(INT(MOD(INT((G6)/65536),256)/2^5),2)*MOD(INT(MOD(INT((H6)/65536),256)/2^5),2)*32+MOD(INT(MOD(INT((G6)/65536),256)/2^6),2)*MOD(INT(MOD(INT((H6)/65536),256)/2^6),2)*64+MOD(INT(MOD(INT((G6)/65536),256)/2^7),2)*MOD(INT(MOD(INT((H6)/65536),256)/2^7),2)*128)*65536+(MOD(INT(MOD(INT((G6)/16777216),256)/2^0),2)*MOD(INT(MOD(INT((H6)/16777216),256)/2^0),2)*1+MOD(INT(MOD(INT((G6)/16777216),256)/2^1),2)*MOD(INT(MOD(INT((H6)/16777216),256)/2^1),2)*2+MOD(INT(MOD(INT((G6)/16777216),256)/2^2),2)*MOD(INT(MOD(INT((H6)/16777216),256)/2^2),2)*4+MOD(INT(MOD(INT((G6)/16777216),256)/2^3),2)*MOD(INT(MOD(INT((H6)/16777216),256)/2^3),2)*8+MOD(INT(MOD(INT((G6)/16777216),256)/2^4),2)*MOD(INT(MOD(INT((H6)/16777216),256)/2^4),2)*16+MOD(INT(MOD(INT((G6)/16777216),256)/2^5),2)*MOD(INT(MOD(INT((H6)/16777216),256)/2^5),2)*32+MOD(INT(MOD(INT((G6)/16777216),256)/2^6),2)*MOD(INT(MOD(INT((H6)/16777216),256)/2^6),2)*64+MOD(INT(MOD(INT((G6)/16777216),256)/2^7),2)*MOD(INT(MOD(INT((H6)/16777216),256)/2^7),2)*128)*16777216) -> 17580558 | L7: =((MOD(INT(MOD(INT(((4294967295-G6))/1),256)/2^0),2)*MOD(INT(MOD(INT((I6)/1),256)/2^0),2)*1+MOD(INT(MOD(INT(((4294967295-G6))/1),256)/2^1),2)*MOD(INT(MOD(INT((I6)/1),256)/2^1),2)*2+MOD(INT(MOD(INT(((4294967295-G6))/1),256)/2^2),2)*MOD(INT(MOD(INT((I6)/1),256)/2^2),2)*4+MOD(INT(MOD(INT(((4294967295-G6))/1),256)/2^3),2)*MOD(INT(MOD(INT((I6)/1),256)/2^3),2)*8+MOD(INT(MOD(INT(((4294967295-G6))/1),256)/2^4),2)*MOD(INT(MOD(INT((I6)/1),256)/2^4),2)*16+MOD(INT(MOD(INT(((4294967295-G6))/1),256)/2^5),2)*MOD(INT(MOD(INT((I6)/1),256)/2^5),2)*32+MOD(INT(MOD(INT(((4294967295-G6))/1),256)/2^6),2)*MOD(INT(MOD(INT((I6)/1),256)/2^6),2)*64+MOD(INT(MOD(INT(((4294967295-G6))/1),256)/2^7),2)*MOD(INT(MOD(INT((I6)/1),256)/2^7),2)*128)*1+(MOD(INT(MOD(INT(((4294967295-G6))/256),256)/2^0),2)*MOD(INT(MOD(INT((I6)/256),256)/2^0),2)*1+MOD(INT(MOD(INT(((4294967295-G6))/256),256)/2^1),2)*MOD(INT(MOD(INT((I6)/256),256)/2^1),2)*2+MOD(INT(MOD(INT(((4294967295-G6))/256),256)/2^2),2)*MOD(INT(MOD(INT((I6)/256),256)/2^2),2)*4+MOD(INT(MOD(INT(((4294967295-G6))/256),256)/2^3),2)*MOD(INT(MOD(INT((I6)/256),256)/2^3),2)*8+MOD(INT(MOD(INT(((4294967295-G6))/256),256)/2^4),2)*MOD(INT(MOD(INT((I6)/256),256)/2^4),2)*16+MOD(INT(MOD(INT(((4294967295-G6))/256),256)/2^5),2)*MOD(INT(MOD(INT((I6)/256),256)/2^5),2)*32+MOD(INT(MOD(INT(((4294967295-G6))/256),256)/2^6),2)*MOD(INT(MOD(INT((I6)/256),256)/2^6),2)*64+MOD(INT(MOD(INT(((4294967295-G6))/256),256)/2^7),2)*MOD(INT(MOD(INT((I6)/256),256)/2^7),2)*128)*256+(MOD(INT(MOD(INT(((4294967295-G6))/65536),256)/2^0),2)*MOD(INT(MOD(INT((I6)/65536),256)/2^0),2)*1+MOD(INT(MOD(INT(((4294967295-G6))/65536),256)/2^1),2)*MOD(INT(MOD(INT((I6)/65536),256)/2^1),2)*2+MOD(INT(MOD(INT(((4294967295-G6))/65536),256)/2^2),2)*MOD(INT(MOD(INT((I6)/65536),256)/2^2),2)*4+MOD(INT(MOD(INT(((4294967295-G6))/65536),256)/2^3),2)*MOD(INT(MOD(INT((I6)/65536),256)/2^3),2)*8+MOD(INT(MOD(INT(((4294967295-G6))/65536),256)/2^4),2)*MOD(INT(MOD(INT((I6)/65536),256)/2^4),2)*16+MOD(INT(MOD(INT(((4294967295-G6))/65536),256)/2^5),2)*MOD(INT(MOD(INT((I6)/65536),256)/2^5),2)*32+MOD(INT(MOD(INT(((4294967295-G6))/65536),256)/2^6),2)*MOD(INT(MOD(INT((I6)/65536),256)/2^6),2)*64+MOD(INT(MOD(INT(((4294967295-G6))/65536),256)/2^7),2)*MOD(INT(MOD(INT((I6)/65536),256)/2^7),2)*128)*65536+(MOD(INT(MOD(INT(((4294967295-G6))/16777216),256)/2^0),2)*MOD(INT(MOD(INT((I6)/16777216),256)/2^0),2)*1+MOD(INT(MOD(INT(((4294967295-G6))/16777216),256)/2^1),2)*MOD(INT(MOD(INT((I6)/16777216),256)/2^1),2)*2+MOD(INT(MOD(INT(((4294967295-G6))/16777216),256)/2^2),2)*MOD(INT(MOD(INT((I6)/16777216),256)/2^2),2)*4+MOD(INT(MOD(INT(((4294967295-G6))/16777216),256)/2^3),2)*MOD(INT(MOD(INT((I6)/16777216),256)/2^3),2)*8+MOD(INT(MOD(INT(((4294967295-G6))/16777216),256)/2^4),2)*MOD(INT(MOD(INT((I6)/16777216),256)/2^4),2)*16+MOD(INT(MOD(INT(((4294967295-G6))/16777216),256)/2^5),2)*MOD(INT(MOD(INT((I6)/16777216),256)/2^5),2)*32+MOD(INT(MOD(INT(((4294967295-G6))/16777216),256)/2^6),2)*MOD(INT(MOD(INT((I6)/16777216),256)/2^6),2)*64+MOD(INT(MOD(INT(((4294967295-G6))/16777216),256)/2^7),2)*MOD(INT(MOD(INT((I6)/16777216),256)/2^7),2)*128)*16777216) -> 2583699584 | M7: =MOD(K7+L7,4294967296) -> 2601280142 | N7: =((MOD(INT(MOD(INT((C6)/1),256)/2^0),2)*MOD(INT(MOD(INT((D6)/1),256)/2^0),2)*1+MOD(INT(MOD(INT((C6)/1),256)/2^1),2)*MOD(INT(MOD(INT((D6)/1),256)/2^1),2)*2+MOD(INT(MOD(INT((C6)/1),256)/2^2),2)*MOD(INT(MOD(INT((D6)/1),256)/2^2),2)*4+MOD(INT(MOD(INT((C6)/1),256)/2^3),2)*MOD(INT(MOD(INT((D6)/1),256)/2^3),2)*8+MOD(INT(MOD(INT((C6)/1),256)/2^4),2)*MOD(INT(MOD(INT((D6)/1),256)/2^4),2)*16+MOD(INT(MOD(INT((C6)/1),256)/2^5),2)*MOD(INT(MOD(INT((D6)/1),256)/2^5),2)*32+MOD(INT(MOD(INT((C6)/1),256)/2^6),2)*MOD(INT(MOD(INT((D6)/1),256)/2^6),2)*64+MOD(INT(MOD(INT((C6)/1),256)/2^7),2)*MOD(INT(MOD(INT((D6)/1),256)/2^7),2)*128)*1+(MOD(INT(MOD(INT((C6)/256),256)/2^0),2)*MOD(INT(MOD(INT((D6)/256),256)/2^0),2)*1+MOD(INT(MOD(INT((C6)/256),256)/2^1),2)*MOD(INT(MOD(INT((D6)/256),256)/2^1),2)*2+MOD(INT(MOD(INT((C6)/256),256)/2^2),2)*MOD(INT(MOD(INT((D6)/256),256)/2^2),2)*4+MOD(INT(MOD(INT((C6)/256),256)/2^3),2)*MOD(INT(MOD(INT((D6)/256),256)/2^3),2)*8+MOD(INT(MOD(INT((C6)/256),256)/2^4),2)*MOD(INT(MOD(INT((D6)/256),256)/2^4),2)*16+MOD(INT(MOD(INT((C6)/256),256)/2^5),2)*MOD(INT(MOD(INT((D6)/256),256)/2^5),2)*32+MOD(INT(MOD(INT((C6)/256),256)/2^6),2)*MOD(INT(MOD(INT((D6)/256),256)/2^6),2)*64+MOD(INT(MOD(INT((C6)/256),256)/2^7),2)*MOD(INT(MOD(INT((D6)/256),256)/2^7),2)*128)*256+(MOD(INT(MOD(INT((C6)/65536),256)/2^0),2)*MOD(INT(MOD(INT((D6)/65536),256)/2^0),2)*1+MOD(INT(MOD(INT((C6)/65536),256)/2^1),2)*MOD(INT(MOD(INT((D6)/65536),256)/2^1),2)*2+MOD(INT(MOD(INT((C6)/65536),256)/2^2),2)*MOD(INT(MOD(INT((D6)/65536),256)/2^2),2)*4+MOD(INT(MOD(INT((C6)/65536),256)/2^3),2)*MOD(INT(MOD(INT((D6)/65536),256)/2^3),2)*8+MOD(INT(MOD(INT((C6)/65536),256)/2^4),2)*MOD(INT(MOD(INT((D6)/65536),256)/2^4),2)*16+MOD(INT(MOD(INT((C6)/65536),256)/2^5),2)*MOD(INT(MOD(INT((D6)/65536),256)/2^5),2)*32+MOD(INT(MOD(INT((C6)/65536),256)/2^6),2)*MOD(INT(MOD(INT((D6)/65536),256)/2^6),2)*64+MOD(INT(MOD(INT((C6)/65536),256)/2^7),2)*MOD(INT(MOD(INT((D6)/65536),256)/2^7),2)*128)*65536+(MOD(INT(MOD(INT((C6)/16777216),256)/2^0),2)*MOD(INT(MOD(INT((D6)/16777216),256)/2^0),2)*1+MOD(INT(MOD(INT((C6)/16777216),256)/2^1),2)*MOD(INT(MOD(INT((D6)/16777216),256)/2^1),2)*2+MOD(INT(MOD(INT((C6)/16777216),256)/2^2),2)*MOD(INT(MOD(INT((D6)/16777216),256)/2^2),2)*4+MOD(INT(MOD(INT((C6)/16777216),256)/2^3),2)*MOD(INT(MOD(INT((D6)/16777216),256)/2^3),2)*8+MOD(INT(MOD(INT((C6)/16777216),256)/2^4),2)*MOD(INT(MOD(INT((D6)/16777216),256)/2^4),2)*16+MOD(INT(MOD(INT((C6)/16777216),256)/2^5),2)*MOD(INT(MOD(INT((D6)/16777216),256)/2^5),2)*32+MOD(INT(MOD(INT((C6)/16777216),256)/2^6),2)*MOD(INT(MOD(INT((D6)/16777216),256)/2^6),2)*64+MOD(INT(MOD(INT((C6)/16777216),256)/2^7),2)*MOD(INT(MOD(INT((D6)/16777216),256)/2^7),2)*128)*16777216) -> 1611260961 | O7: =((MOD(INT(MOD(INT((C6)/1),256)/2^0),2)*MOD(INT(MOD(INT((E6)/1),256)/2^0),2)*1+MOD(INT(MOD(INT((C6)/1),256)/2^1),2)*MOD(INT(MOD(INT((E6)/1),256)/2^1),2)*2+MOD(INT(MOD(INT((C6)/1),256)/2^2),2)*MOD(INT(MOD(INT((E6)/1),256)/2^2),2)*4+MOD(INT(MOD(INT((C6)/1),256)/2^3),2)*MOD(INT(MOD(INT((E6)/1),256)/2^3),2)*8+MOD(INT(MOD(INT((C6)/1),256)/2^4),2)*MOD(INT(MOD(INT((E6)/1),256)/2^4),2)*16+MOD(INT(MOD(INT((C6)/1),256)/2^5),2)*MOD(INT(MOD(INT((E6)/1),256)/2^5),2)*32+MOD(INT(MOD(INT((C6)/1),256)/2^6),2)*MOD(INT(MOD(INT((E6)/1),256)/2^6),2)*64+MOD(INT(MOD(INT((C6)/1),256)/2^7),2)*MOD(INT(MOD(INT((E6)/1),256)/2^7),2)*128)*1+(MOD(INT(MOD(INT((C6)/256),256)/2^0),2)*MOD(INT(MOD(INT((E6)/256),256)/2^0),2)*1+MOD(INT(MOD(INT((C6)/256),256)/2^1),2)*MOD(INT(MOD(INT((E6)/256),256)/2^1),2)*2+MOD(INT(MOD(INT((C6)/256),256)/2^2),2)*MOD(INT(MOD(INT((E6)/256),256)/2^2),2)*4+MOD(INT(MOD(INT((C6)/256),256)/2^3),2)*MOD(INT(MOD(INT((E6)/256),256)/2^3),2)*8+MOD(INT(MOD(INT((C6)/256),256)/2^4),2)*MOD(INT(MOD(INT((E6)/256),256)/2^4),2)*16+MOD(INT(MOD(INT((C6)/256),256)/2^5),2)*MOD(INT(MOD(INT((E6)/256),256)/2^5),2)*32+MOD(INT(MOD(INT((C6)/256),256)/2^6),2)*MOD(INT(MOD(INT((E6)/256),256)/2^6),2)*64+MOD(INT(MOD(INT((C6)/256),256)/2^7),2)*MOD(INT(MOD(INT((E6)/256),256)/2^7),2)*128)*256+(MOD(INT(MOD(INT((C6)/65536),256)/2^0),2)*MOD(INT(MOD(INT((E6)/65536),256)/2^0),2)*1+MOD(INT(MOD(INT((C6)/65536),256)/2^1),2)*MOD(INT(MOD(INT((E6)/65536),256)/2^1),2)*2+MOD(INT(MOD(INT((C6)/65536),256)/2^2),2)*MOD(INT(MOD(INT((E6)/65536),256)/2^2),2)*4+MOD(INT(MOD(INT((C6)/65536),256)/2^3),2)*MOD(INT(MOD(INT((E6)/65536),256)/2^3),2)*8+MOD(INT(MOD(INT((C6)/65536),256)/2^4),2)*MOD(INT(MOD(INT((E6)/65536),256)/2^4),2)*16+MOD(INT(MOD(INT((C6)/65536),256)/2^5),2)*MOD(INT(MOD(INT((E6)/65536),256)/2^5),2)*32+MOD(INT(MOD(INT((C6)/65536),256)/2^6),2)*MOD(INT(MOD(INT((E6)/65536),256)/2^6),2)*64+MOD(INT(MOD(INT((C6)/65536),256)/2^7),2)*MOD(INT(MOD(INT((E6)/65536),256)/2^7),2)*128)*65536+(MOD(INT(MOD(INT((C6)/16777216),256)/2^0),2)*MOD(INT(MOD(INT((E6)/16777216),256)/2^0),2)*1+MOD(INT(MOD(INT((C6)/16777216),256)/2^1),2)*MOD(INT(MOD(INT((E6)/16777216),256)/2^1),2)*2+MOD(INT(MOD(INT((C6)/16777216),256)/2^2),2)*MOD(INT(MOD(INT((E6)/16777216),256)/2^2),2)*4+MOD(INT(MOD(INT((C6)/16777216),256)/2^3),2)*MOD(INT(MOD(INT((E6)/16777216),256)/2^3),2)*8+MOD(INT(MOD(INT((C6)/16777216),256)/2^4),2)*MOD(INT(MOD(INT((E6)/16777216),256)/2^4),2)*16+MOD(INT(MOD(INT((C6)/16777216),256)/2^5),2)*MOD(INT(MOD(INT((E6)/16777216),256)/2^5),2)*32+MOD(INT(MOD(INT((C6)/16777216),256)/2^6),2)*MOD(INT(MOD(INT((E6)/16777216),256)/2^6),2)*64+MOD(INT(MOD(INT((C6)/16777216),256)/2^7),2)*MOD(INT(MOD(INT((E6)/16777216),256)/2^7),2)*128)*16777216) -> 543532161 | P7: =((MOD(INT(MOD(INT((D6)/1),256)/2^0),2)*MOD(INT(MOD(INT((E6)/1),256)/2^0),2)*1+MOD(INT(MOD(INT((D6)/1),256)/2^1),2)*MOD(INT(MOD(INT((E6)/1),256)/2^1),2)*2+MOD(INT(MOD(INT((D6)/1),256)/2^2),2)*MOD(INT(MOD(INT((E6)/1),256)/2^2),2)*4+MOD(INT(MOD(INT((D6)/1),256)/2^3),2)*MOD(INT(MOD(INT((E6)/1),256)/2^3),2)*8+MOD(INT(MOD(INT((D6)/1),256)/2^4),2)*MOD(INT(MOD(INT((E6)/1),256)/2^4),2)*16+MOD(INT(MOD(INT((D6)/1),256)/2^5),2)*MOD(INT(MOD(INT((E6)/1),256)/2^5),2)*32+MOD(INT(MOD(INT((D6)/1),256)/2^6),2)*MOD(INT(MOD(INT((E6)/1),256)/2^6),2)*64+MOD(INT(MOD(INT((D6)/1),256)/2^7),2)*MOD(INT(MOD(INT((E6)/1),256)/2^7),2)*128)*1+(MOD(INT(MOD(INT((D6)/256),256)/2^0),2)*MOD(INT(MOD(INT((E6)/256),256)/2^0),2)*1+MOD(INT(MOD(INT((D6)/256),256)/2^1),2)*MOD(INT(MOD(INT((E6)/256),256)/2^1),2)*2+MOD(INT(MOD(INT((D6)/256),256)/2^2),2)*MOD(INT(MOD(INT((E6)/256),256)/2^2),2)*4+MOD(INT(MOD(INT((D6)/256),256)/2^3),2)*MOD(INT(MOD(INT((E6)/256),256)/2^3),2)*8+MOD(INT(MOD(INT((D6)/256),256)/2^4),2)*MOD(INT(MOD(INT((E6)/256),256)/2^4),2)*16+MOD(INT(MOD(INT((D6)/256),256)/2^5),2)*MOD(INT(MOD(INT((E6)/256),256)/2^5),2)*32+MOD(INT(MOD(INT((D6)/256),256)/2^6),2)*MOD(INT(MOD(INT((E6)/256),256)/2^6),2)*64+MOD(INT(MOD(INT((D6)/256),256)/2^7),2)*MOD(INT(MOD(INT((E6)/256),256)/2^7),2)*128)*256+(MOD(INT(MOD(INT((D6)/65536),256)/2^0),2)*MOD(INT(MOD(INT((E6)/65536),256)/2^0),2)*1+MOD(INT(MOD(INT((D6)/65536),256)/2^1),2)*MOD(INT(MOD(INT((E6)/65536),256)/2^1),2)*2+MOD(INT(MOD(INT((D6)/65536),256)/2^2),2)*MOD(INT(MOD(INT((E6)/65536),256)/2^2),2)*4+MOD(INT(MOD(INT((D6)/65536),256)/2^3),2)*MOD(INT(MOD(INT((E6)/65536),256)/2^3),2)*8+MOD(INT(MOD(INT((D6)/65536),256)/2^4),2)*MOD(INT(MOD(INT((E6)/65536),256)/2^4),2)*16+MOD(INT(MOD(INT((D6)/65536),256)/2^5),2)*MOD(INT(MOD(INT((E6)/65536),256)/2^5),2)*32+MOD(INT(MOD(INT((D6)/65536),256)/2^6),2)*MOD(INT(MOD(INT((E6)/65536),256)/2^6),2)*64+MOD(INT(MOD(INT((D6)/65536),256)/2^7),2)*MOD(INT(MOD(INT((E6)/65536),256)/2^7),2)*128)*65536+(MOD(INT(MOD(INT((D6)/16777216),256)/2^0),2)*MOD(INT(MOD(INT((E6)/16777216),256)/2^0),2)*1+MOD(INT(MOD(INT((D6)/16777216),256)/2^1),2)*MOD(INT(MOD(INT((E6)/16777216),256)/2^1),2)*2+MOD(INT(MOD(INT((D6)/16777216),256)/2^2),2)*MOD(INT(MOD(INT((E6)/16777216),256)/2^2),2)*4+MOD(INT(MOD(INT((D6)/16777216),256)/2^3),2)*MOD(INT(MOD(INT((E6)/16777216),256)/2^3),2)*8+MOD(INT(MOD(INT((D6)/16777216),256)/2^4),2)*MOD(INT(MOD(INT((E6)/16777216),256)/2^4),2)*16+MOD(INT(MOD(INT((D6)/16777216),256)/2^5),2)*MOD(INT(MOD(INT((E6)/16777216),256)/2^5),2)*32+MOD(INT(MOD(INT((D6)/16777216),256)/2^6),2)*MOD(INT(MOD(INT((E6)/16777216),256)/2^6),2)*64+MOD(INT(MOD(INT((D6)/16777216),256)/2^7),2)*MOD(INT(MOD(INT((E6)/16777216),256)/2^7),2)*128)*16777216) -> 704751109 | Q7: =((MOD(INT(MOD(INT((N7)/1),256)/2^0),2)*MOD(INT(MOD(INT((P7)/1),256)/2^0),2)*1+MOD(INT(MOD(INT((N7)/1),256)/2^1),2)*MOD(INT(MOD(INT((P7)/1),256)/2^1),2)*2+MOD(INT(MOD(INT((N7)/1),256)/2^2),2)*MOD(INT(MOD(INT((P7)/1),256)/2^2),2)*4+MOD(INT(MOD(INT((N7)/1),256)/2^3),2)*MOD(INT(MOD(INT((P7)/1),256)/2^3),2)*8+MOD(INT(MOD(INT((N7)/1),256)/2^4),2)*MOD(INT(MOD(INT((P7)/1),256)/2^4),2)*16+MOD(INT(MOD(INT((N7)/1),256)/2^5),2)*MOD(INT(MOD(INT((P7)/1),256)/2^5),2)*32+MOD(INT(MOD(INT((N7)/1),256)/2^6),2)*MOD(INT(MOD(INT((P7)/1),256)/2^6),2)*64+MOD(INT(MOD(INT((N7)/1),256)/2^7),2)*MOD(INT(MOD(INT((P7)/1),256)/2^7),2)*128)*1+(MOD(INT(MOD(INT((N7)/256),256)/2^0),2)*MOD(INT(MOD(INT((P7)/256),256)/2^0),2)*1+MOD(INT(MOD(INT((N7)/256),256)/2^1),2)*MOD(INT(MOD(INT((P7)/256),256)/2^1),2)*2+MOD(INT(MOD(INT((N7)/256),256)/2^2),2)*MOD(INT(MOD(INT((P7)/256),256)/2^2),2)*4+MOD(INT(MOD(INT((N7)/256),256)/2^3),2)*MOD(INT(MOD(INT((P7)/256),256)/2^3),2)*8+MOD(INT(MOD(INT((N7)/256),256)/2^4),2)*MOD(INT(MOD(INT((P7)/256),256)/2^4),2)*16+MOD(INT(MOD(INT((N7)/256),256)/2^5),2)*MOD(INT(MOD(INT((P7)/256),256)/2^5),2)*32+MOD(INT(MOD(INT((N7)/256),256)/2^6),2)*MOD(INT(MOD(INT((P7)/256),256)/2^6),2)*64+MOD(INT(MOD(INT((N7)/256),256)/2^7),2)*MOD(INT(MOD(INT((P7)/256),256)/2^7),2)*128)*256+(MOD(INT(MOD(INT((N7)/65536),256)/2^0),2)*MOD(INT(MOD(INT((P7)/65536),256)/2^0),2)*1+MOD(INT(MOD(INT((N7)/65536),256)/2^1),2)*MOD(INT(MOD(INT((P7)/65536),256)/2^1),2)*2+MOD(INT(MOD(INT((N7)/65536),256)/2^2),2)*MOD(INT(MOD(INT((P7)/65536),256)/2^2),2)*4+MOD(INT(MOD(INT((N7)/65536),256)/2^3),2)*MOD(INT(MOD(INT((P7)/65536),256)/2^3),2)*8+MOD(INT(MOD(INT((N7)/65536),256)/2^4),2)*MOD(INT(MOD(INT((P7)/65536),256)/2^4),2)*16+MOD(INT(MOD(INT((N7)/65536),256)/2^5),2)*MOD(INT(MOD(INT((P7)/65536),256)/2^5),2)*32+MOD(INT(MOD(INT((N7)/65536),256)/2^6),2)*MOD(INT(MOD(INT((P7)/65536),256)/2^6),2)*64+MOD(INT(MOD(INT((N7)/65536),256)/2^7),2)*MOD(INT(MOD(INT((P7)/65536),256)/2^7),2)*128)*65536+(MOD(INT(MOD(INT((N7)/16777216),256)/2^0),2)*MOD(INT(MOD(INT((P7)/16777216),256)/2^0),2)*1+MOD(INT(MOD(INT((N7)/16777216),256)/2^1),2)*MOD(INT(MOD(INT((P7)/16777216),256)/2^1),2)*2+MOD(INT(MOD(INT((N7)/16777216),256)/2^2),2)*MOD(INT(MOD(INT((P7)/16777216),256)/2^2),2)*4+MOD(INT(MOD(INT((N7)/16777216),256)/2^3),2)*MOD(INT(MOD(INT((P7)/16777216),256)/2^3),2)*8+MOD(INT(MOD(INT((N7)/16777216),256)/2^4),2)*MOD(INT(MOD(INT((P7)/16777216),256)/2^4),2)*16+MOD(INT(MOD(INT((N7)/16777216),256)/2^5),2)*MOD(INT(MOD(INT((P7)/16777216),256)/2^5),2)*32+MOD(INT(MOD(INT((N7)/16777216),256)/2^6),2)*MOD(INT(MOD(INT((P7)/16777216),256)/2^6),2)*64+MOD(INT(MOD(INT((N7)/16777216),256)/2^7),2)*MOD(INT(MOD(INT((P7)/16777216),256)/2^7),2)*128)*16777216) -> 536978433 | R7: =MOD(N7+O7+P7-2*Q7,4294967296) -> 1785587365 | S7: =MOD(MOD(G6,2^6)*2^26+INT(G6/2^6),4294967296) -> 939832636 | T7: =MOD(MOD(G6,2^11)*2^21+INT(G6/2^11),4294967296) -> 3787466153 | U7: =MOD(MOD(G6,2^25)*2^7+INT(G6/2^25),4294967296) -> 2527561472 | V7: =((MOD(INT(MOD(INT((S7)/1),256)/2^0),2)*MOD(INT(MOD(INT((T7)/1),256)/2^0),2)*1+MOD(INT(MOD(INT((S7)/1),256)/2^1),2)*MOD(INT(MOD(INT((T7)/1),256)/2^1),2)*2+MOD(INT(MOD(INT((S7)/1),256)/2^2),2)*MOD(INT(MOD(INT((T7)/1),256)/2^2),2)*4+MOD(INT(MOD(INT((S7)/1),256)/2^3),2)*MOD(INT(MOD(INT((T7)/1),256)/2^3),2)*8+MOD(INT(MOD(INT((S7)/1),256)/2^4),2)*MOD(INT(MOD(INT((T7)/1),256)/2^4),2)*16+MOD(INT(MOD(INT((S7)/1),256)/2^5),2)*MOD(INT(MOD(INT((T7)/1),256)/2^5),2)*32+MOD(INT(MOD(INT((S7)/1),256)/2^6),2)*MOD(INT(MOD(INT((T7)/1),256)/2^6),2)*64+MOD(INT(MOD(INT((S7)/1),256)/2^7),2)*MOD(INT(MOD(INT((T7)/1),256)/2^7),2)*128)*1+(MOD(INT(MOD(INT((S7)/256),256)/2^0),2)*MOD(INT(MOD(INT((T7)/256),256)/2^0),2)*1+MOD(INT(MOD(INT((S7)/256),256)/2^1),2)*MOD(INT(MOD(INT((T7)/256),256)/2^1),2)*2+MOD(INT(MOD(INT((S7)/256),256)/2^2),2)*MOD(INT(MOD(INT((T7)/256),256)/2^2),2)*4+MOD(INT(MOD(INT((S7)/256),256)/2^3),2)*MOD(INT(MOD(INT((T7)/256),256)/2^3),2)*8+MOD(INT(MOD(INT((S7)/256),256)/2^4),2)*MOD(INT(MOD(INT((T7)/256),256)/2^4),2)*16+MOD(INT(MOD(INT((S7)/256),256)/2^5),2)*MOD(INT(MOD(INT((T7)/256),256)/2^5),2)*32+MOD(INT(MOD(INT((S7)/256),256)/2^6),2)*MOD(INT(MOD(INT((T7)/256),256)/2^6),2)*64+MOD(INT(MOD(INT((S7)/256),256)/2^7),2)*MOD(INT(MOD(INT((T7)/256),256)/2^7),2)*128)*256+(MOD(INT(MOD(INT((S7)/65536),256)/2^0),2)*MOD(INT(MOD(INT((T7)/65536),256)/2^0),2)*1+MOD(INT(MOD(INT((S7)/65536),256)/2^1),2)*MOD(INT(MOD(INT((T7)/65536),256)/2^1),2)*2+MOD(INT(MOD(INT((S7)/65536),256)/2^2),2)*MOD(INT(MOD(INT((T7)/65536),256)/2^2),2)*4+MOD(INT(MOD(INT((S7)/65536),256)/2^3),2)*MOD(INT(MOD(INT((T7)/65536),256)/2^3),2)*8+MOD(INT(MOD(INT((S7)/65536),256)/2^4),2)*MOD(INT(MOD(INT((T7)/65536),256)/2^4),2)*16+MOD(INT(MOD(INT((S7)/65536),256)/2^5),2)*MOD(INT(MOD(INT((T7)/65536),256)/2^5),2)*32+MOD(INT(MOD(INT((S7)/65536),256)/2^6),2)*MOD(INT(MOD(INT((T7)/65536),256)/2^6),2)*64+MOD(INT(MOD(INT((S7)/65536),256)/2^7),2)*MOD(INT(MOD(INT((T7)/65536),256)/2^7),2)*128)*65536+(MOD(INT(MOD(INT((S7)/16777216),256)/2^0),2)*MOD(INT(MOD(INT((T7)/16777216),256)/2^0),2)*1+MOD(INT(MOD(INT((S7)/16777216),256)/2^1),2)*MOD(INT(MOD(INT((T7)/16777216),256)/2^1),2)*2+MOD(INT(MOD(INT((S7)/16777216),256)/2^2),2)*MOD(INT(MOD(INT((T7)/16777216),256)/2^2),2)*4+MOD(INT(MOD(INT((S7)/16777216),256)/2^3),2)*MOD(INT(MOD(INT((T7)/16777216),256)/2^3),2)*8+MOD(INT(MOD(INT((S7)/16777216),256)/2^4),2)*MOD(INT(MOD(INT((T7)/16777216),256)/2^4),2)*16+MOD(INT(MOD(INT((S7)/16777216),256)/2^5),2)*MOD(INT(MOD(INT((T7)/16777216),256)/2^5),2)*32+MOD(INT(MOD(INT((S7)/16777216),256)/2^6),2)*MOD(INT(MOD(INT((T7)/16777216),256)/2^6),2)*64+MOD(INT(MOD(INT((S7)/16777216),256)/2^7),2)*MOD(INT(MOD(INT((T7)/16777216),256)/2^7),2)*128)*16777216) -> 536880424 | W7: =MOD(S7+T7-2*V7,4294967296) -> 3653537941 | X7: =((MOD(INT(MOD(INT((W7)/1),256)/2^0),2)*MOD(INT(MOD(INT((U7)/1),256)/2^0),2)*1+MOD(INT(MOD(INT((W7)/1),256)/2^1),2)*MOD(INT(MOD(INT((U7)/1),256)/2^1),2)*2+MOD(INT(MOD(INT((W7)/1),256)/2^2),2)*MOD(INT(MOD(INT((U7)/1),256)/2^2),2)*4+MOD(INT(MOD(INT((W7)/1),256)/2^3),2)*MOD(INT(MOD(INT((U7)/1),256)/2^3),2)*8+MOD(INT(MOD(INT((W7)/1),256)/2^4),2)*MOD(INT(MOD(INT((U7)/1),256)/2^4),2)*16+MOD(INT(MOD(INT((W7)/1),256)/2^5),2)*MOD(INT(MOD(INT((U7)/1),256)/2^5),2)*32+MOD(INT(MOD(INT((W7)/1),256)/2^6),2)*MOD(INT(MOD(INT((U7)/1),256)/2^6),2)*64+MOD(INT(MOD(INT((W7)/1),256)/2^7),2)*MOD(INT(MOD(INT((U7)/1),256)/2^7),2)*128)*1+(MOD(INT(MOD(INT((W7)/256),256)/2^0),2)*MOD(INT(MOD(INT((U7)/256),256)/2^0),2)*1+MOD(INT(MOD(INT((W7)/256),256)/2^1),2)*MOD(INT(MOD(INT((U7)/256),256)/2^1),2)*2+MOD(INT(MOD(INT((W7)/256),256)/2^2),2)*MOD(INT(MOD(INT((U7)/256),256)/2^2),2)*4+MOD(INT(MOD(INT((W7)/256),256)/2^3),2)*MOD(INT(MOD(INT((U7)/256),256)/2^3),2)*8+MOD(INT(MOD(INT((W7)/256),256)/2^4),2)*MOD(INT(MOD(INT((U7)/256),256)/2^4),2)*16+MOD(INT(MOD(INT((W7)/256),256)/2^5),2)*MOD(INT(MOD(INT((U7)/256),256)/2^5),2)*32+MOD(INT(MOD(INT((W7)/256),256)/2^6),2)*MOD(INT(MOD(INT((U7)/256),256)/2^6),2)*64+MOD(INT(MOD(INT((W7)/256),256)/2^7),2)*MOD(INT(MOD(INT((U7)/256),256)/2^7),2)*128)*256+(MOD(INT(MOD(INT((W7)/65536),256)/2^0),2)*MOD(INT(MOD(INT((U7)/65536),256)/2^0),2)*1+MOD(INT(MOD(INT((W7)/65536),256)/2^1),2)*MOD(INT(MOD(INT((U7)/65536),256)/2^1),2)*2+MOD(INT(MOD(INT((W7)/65536),256)/2^2),2)*MOD(INT(MOD(INT((U7)/65536),256)/2^2),2)*4+MOD(INT(MOD(INT((W7)/65536),256)/2^3),2)*MOD(INT(MOD(INT((U7)/65536),256)/2^3),2)*8+MOD(INT(MOD(INT((W7)/65536),256)/2^4),2)*MOD(INT(MOD(INT((U7)/65536),256)/2^4),2)*16+MOD(INT(MOD(INT((W7)/65536),256)/2^5),2)*MOD(INT(MOD(INT((U7)/65536),256)/2^5),2)*32+MOD(INT(MOD(INT((W7)/65536),256)/2^6),2)*MOD(INT(MOD(INT((U7)/65536),256)/2^6),2)*64+MOD(INT(MOD(INT((W7)/65536),256)/2^7),2)*MOD(INT(MOD(INT((U7)/65536),256)/2^7),2)*128)*65536+(MOD(INT(MOD(INT((W7)/16777216),256)/2^0),2)*MOD(INT(MOD(INT((U7)/16777216),256)/2^0),2)*1+MOD(INT(MOD(INT((W7)/16777216),256)/2^1),2)*MOD(INT(MOD(INT((U7)/16777216),256)/2^1),2)*2+MOD(INT(MOD(INT((W7)/16777216),256)/2^2),2)*MOD(INT(MOD(INT((U7)/16777216),256)/2^2),2)*4+MOD(INT(MOD(INT((W7)/16777216),256)/2^3),2)*MOD(INT(MOD(INT((U7)/16777216),256)/2^3),2)*8+MOD(INT(MOD(INT((W7)/16777216),256)/2^4),2)*MOD(INT(MOD(INT((U7)/16777216),256)/2^4),2)*16+MOD(INT(MOD(INT((W7)/16777216),256)/2^5),2)*MOD(INT(MOD(INT((U7)/16777216),256)/2^5),2)*32+MOD(INT(MOD(INT((W7)/16777216),256)/2^6),2)*MOD(INT(MOD(INT((U7)/16777216),256)/2^6),2)*64+MOD(INT(MOD(INT((W7)/16777216),256)/2^7),2)*MOD(INT(MOD(INT((U7)/16777216),256)/2^7),2)*128)*16777216) -> 2424602624 | Y7: =MOD(W7+U7-2*X7,4294967296) -> 1331894165 | Z7: =MOD(MOD(C6,2^2)*2^30+INT(C6/2^2),4294967296) -> 1494973742 | AA7: =MOD(MOD(C6,2^13)*2^19+INT(C6/2^13),4294967296) -> 2781553519 | AB7: =MOD(MOD(C6,2^22)*2^10+INT(C6/2^22),4294967296) -> 3084051857 | AC7: =((MOD(INT(MOD(INT((Z7)/1),256)/2^0),2)*MOD(INT(MOD(INT((AA7)/1),256)/2^0),2)*1+MOD(INT(MOD(INT((Z7)/1),256)/2^1),2)*MOD(INT(MOD(INT((AA7)/1),256)/2^1),2)*2+MOD(INT(MOD(INT((Z7)/1),256)/2^2),2)*MOD(INT(MOD(INT((AA7)/1),256)/2^2),2)*4+MOD(INT(MOD(INT((Z7)/1),256)/2^3),2)*MOD(INT(MOD(INT((AA7)/1),256)/2^3),2)*8+MOD(INT(MOD(INT((Z7)/1),256)/2^4),2)*MOD(INT(MOD(INT((AA7)/1),256)/2^4),2)*16+MOD(INT(MOD(INT((Z7)/1),256)/2^5),2)*MOD(INT(MOD(INT((AA7)/1),256)/2^5),2)*32+MOD(INT(MOD(INT((Z7)/1),256)/2^6),2)*MOD(INT(MOD(INT((AA7)/1),256)/2^6),2)*64+MOD(INT(MOD(INT((Z7)/1),256)/2^7),2)*MOD(INT(MOD(INT((AA7)/1),256)/2^7),2)*128)*1+(MOD(INT(MOD(INT((Z7)/256),256)/2^0),2)*MOD(INT(MOD(INT((AA7)/256),256)/2^0),2)*1+MOD(INT(MOD(INT((Z7)/256),256)/2^1),2)*MOD(INT(MOD(INT((AA7)/256),256)/2^1),2)*2+MOD(INT(MOD(INT((Z7)/256),256)/2^2),2)*MOD(INT(MOD(INT((AA7)/256),256)/2^2),2)*4+MOD(INT(MOD(INT((Z7)/256),256)/2^3),2)*MOD(INT(MOD(INT((AA7)/256),256)/2^3),2)*8+MOD(INT(MOD(INT((Z7)/256),256)/2^4),2)*MOD(INT(MOD(INT((AA7)/256),256)/2^4),2)*16+MOD(INT(MOD(INT((Z7)/256),256)/2^5),2)*MOD(INT(MOD(INT((AA7)/256),256)/2^5),2)*32+MOD(INT(MOD(INT((Z7)/256),256)/2^6),2)*MOD(INT(MOD(INT((AA7)/256),256)/2^6),2)*64+MOD(INT(MOD(INT((Z7)/256),256)/2^7),2)*MOD(INT(MOD(INT((AA7)/256),256)/2^7),2)*128)*256+(MOD(INT(MOD(INT((Z7)/65536),256)/2^0),2)*MOD(INT(MOD(INT((AA7)/65536),256)/2^0),2)*1+MOD(INT(MOD(INT((Z7)/65536),256)/2^1),2)*MOD(INT(MOD(INT((AA7)/65536),256)/2^1),2)*2+MOD(INT(MOD(INT((Z7)/65536),256)/2^2),2)*MOD(INT(MOD(INT((AA7)/65536),256)/2^2),2)*4+MOD(INT(MOD(INT((Z7)/65536),256)/2^3),2)*MOD(INT(MOD(INT((AA7)/65536),256)/2^3),2)*8+MOD(INT(MOD(INT((Z7)/65536),256)/2^4),2)*MOD(INT(MOD(INT((AA7)/65536),256)/2^4),2)*16+MOD(INT(MOD(INT((Z7)/65536),256)/2^5),2)*MOD(INT(MOD(INT((AA7)/65536),256)/2^5),2)*32+MOD(INT(MOD(INT((Z7)/65536),256)/2^6),2)*MOD(INT(MOD(INT((AA7)/65536),256)/2^6),2)*64+MOD(INT(MOD(INT((Z7)/65536),256)/2^7),2)*MOD(INT(MOD(INT((AA7)/65536),256)/2^7),2)*128)*65536+(MOD(INT(MOD(INT((Z7)/16777216),256)/2^0),2)*MOD(INT(MOD(INT((AA7)/16777216),256)/2^0),2)*1+MOD(INT(MOD(INT((Z7)/16777216),256)/2^1),2)*MOD(INT(MOD(INT((AA7)/16777216),256)/2^1),2)*2+MOD(INT(MOD(INT((Z7)/16777216),256)/2^2),2)*MOD(INT(MOD(INT((AA7)/16777216),256)/2^2),2)*4+MOD(INT(MOD(INT((Z7)/16777216),256)/2^3),2)*MOD(INT(MOD(INT((AA7)/16777216),256)/2^3),2)*8+MOD(INT(MOD(INT((Z7)/16777216),256)/2^4),2)*MOD(INT(MOD(INT((AA7)/16777216),256)/2^4),2)*16+MOD(INT(MOD(INT((Z7)/16777216),256)/2^5),2)*MOD(INT(MOD(INT((AA7)/16777216),256)/2^5),2)*32+MOD(INT(MOD(INT((Z7)/16777216),256)/2^6),2)*MOD(INT(MOD(INT((AA7)/16777216),256)/2^6),2)*64+MOD(INT(MOD(INT((Z7)/16777216),256)/2^7),2)*MOD(INT(MOD(INT((AA7)/16777216),256)/2^7),2)*128)*16777216) -> 17506606 | AD7: =MOD(Z7+AA7-2*AC7,4294967296) -> 4241514049 | AE7: =((MOD(INT(MOD(INT((AD7)/1),256)/2^0),2)*MOD(INT(MOD(INT((AB7)/1),256)/2^0),2)*1+MOD(INT(MOD(INT((AD7)/1),256)/2^1),2)*MOD(INT(MOD(INT((AB7)/1),256)/2^1),2)*2+MOD(INT(MOD(INT((AD7)/1),256)/2^2),2)*MOD(INT(MOD(INT((AB7)/1),256)/2^2),2)*4+MOD(INT(MOD(INT((AD7)/1),256)/2^3),2)*MOD(INT(MOD(INT((AB7)/1),256)/2^3),2)*8+MOD(INT(MOD(INT((AD7)/1),256)/2^4),2)*MOD(INT(MOD(INT((AB7)/1),256)/2^4),2)*16+MOD(INT(MOD(INT((AD7)/1),256)/2^5),2)*MOD(INT(MOD(INT((AB7)/1),256)/2^5),2)*32+MOD(INT(MOD(INT((AD7)/1),256)/2^6),2)*MOD(INT(MOD(INT((AB7)/1),256)/2^6),2)*64+MOD(INT(MOD(INT((AD7)/1),256)/2^7),2)*MOD(INT(MOD(INT((AB7)/1),256)/2^7),2)*128)*1+(MOD(INT(MOD(INT((AD7)/256),256)/2^0),2)*MOD(INT(MOD(INT((AB7)/256),256)/2^0),2)*1+MOD(INT(MOD(INT((AD7)/256),256)/2^1),2)*MOD(INT(MOD(INT((AB7)/256),256)/2^1),2)*2+MOD(INT(MOD(INT((AD7)/256),256)/2^2),2)*MOD(INT(MOD(INT((AB7)/256),256)/2^2),2)*4+MOD(INT(MOD(INT((AD7)/256),256)/2^3),2)*MOD(INT(MOD(INT((AB7)/256),256)/2^3),2)*8+MOD(INT(MOD(INT((AD7)/256),256)/2^4),2)*MOD(INT(MOD(INT((AB7)/256),256)/2^4),2)*16+MOD(INT(MOD(INT((AD7)/256),256)/2^5),2)*MOD(INT(MOD(INT((AB7)/256),256)/2^5),2)*32+MOD(INT(MOD(INT((AD7)/256),256)/2^6),2)*MOD(INT(MOD(INT((AB7)/256),256)/2^6),2)*64+MOD(INT(MOD(INT((AD7)/256),256)/2^7),2)*MOD(INT(MOD(INT((AB7)/256),256)/2^7),2)*128)*256+(MOD(INT(MOD(INT((AD7)/65536),256)/2^0),2)*MOD(INT(MOD(INT((AB7)/65536),256)/2^0),2)*1+MOD(INT(MOD(INT((AD7)/65536),256)/2^1),2)*MOD(INT(MOD(INT((AB7)/65536),256)/2^1),2)*2+MOD(INT(MOD(INT((AD7)/65536),256)/2^2),2)*MOD(INT(MOD(INT((AB7)/65536),256)/2^2),2)*4+MOD(INT(MOD(INT((AD7)/65536),256)/2^3),2)*MOD(INT(MOD(INT((AB7)/65536),256)/2^3),2)*8+MOD(INT(MOD(INT((AD7)/65536),256)/2^4),2)*MOD(INT(MOD(INT((AB7)/65536),256)/2^4),2)*16+MOD(INT(MOD(INT((AD7)/65536),256)/2^5),2)*MOD(INT(MOD(INT((AB7)/65536),256)/2^5),2)*32+MOD(INT(MOD(INT((AD7)/65536),256)/2^6),2)*MOD(INT(MOD(INT((AB7)/65536),256)/2^6),2)*64+MOD(INT(MOD(INT((AD7)/65536),256)/2^7),2)*MOD(INT(MOD(INT((AB7)/65536),256)/2^7),2)*128)*65536+(MOD(INT(MOD(INT((AD7)/16777216),256)/2^0),2)*MOD(INT(MOD(INT((AB7)/16777216),256)/2^0),2)*1+MOD(INT(MOD(INT((AD7)/16777216),256)/2^1),2)*MOD(INT(MOD(INT((AB7)/16777216),256)/2^1),2)*2+MOD(INT(MOD(INT((AD7)/16777216),256)/2^2),2)*MOD(INT(MOD(INT((AB7)/16777216),256)/2^2),2)*4+MOD(INT(MOD(INT((AD7)/16777216),256)/2^3),2)*MOD(INT(MOD(INT((AB7)/16777216),256)/2^3),2)*8+MOD(INT(MOD(INT((AD7)/16777216),256)/2^4),2)*MOD(INT(MOD(INT((AB7)/16777216),256)/2^4),2)*16+MOD(INT(MOD(INT((AD7)/16777216),256)/2^5),2)*MOD(INT(MOD(INT((AB7)/16777216),256)/2^5),2)*32+MOD(INT(MOD(INT((AD7)/16777216),256)/2^6),2)*MOD(INT(MOD(INT((AB7)/16777216),256)/2^6),2)*64+MOD(INT(MOD(INT((AD7)/16777216),256)/2^7),2)*MOD(INT(MOD(INT((AB7)/16777216),256)/2^7),2)*128)*16777216) -> 3033547777 | AF7: =MOD(AD7+AB7-2*AE7,4294967296) -> 1258470352 | AG7: =MOD(J6+Y7+M7+'📦 SHA-256 Constants'!C5+AN6,4294967296) -> 3937048671 | AH7: =MOD(AF7+R7,4294967296) -> 3044057717 | AI7: =AN6 -> 1870659584 | AJ7: ='📦 SHA-256 Constants'!C5 -> 1899447441 | AK7: step=2 W[1] | AM7: 2 | AN7: =(0)*16777216+(0)*65536+(0)*256+(0) -> 0 | AO7: — | AP7: — | AQ7: — | AR7: — | AS7: — | AT7: — | AU7: —
B8: 3 | C8: =MOD(AG8+AH8,4294967296) -> 1185267959 | D8: =C7 -> 2686139092 | E8: =D7 -> 1684927673 | F8: =E7 -> 1779033703 | G8: =MOD(F7+AG8,4294967296) -> 263904155 | H8: =G7 -> 655985617 | I8: =H7 -> 19746574 | J8: =I7 -> 1359893119 | K8: =((MOD(INT(MOD(INT((G7)/1),256)/2^0),2)*MOD(INT(MOD(INT((H7)/1),256)/2^0),2)*1+MOD(INT(MOD(INT((G7)/1),256)/2^1),2)*MOD(INT(MOD(INT((H7)/1),256)/2^1),2)*2+MOD(INT(MOD(INT((G7)/1),256)/2^2),2)*MOD(INT(MOD(INT((H7)/1),256)/2^2),2)*4+MOD(INT(MOD(INT((G7)/1),256)/2^3),2)*MOD(INT(MOD(INT((H7)/1),256)/2^3),2)*8+MOD(INT(MOD(INT((G7)/1),256)/2^4),2)*MOD(INT(MOD(INT((H7)/1),256)/2^4),2)*16+MOD(INT(MOD(INT((G7)/1),256)/2^5),2)*MOD(INT(MOD(INT((H7)/1),256)/2^5),2)*32+MOD(INT(MOD(INT((G7)/1),256)/2^6),2)*MOD(INT(MOD(INT((H7)/1),256)/2^6),2)*64+MOD(INT(MOD(INT((G7)/1),256)/2^7),2)*MOD(INT(MOD(INT((H7)/1),256)/2^7),2)*128)*1+(MOD(INT(MOD(INT((G7)/256),256)/2^0),2)*MOD(INT(MOD(INT((H7)/256),256)/2^0),2)*1+MOD(INT(MOD(INT((G7)/256),256)/2^1),2)*MOD(INT(MOD(INT((H7)/256),256)/2^1),2)*2+MOD(INT(MOD(INT((G7)/256),256)/2^2),2)*MOD(INT(MOD(INT((H7)/256),256)/2^2),2)*4+MOD(INT(MOD(INT((G7)/256),256)/2^3),2)*MOD(INT(MOD(INT((H7)/256),256)/2^3),2)*8+MOD(INT(MOD(INT((G7)/256),256)/2^4),2)*MOD(INT(MOD(INT((H7)/256),256)/2^4),2)*16+MOD(INT(MOD(INT((G7)/256),256)/2^5),2)*MOD(INT(MOD(INT((H7)/256),256)/2^5),2)*32+MOD(INT(MOD(INT((G7)/256),256)/2^6),2)*MOD(INT(MOD(INT((H7)/256),256)/2^6),2)*64+MOD(INT(MOD(INT((G7)/256),256)/2^7),2)*MOD(INT(MOD(INT((H7)/256),256)/2^7),2)*128)*256+(MOD(INT(MOD(INT((G7)/65536),256)/2^0),2)*MOD(INT(MOD(INT((H7)/65536),256)/2^0),2)*1+MOD(INT(MOD(INT((G7)/65536),256)/2^1),2)*MOD(INT(MOD(INT((H7)/65536),256)/2^1),2)*2+MOD(INT(MOD(INT((G7)/65536),256)/2^2),2)*MOD(INT(MOD(INT((H7)/65536),256)/2^2),2)*4+MOD(INT(MOD(INT((G7)/65536),256)/2^3),2)*MOD(INT(MOD(INT((H7)/65536),256)/2^3),2)*8+MOD(INT(MOD(INT((G7)/65536),256)/2^4),2)*MOD(INT(MOD(INT((H7)/65536),256)/2^4),2)*16+MOD(INT(MOD(INT((G7)/65536),256)/2^5),2)*MOD(INT(MOD(INT((H7)/65536),256)/2^5),2)*32+MOD(INT(MOD(INT((G7)/65536),256)/2^6),2)*MOD(INT(MOD(INT((H7)/65536),256)/2^6),2)*64+MOD(INT(MOD(INT((G7)/65536),256)/2^7),2)*MOD(INT(MOD(INT((H7)/65536),256)/2^7),2)*128)*65536+(MOD(INT(MOD(INT((G7)/16777216),256)/2^0),2)*MOD(INT(MOD(INT((H7)/16777216),256)/2^0),2)*1+MOD(INT(MOD(INT((G7)/16777216),256)/2^1),2)*MOD(INT(MOD(INT((H7)/16777216),256)/2^1),2)*2+MOD(INT(MOD(INT((G7)/16777216),256)/2^2),2)*MOD(INT(MOD(INT((H7)/16777216),256)/2^2),2)*4+MOD(INT(MOD(INT((G7)/16777216),256)/2^3),2)*MOD(INT(MOD(INT((H7)/16777216),256)/2^3),2)*8+MOD(INT(MOD(INT((G7)/16777216),256)/2^4),2)*MOD(INT(MOD(INT((H7)/16777216),256)/2^4),2)*16+MOD(INT(MOD(INT((G7)/16777216),256)/2^5),2)*MOD(INT(MOD(INT((H7)/16777216),256)/2^5),2)*32+MOD(INT(MOD(INT((G7)/16777216),256)/2^6),2)*MOD(INT(MOD(INT((H7)/16777216),256)/2^6),2)*64+MOD(INT(MOD(INT((G7)/16777216),256)/2^7),2)*MOD(INT(MOD(INT((H7)/16777216),256)/2^7),2)*128)*16777216) -> 17369856 | L8: =((MOD(INT(MOD(INT(((4294967295-G7))/1),256)/2^0),2)*MOD(INT(MOD(INT((I7)/1),256)/2^0),2)*1+MOD(INT(MOD(INT(((4294967295-G7))/1),256)/2^1),2)*MOD(INT(MOD(INT((I7)/1),256)/2^1),2)*2+MOD(INT(MOD(INT(((4294967295-G7))/1),256)/2^2),2)*MOD(INT(MOD(INT((I7)/1),256)/2^2),2)*4+MOD(INT(MOD(INT(((4294967295-G7))/1),256)/2^3),2)*MOD(INT(MOD(INT((I7)/1),256)/2^3),2)*8+MOD(INT(MOD(INT(((4294967295-G7))/1),256)/2^4),2)*MOD(INT(MOD(INT((I7)/1),256)/2^4),2)*16+MOD(INT(MOD(INT(((4294967295-G7))/1),256)/2^5),2)*MOD(INT(MOD(INT((I7)/1),256)/2^5),2)*32+MOD(INT(MOD(INT(((4294967295-G7))/1),256)/2^6),2)*MOD(INT(MOD(INT((I7)/1),256)/2^6),2)*64+MOD(INT(MOD(INT(((4294967295-G7))/1),256)/2^7),2)*MOD(INT(MOD(INT((I7)/1),256)/2^7),2)*128)*1+(MOD(INT(MOD(INT(((4294967295-G7))/256),256)/2^0),2)*MOD(INT(MOD(INT((I7)/256),256)/2^0),2)*1+MOD(INT(MOD(INT(((4294967295-G7))/256),256)/2^1),2)*MOD(INT(MOD(INT((I7)/256),256)/2^1),2)*2+MOD(INT(MOD(INT(((4294967295-G7))/256),256)/2^2),2)*MOD(INT(MOD(INT((I7)/256),256)/2^2),2)*4+MOD(INT(MOD(INT(((4294967295-G7))/256),256)/2^3),2)*MOD(INT(MOD(INT((I7)/256),256)/2^3),2)*8+MOD(INT(MOD(INT(((4294967295-G7))/256),256)/2^4),2)*MOD(INT(MOD(INT((I7)/256),256)/2^4),2)*16+MOD(INT(MOD(INT(((4294967295-G7))/256),256)/2^5),2)*MOD(INT(MOD(INT((I7)/256),256)/2^5),2)*32+MOD(INT(MOD(INT(((4294967295-G7))/256),256)/2^6),2)*MOD(INT(MOD(INT((I7)/256),256)/2^6),2)*64+MOD(INT(MOD(INT(((4294967295-G7))/256),256)/2^7),2)*MOD(INT(MOD(INT((I7)/256),256)/2^7),2)*128)*256+(MOD(INT(MOD(INT(((4294967295-G7))/65536),256)/2^0),2)*MOD(INT(MOD(INT((I7)/65536),256)/2^0),2)*1+MOD(INT(MOD(INT(((4294967295-G7))/65536),256)/2^1),2)*MOD(INT(MOD(INT((I7)/65536),256)/2^1),2)*2+MOD(INT(MOD(INT(((4294967295-G7))/65536),256)/2^2),2)*MOD(INT(MOD(INT((I7)/65536),256)/2^2),2)*4+MOD(INT(MOD(INT(((4294967295-G7))/65536),256)/2^3),2)*MOD(INT(MOD(INT((I7)/65536),256)/2^3),2)*8+MOD(INT(MOD(INT(((4294967295-G7))/65536),256)/2^4),2)*MOD(INT(MOD(INT((I7)/65536),256)/2^4),2)*16+MOD(INT(MOD(INT(((4294967295-G7))/65536),256)/2^5),2)*MOD(INT(MOD(INT((I7)/65536),256)/2^5),2)*32+MOD(INT(MOD(INT(((4294967295-G7))/65536),256)/2^6),2)*MOD(INT(MOD(INT((I7)/65536),256)/2^6),2)*64+MOD(INT(MOD(INT(((4294967295-G7))/65536),256)/2^7),2)*MOD(INT(MOD(INT((I7)/65536),256)/2^7),2)*128)*65536+(MOD(INT(MOD(INT(((4294967295-G7))/16777216),256)/2^0),2)*MOD(INT(MOD(INT((I7)/16777216),256)/2^0),2)*1+MOD(INT(MOD(INT(((4294967295-G7))/16777216),256)/2^1),2)*MOD(INT(MOD(INT((I7)/16777216),256)/2^1),2)*2+MOD(INT(MOD(INT(((4294967295-G7))/16777216),256)/2^2),2)*MOD(INT(MOD(INT((I7)/16777216),256)/2^2),2)*4+MOD(INT(MOD(INT(((4294967295-G7))/16777216),256)/2^3),2)*MOD(INT(MOD(INT((I7)/16777216),256)/2^3),2)*8+MOD(INT(MOD(INT(((4294967295-G7))/16777216),256)/2^4),2)*MOD(INT(MOD(INT((I7)/16777216),256)/2^4),2)*16+MOD(INT(MOD(INT(((4294967295-G7))/16777216),256)/2^5),2)*MOD(INT(MOD(INT((I7)/16777216),256)/2^5),2)*32+MOD(INT(MOD(INT(((4294967295-G7))/16777216),256)/2^6),2)*MOD(INT(MOD(INT((I7)/16777216),256)/2^6),2)*64+MOD(INT(MOD(INT(((4294967295-G7))/16777216),256)/2^7),2)*MOD(INT(MOD(INT((I7)/16777216),256)/2^7),2)*128)*16777216) -> 1342591022 | M8: =MOD(K8+L8,4294967296) -> 1359960878 | N8: =((MOD(INT(MOD(INT((C7)/1),256)/2^0),2)*MOD(INT(MOD(INT((D7)/1),256)/2^0),2)*1+MOD(INT(MOD(INT((C7)/1),256)/2^1),2)*MOD(INT(MOD(INT((D7)/1),256)/2^1),2)*2+MOD(INT(MOD(INT((C7)/1),256)/2^2),2)*MOD(INT(MOD(INT((D7)/1),256)/2^2),2)*4+MOD(INT(MOD(INT((C7)/1),256)/2^3),2)*MOD(INT(MOD(INT((D7)/1),256)/2^3),2)*8+MOD(INT(MOD(INT((C7)/1),256)/2^4),2)*MOD(INT(MOD(INT((D7)/1),256)/2^4),2)*16+MOD(INT(MOD(INT((C7)/1),256)/2^5),2)*MOD(INT(MOD(INT((D7)/1),256)/2^5),2)*32+MOD(INT(MOD(INT((C7)/1),256)/2^6),2)*MOD(INT(MOD(INT((D7)/1),256)/2^6),2)*64+MOD(INT(MOD(INT((C7)/1),256)/2^7),2)*MOD(INT(MOD(INT((D7)/1),256)/2^7),2)*128)*1+(MOD(INT(MOD(INT((C7)/256),256)/2^0),2)*MOD(INT(MOD(INT((D7)/256),256)/2^0),2)*1+MOD(INT(MOD(INT((C7)/256),256)/2^1),2)*MOD(INT(MOD(INT((D7)/256),256)/2^1),2)*2+MOD(INT(MOD(INT((C7)/256),256)/2^2),2)*MOD(INT(MOD(INT((D7)/256),256)/2^2),2)*4+MOD(INT(MOD(INT((C7)/256),256)/2^3),2)*MOD(INT(MOD(INT((D7)/256),256)/2^3),2)*8+MOD(INT(MOD(INT((C7)/256),256)/2^4),2)*MOD(INT(MOD(INT((D7)/256),256)/2^4),2)*16+MOD(INT(MOD(INT((C7)/256),256)/2^5),2)*MOD(INT(MOD(INT((D7)/256),256)/2^5),2)*32+MOD(INT(MOD(INT((C7)/256),256)/2^6),2)*MOD(INT(MOD(INT((D7)/256),256)/2^6),2)*64+MOD(INT(MOD(INT((C7)/256),256)/2^7),2)*MOD(INT(MOD(INT((D7)/256),256)/2^7),2)*128)*256+(MOD(INT(MOD(INT((C7)/65536),256)/2^0),2)*MOD(INT(MOD(INT((D7)/65536),256)/2^0),2)*1+MOD(INT(MOD(INT((C7)/65536),256)/2^1),2)*MOD(INT(MOD(INT((D7)/65536),256)/2^1),2)*2+MOD(INT(MOD(INT((C7)/65536),256)/2^2),2)*MOD(INT(MOD(INT((D7)/65536),256)/2^2),2)*4+MOD(INT(MOD(INT((C7)/65536),256)/2^3),2)*MOD(INT(MOD(INT((D7)/65536),256)/2^3),2)*8+MOD(INT(MOD(INT((C7)/65536),256)/2^4),2)*MOD(INT(MOD(INT((D7)/65536),256)/2^4),2)*16+MOD(INT(MOD(INT((C7)/65536),256)/2^5),2)*MOD(INT(MOD(INT((D7)/65536),256)/2^5),2)*32+MOD(INT(MOD(INT((C7)/65536),256)/2^6),2)*MOD(INT(MOD(INT((D7)/65536),256)/2^6),2)*64+MOD(INT(MOD(INT((C7)/65536),256)/2^7),2)*MOD(INT(MOD(INT((D7)/65536),256)/2^7),2)*128)*65536+(MOD(INT(MOD(INT((C7)/16777216),256)/2^0),2)*MOD(INT(MOD(INT((D7)/16777216),256)/2^0),2)*1+MOD(INT(MOD(INT((C7)/16777216),256)/2^1),2)*MOD(INT(MOD(INT((D7)/16777216),256)/2^1),2)*2+MOD(INT(MOD(INT((C7)/16777216),256)/2^2),2)*MOD(INT(MOD(INT((D7)/16777216),256)/2^2),2)*4+MOD(INT(MOD(INT((C7)/16777216),256)/2^3),2)*MOD(INT(MOD(INT((D7)/16777216),256)/2^3),2)*8+MOD(INT(MOD(INT((C7)/16777216),256)/2^4),2)*MOD(INT(MOD(INT((D7)/16777216),256)/2^4),2)*16+MOD(INT(MOD(INT((C7)/16777216),256)/2^5),2)*MOD(INT(MOD(INT((D7)/16777216),256)/2^5),2)*32+MOD(INT(MOD(INT((C7)/16777216),256)/2^6),2)*MOD(INT(MOD(INT((D7)/16777216),256)/2^6),2)*64+MOD(INT(MOD(INT((C7)/16777216),256)/2^7),2)*MOD(INT(MOD(INT((D7)/16777216),256)/2^7),2)*128)*16777216) -> 537473168 | O8: =((MOD(INT(MOD(INT((C7)/1),256)/2^0),2)*MOD(INT(MOD(INT((E7)/1),256)/2^0),2)*1+MOD(INT(MOD(INT((C7)/1),256)/2^1),2)*MOD(INT(MOD(INT((E7)/1),256)/2^1),2)*2+MOD(INT(MOD(INT((C7)/1),256)/2^2),2)*MOD(INT(MOD(INT((E7)/1),256)/2^2),2)*4+MOD(INT(MOD(INT((C7)/1),256)/2^3),2)*MOD(INT(MOD(INT((E7)/1),256)/2^3),2)*8+MOD(INT(MOD(INT((C7)/1),256)/2^4),2)*MOD(INT(MOD(INT((E7)/1),256)/2^4),2)*16+MOD(INT(MOD(INT((C7)/1),256)/2^5),2)*MOD(INT(MOD(INT((E7)/1),256)/2^5),2)*32+MOD(INT(MOD(INT((C7)/1),256)/2^6),2)*MOD(INT(MOD(INT((E7)/1),256)/2^6),2)*64+MOD(INT(MOD(INT((C7)/1),256)/2^7),2)*MOD(INT(MOD(INT((E7)/1),256)/2^7),2)*128)*1+(MOD(INT(MOD(INT((C7)/256),256)/2^0),2)*MOD(INT(MOD(INT((E7)/256),256)/2^0),2)*1+MOD(INT(MOD(INT((C7)/256),256)/2^1),2)*MOD(INT(MOD(INT((E7)/256),256)/2^1),2)*2+MOD(INT(MOD(INT((C7)/256),256)/2^2),2)*MOD(INT(MOD(INT((E7)/256),256)/2^2),2)*4+MOD(INT(MOD(INT((C7)/256),256)/2^3),2)*MOD(INT(MOD(INT((E7)/256),256)/2^3),2)*8+MOD(INT(MOD(INT((C7)/256),256)/2^4),2)*MOD(INT(MOD(INT((E7)/256),256)/2^4),2)*16+MOD(INT(MOD(INT((C7)/256),256)/2^5),2)*MOD(INT(MOD(INT((E7)/256),256)/2^5),2)*32+MOD(INT(MOD(INT((C7)/256),256)/2^6),2)*MOD(INT(MOD(INT((E7)/256),256)/2^6),2)*64+MOD(INT(MOD(INT((C7)/256),256)/2^7),2)*MOD(INT(MOD(INT((E7)/256),256)/2^7),2)*128)*256+(MOD(INT(MOD(INT((C7)/65536),256)/2^0),2)*MOD(INT(MOD(INT((E7)/65536),256)/2^0),2)*1+MOD(INT(MOD(INT((C7)/65536),256)/2^1),2)*MOD(INT(MOD(INT((E7)/65536),256)/2^1),2)*2+MOD(INT(MOD(INT((C7)/65536),256)/2^2),2)*MOD(INT(MOD(INT((E7)/65536),256)/2^2),2)*4+MOD(INT(MOD(INT((C7)/65536),256)/2^3),2)*MOD(INT(MOD(INT((E7)/65536),256)/2^3),2)*8+MOD(INT(MOD(INT((C7)/65536),256)/2^4),2)*MOD(INT(MOD(INT((E7)/65536),256)/2^4),2)*16+MOD(INT(MOD(INT((C7)/65536),256)/2^5),2)*MOD(INT(MOD(INT((E7)/65536),256)/2^5),2)*32+MOD(INT(MOD(INT((C7)/65536),256)/2^6),2)*MOD(INT(MOD(INT((E7)/65536),256)/2^6),2)*64+MOD(INT(MOD(INT((C7)/65536),256)/2^7),2)*MOD(INT(MOD(INT((E7)/65536),256)/2^7),2)*128)*65536+(MOD(INT(MOD(INT((C7)/16777216),256)/2^0),2)*MOD(INT(MOD(INT((E7)/16777216),256)/2^0),2)*1+MOD(INT(MOD(INT((C7)/16777216),256)/2^1),2)*MOD(INT(MOD(INT((E7)/16777216),256)/2^1),2)*2+MOD(INT(MOD(INT((C7)/16777216),256)/2^2),2)*MOD(INT(MOD(INT((E7)/16777216),256)/2^2),2)*4+MOD(INT(MOD(INT((C7)/16777216),256)/2^3),2)*MOD(INT(MOD(INT((E7)/16777216),256)/2^3),2)*8+MOD(INT(MOD(INT((C7)/16777216),256)/2^4),2)*MOD(INT(MOD(INT((E7)/16777216),256)/2^4),2)*16+MOD(INT(MOD(INT((C7)/16777216),256)/2^5),2)*MOD(INT(MOD(INT((E7)/16777216),256)/2^5),2)*32+MOD(INT(MOD(INT((C7)/16777216),256)/2^6),2)*MOD(INT(MOD(INT((E7)/16777216),256)/2^6),2)*64+MOD(INT(MOD(INT((C7)/16777216),256)/2^7),2)*MOD(INT(MOD(INT((E7)/16777216),256)/2^7),2)*128)*16777216) -> 537469508 | P8: =((MOD(INT(MOD(INT((D7)/1),256)/2^0),2)*MOD(INT(MOD(INT((E7)/1),256)/2^0),2)*1+MOD(INT(MOD(INT((D7)/1),256)/2^1),2)*MOD(INT(MOD(INT((E7)/1),256)/2^1),2)*2+MOD(INT(MOD(INT((D7)/1),256)/2^2),2)*MOD(INT(MOD(INT((E7)/1),256)/2^2),2)*4+MOD(INT(MOD(INT((D7)/1),256)/2^3),2)*MOD(INT(MOD(INT((E7)/1),256)/2^3),2)*8+MOD(INT(MOD(INT((D7)/1),256)/2^4),2)*MOD(INT(MOD(INT((E7)/1),256)/2^4),2)*16+MOD(INT(MOD(INT((D7)/1),256)/2^5),2)*MOD(INT(MOD(INT((E7)/1),256)/2^5),2)*32+MOD(INT(MOD(INT((D7)/1),256)/2^6),2)*MOD(INT(MOD(INT((E7)/1),256)/2^6),2)*64+MOD(INT(MOD(INT((D7)/1),256)/2^7),2)*MOD(INT(MOD(INT((E7)/1),256)/2^7),2)*128)*1+(MOD(INT(MOD(INT((D7)/256),256)/2^0),2)*MOD(INT(MOD(INT((E7)/256),256)/2^0),2)*1+MOD(INT(MOD(INT((D7)/256),256)/2^1),2)*MOD(INT(MOD(INT((E7)/256),256)/2^1),2)*2+MOD(INT(MOD(INT((D7)/256),256)/2^2),2)*MOD(INT(MOD(INT((E7)/256),256)/2^2),2)*4+MOD(INT(MOD(INT((D7)/256),256)/2^3),2)*MOD(INT(MOD(INT((E7)/256),256)/2^3),2)*8+MOD(INT(MOD(INT((D7)/256),256)/2^4),2)*MOD(INT(MOD(INT((E7)/256),256)/2^4),2)*16+MOD(INT(MOD(INT((D7)/256),256)/2^5),2)*MOD(INT(MOD(INT((E7)/256),256)/2^5),2)*32+MOD(INT(MOD(INT((D7)/256),256)/2^6),2)*MOD(INT(MOD(INT((E7)/256),256)/2^6),2)*64+MOD(INT(MOD(INT((D7)/256),256)/2^7),2)*MOD(INT(MOD(INT((E7)/256),256)/2^7),2)*128)*256+(MOD(INT(MOD(INT((D7)/65536),256)/2^0),2)*MOD(INT(MOD(INT((E7)/65536),256)/2^0),2)*1+MOD(INT(MOD(INT((D7)/65536),256)/2^1),2)*MOD(INT(MOD(INT((E7)/65536),256)/2^1),2)*2+MOD(INT(MOD(INT((D7)/65536),256)/2^2),2)*MOD(INT(MOD(INT((E7)/65536),256)/2^2),2)*4+MOD(INT(MOD(INT((D7)/65536),256)/2^3),2)*MOD(INT(MOD(INT((E7)/65536),256)/2^3),2)*8+MOD(INT(MOD(INT((D7)/65536),256)/2^4),2)*MOD(INT(MOD(INT((E7)/65536),256)/2^4),2)*16+MOD(INT(MOD(INT((D7)/65536),256)/2^5),2)*MOD(INT(MOD(INT((E7)/65536),256)/2^5),2)*32+MOD(INT(MOD(INT((D7)/65536),256)/2^6),2)*MOD(INT(MOD(INT((E7)/65536),256)/2^6),2)*64+MOD(INT(MOD(INT((D7)/65536),256)/2^7),2)*MOD(INT(MOD(INT((E7)/65536),256)/2^7),2)*128)*65536+(MOD(INT(MOD(INT((D7)/16777216),256)/2^0),2)*MOD(INT(MOD(INT((E7)/16777216),256)/2^0),2)*1+MOD(INT(MOD(INT((D7)/16777216),256)/2^1),2)*MOD(INT(MOD(INT((E7)/16777216),256)/2^1),2)*2+MOD(INT(MOD(INT((D7)/16777216),256)/2^2),2)*MOD(INT(MOD(INT((E7)/16777216),256)/2^2),2)*4+MOD(INT(MOD(INT((D7)/16777216),256)/2^3),2)*MOD(INT(MOD(INT((E7)/16777216),256)/2^3),2)*8+MOD(INT(MOD(INT((D7)/16777216),256)/2^4),2)*MOD(INT(MOD(INT((E7)/16777216),256)/2^4),2)*16+MOD(INT(MOD(INT((D7)/16777216),256)/2^5),2)*MOD(INT(MOD(INT((E7)/16777216),256)/2^5),2)*32+MOD(INT(MOD(INT((D7)/16777216),256)/2^6),2)*MOD(INT(MOD(INT((E7)/16777216),256)/2^6),2)*64+MOD(INT(MOD(INT((D7)/16777216),256)/2^7),2)*MOD(INT(MOD(INT((E7)/16777216),256)/2^7),2)*128)*16777216) -> 1611260961 | Q8: =((MOD(INT(MOD(INT((N8)/1),256)/2^0),2)*MOD(INT(MOD(INT((P8)/1),256)/2^0),2)*1+MOD(INT(MOD(INT((N8)/1),256)/2^1),2)*MOD(INT(MOD(INT((P8)/1),256)/2^1),2)*2+MOD(INT(MOD(INT((N8)/1),256)/2^2),2)*MOD(INT(MOD(INT((P8)/1),256)/2^2),2)*4+MOD(INT(MOD(INT((N8)/1),256)/2^3),2)*MOD(INT(MOD(INT((P8)/1),256)/2^3),2)*8+MOD(INT(MOD(INT((N8)/1),256)/2^4),2)*MOD(INT(MOD(INT((P8)/1),256)/2^4),2)*16+MOD(INT(MOD(INT((N8)/1),256)/2^5),2)*MOD(INT(MOD(INT((P8)/1),256)/2^5),2)*32+MOD(INT(MOD(INT((N8)/1),256)/2^6),2)*MOD(INT(MOD(INT((P8)/1),256)/2^6),2)*64+MOD(INT(MOD(INT((N8)/1),256)/2^7),2)*MOD(INT(MOD(INT((P8)/1),256)/2^7),2)*128)*1+(MOD(INT(MOD(INT((N8)/256),256)/2^0),2)*MOD(INT(MOD(INT((P8)/256),256)/2^0),2)*1+MOD(INT(MOD(INT((N8)/256),256)/2^1),2)*MOD(INT(MOD(INT((P8)/256),256)/2^1),2)*2+MOD(INT(MOD(INT((N8)/256),256)/2^2),2)*MOD(INT(MOD(INT((P8)/256),256)/2^2),2)*4+MOD(INT(MOD(INT((N8)/256),256)/2^3),2)*MOD(INT(MOD(INT((P8)/256),256)/2^3),2)*8+MOD(INT(MOD(INT((N8)/256),256)/2^4),2)*MOD(INT(MOD(INT((P8)/256),256)/2^4),2)*16+MOD(INT(MOD(INT((N8)/256),256)/2^5),2)*MOD(INT(MOD(INT((P8)/256),256)/2^5),2)*32+MOD(INT(MOD(INT((N8)/256),256)/2^6),2)*MOD(INT(MOD(INT((P8)/256),256)/2^6),2)*64+MOD(INT(MOD(INT((N8)/256),256)/2^7),2)*MOD(INT(MOD(INT((P8)/256),256)/2^7),2)*128)*256+(MOD(INT(MOD(INT((N8)/65536),256)/2^0),2)*MOD(INT(MOD(INT((P8)/65536),256)/2^0),2)*1+MOD(INT(MOD(INT((N8)/65536),256)/2^1),2)*MOD(INT(MOD(INT((P8)/65536),256)/2^1),2)*2+MOD(INT(MOD(INT((N8)/65536),256)/2^2),2)*MOD(INT(MOD(INT((P8)/65536),256)/2^2),2)*4+MOD(INT(MOD(INT((N8)/65536),256)/2^3),2)*MOD(INT(MOD(INT((P8)/65536),256)/2^3),2)*8+MOD(INT(MOD(INT((N8)/65536),256)/2^4),2)*MOD(INT(MOD(INT((P8)/65536),256)/2^4),2)*16+MOD(INT(MOD(INT((N8)/65536),256)/2^5),2)*MOD(INT(MOD(INT((P8)/65536),256)/2^5),2)*32+MOD(INT(MOD(INT((N8)/65536),256)/2^6),2)*MOD(INT(MOD(INT((P8)/65536),256)/2^6),2)*64+MOD(INT(MOD(INT((N8)/65536),256)/2^7),2)*MOD(INT(MOD(INT((P8)/65536),256)/2^7),2)*128)*65536+(MOD(INT(MOD(INT((N8)/16777216),256)/2^0),2)*MOD(INT(MOD(INT((P8)/16777216),256)/2^0),2)*1+MOD(INT(MOD(INT((N8)/16777216),256)/2^1),2)*MOD(INT(MOD(INT((P8)/16777216),256)/2^1),2)*2+MOD(INT(MOD(INT((N8)/16777216),256)/2^2),2)*MOD(INT(MOD(INT((P8)/16777216),256)/2^2),2)*4+MOD(INT(MOD(INT((N8)/16777216),256)/2^3),2)*MOD(INT(MOD(INT((P8)/16777216),256)/2^3),2)*8+MOD(INT(MOD(INT((N8)/16777216),256)/2^4),2)*MOD(INT(MOD(INT((P8)/16777216),256)/2^4),2)*16+MOD(INT(MOD(INT((N8)/16777216),256)/2^5),2)*MOD(INT(MOD(INT((P8)/16777216),256)/2^5),2)*32+MOD(INT(MOD(INT((N8)/16777216),256)/2^6),2)*MOD(INT(MOD(INT((P8)/16777216),256)/2^6),2)*64+MOD(INT(MOD(INT((N8)/16777216),256)/2^7),2)*MOD(INT(MOD(INT((P8)/16777216),256)/2^7),2)*128)*16777216) -> 537468928 | R8: =MOD(N8+O8+P8-2*Q8,4294967296) -> 1611265781 | S8: =MOD(MOD(G7,2^6)*2^26+INT(G7/2^6),4294967296) -> 1151100463 | T8: =MOD(MOD(G7,2^11)*2^21+INT(G7/2^11),4294967296) -> 2049237809 | U8: =MOD(MOD(G7,2^25)*2^7+INT(G7/2^25),4294967296) -> 2361780371 | V8: =((MOD(INT(MOD(INT((S8)/1),256)/2^0),2)*MOD(INT(MOD(INT((T8)/1),256)/2^0),2)*1+MOD(INT(MOD(INT((S8)/1),256)/2^1),2)*MOD(INT(MOD(INT((T8)/1),256)/2^1),2)*2+MOD(INT(MOD(INT((S8)/1),256)/2^2),2)*MOD(INT(MOD(INT((T8)/1),256)/2^2),2)*4+MOD(INT(MOD(INT((S8)/1),256)/2^3),2)*MOD(INT(MOD(INT((T8)/1),256)/2^3),2)*8+MOD(INT(MOD(INT((S8)/1),256)/2^4),2)*MOD(INT(MOD(INT((T8)/1),256)/2^4),2)*16+MOD(INT(MOD(INT((S8)/1),256)/2^5),2)*MOD(INT(MOD(INT((T8)/1),256)/2^5),2)*32+MOD(INT(MOD(INT((S8)/1),256)/2^6),2)*MOD(INT(MOD(INT((T8)/1),256)/2^6),2)*64+MOD(INT(MOD(INT((S8)/1),256)/2^7),2)*MOD(INT(MOD(INT((T8)/1),256)/2^7),2)*128)*1+(MOD(INT(MOD(INT((S8)/256),256)/2^0),2)*MOD(INT(MOD(INT((T8)/256),256)/2^0),2)*1+MOD(INT(MOD(INT((S8)/256),256)/2^1),2)*MOD(INT(MOD(INT((T8)/256),256)/2^1),2)*2+MOD(INT(MOD(INT((S8)/256),256)/2^2),2)*MOD(INT(MOD(INT((T8)/256),256)/2^2),2)*4+MOD(INT(MOD(INT((S8)/256),256)/2^3),2)*MOD(INT(MOD(INT((T8)/256),256)/2^3),2)*8+MOD(INT(MOD(INT((S8)/256),256)/2^4),2)*MOD(INT(MOD(INT((T8)/256),256)/2^4),2)*16+MOD(INT(MOD(INT((S8)/256),256)/2^5),2)*MOD(INT(MOD(INT((T8)/256),256)/2^5),2)*32+MOD(INT(MOD(INT((S8)/256),256)/2^6),2)*MOD(INT(MOD(INT((T8)/256),256)/2^6),2)*64+MOD(INT(MOD(INT((S8)/256),256)/2^7),2)*MOD(INT(MOD(INT((T8)/256),256)/2^7),2)*128)*256+(MOD(INT(MOD(INT((S8)/65536),256)/2^0),2)*MOD(INT(MOD(INT((T8)/65536),256)/2^0),2)*1+MOD(INT(MOD(INT((S8)/65536),256)/2^1),2)*MOD(INT(MOD(INT((T8)/65536),256)/2^1),2)*2+MOD(INT(MOD(INT((S8)/65536),256)/2^2),2)*MOD(INT(MOD(INT((T8)/65536),256)/2^2),2)*4+MOD(INT(MOD(INT((S8)/65536),256)/2^3),2)*MOD(INT(MOD(INT((T8)/65536),256)/2^3),2)*8+MOD(INT(MOD(INT((S8)/65536),256)/2^4),2)*MOD(INT(MOD(INT((T8)/65536),256)/2^4),2)*16+MOD(INT(MOD(INT((S8)/65536),256)/2^5),2)*MOD(INT(MOD(INT((T8)/65536),256)/2^5),2)*32+MOD(INT(MOD(INT((S8)/65536),256)/2^6),2)*MOD(INT(MOD(INT((T8)/65536),256)/2^6),2)*64+MOD(INT(MOD(INT((S8)/65536),256)/2^7),2)*MOD(INT(MOD(INT((T8)/65536),256)/2^7),2)*128)*65536+(MOD(INT(MOD(INT((S8)/16777216),256)/2^0),2)*MOD(INT(MOD(INT((T8)/16777216),256)/2^0),2)*1+MOD(INT(MOD(INT((S8)/16777216),256)/2^1),2)*MOD(INT(MOD(INT((T8)/16777216),256)/2^1),2)*2+MOD(INT(MOD(INT((S8)/16777216),256)/2^2),2)*MOD(INT(MOD(INT((T8)/16777216),256)/2^2),2)*4+MOD(INT(MOD(INT((S8)/16777216),256)/2^3),2)*MOD(INT(MOD(INT((T8)/16777216),256)/2^3),2)*8+MOD(INT(MOD(INT((S8)/16777216),256)/2^4),2)*MOD(INT(MOD(INT((T8)/16777216),256)/2^4),2)*16+MOD(INT(MOD(INT((S8)/16777216),256)/2^5),2)*MOD(INT(MOD(INT((T8)/16777216),256)/2^5),2)*32+MOD(INT(MOD(INT((S8)/16777216),256)/2^6),2)*MOD(INT(MOD(INT((T8)/16777216),256)/2^6),2)*64+MOD(INT(MOD(INT((S8)/16777216),256)/2^7),2)*MOD(INT(MOD(INT((T8)/16777216),256)/2^7),2)*128)*16777216) -> 1074029089 | W8: =MOD(S8+T8-2*V8,4294967296) -> 1052280094 | X8: =((MOD(INT(MOD(INT((W8)/1),256)/2^0),2)*MOD(INT(MOD(INT((U8)/1),256)/2^0),2)*1+MOD(INT(MOD(INT((W8)/1),256)/2^1),2)*MOD(INT(MOD(INT((U8)/1),256)/2^1),2)*2+MOD(INT(MOD(INT((W8)/1),256)/2^2),2)*MOD(INT(MOD(INT((U8)/1),256)/2^2),2)*4+MOD(INT(MOD(INT((W8)/1),256)/2^3),2)*MOD(INT(MOD(INT((U8)/1),256)/2^3),2)*8+MOD(INT(MOD(INT((W8)/1),256)/2^4),2)*MOD(INT(MOD(INT((U8)/1),256)/2^4),2)*16+MOD(INT(MOD(INT((W8)/1),256)/2^5),2)*MOD(INT(MOD(INT((U8)/1),256)/2^5),2)*32+MOD(INT(MOD(INT((W8)/1),256)/2^6),2)*MOD(INT(MOD(INT((U8)/1),256)/2^6),2)*64+MOD(INT(MOD(INT((W8)/1),256)/2^7),2)*MOD(INT(MOD(INT((U8)/1),256)/2^7),2)*128)*1+(MOD(INT(MOD(INT((W8)/256),256)/2^0),2)*MOD(INT(MOD(INT((U8)/256),256)/2^0),2)*1+MOD(INT(MOD(INT((W8)/256),256)/2^1),2)*MOD(INT(MOD(INT((U8)/256),256)/2^1),2)*2+MOD(INT(MOD(INT((W8)/256),256)/2^2),2)*MOD(INT(MOD(INT((U8)/256),256)/2^2),2)*4+MOD(INT(MOD(INT((W8)/256),256)/2^3),2)*MOD(INT(MOD(INT((U8)/256),256)/2^3),2)*8+MOD(INT(MOD(INT((W8)/256),256)/2^4),2)*MOD(INT(MOD(INT((U8)/256),256)/2^4),2)*16+MOD(INT(MOD(INT((W8)/256),256)/2^5),2)*MOD(INT(MOD(INT((U8)/256),256)/2^5),2)*32+MOD(INT(MOD(INT((W8)/256),256)/2^6),2)*MOD(INT(MOD(INT((U8)/256),256)/2^6),2)*64+MOD(INT(MOD(INT((W8)/256),256)/2^7),2)*MOD(INT(MOD(INT((U8)/256),256)/2^7),2)*128)*256+(MOD(INT(MOD(INT((W8)/65536),256)/2^0),2)*MOD(INT(MOD(INT((U8)/65536),256)/2^0),2)*1+MOD(INT(MOD(INT((W8)/65536),256)/2^1),2)*MOD(INT(MOD(INT((U8)/65536),256)/2^1),2)*2+MOD(INT(MOD(INT((W8)/65536),256)/2^2),2)*MOD(INT(MOD(INT((U8)/65536),256)/2^2),2)*4+MOD(INT(MOD(INT((W8)/65536),256)/2^3),2)*MOD(INT(MOD(INT((U8)/65536),256)/2^3),2)*8+MOD(INT(MOD(INT((W8)/65536),256)/2^4),2)*MOD(INT(MOD(INT((U8)/65536),256)/2^4),2)*16+MOD(INT(MOD(INT((W8)/65536),256)/2^5),2)*MOD(INT(MOD(INT((U8)/65536),256)/2^5),2)*32+MOD(INT(MOD(INT((W8)/65536),256)/2^6),2)*MOD(INT(MOD(INT((U8)/65536),256)/2^6),2)*64+MOD(INT(MOD(INT((W8)/65536),256)/2^7),2)*MOD(INT(MOD(INT((U8)/65536),256)/2^7),2)*128)*65536+(MOD(INT(MOD(INT((W8)/16777216),256)/2^0),2)*MOD(INT(MOD(INT((U8)/16777216),256)/2^0),2)*1+MOD(INT(MOD(INT((W8)/16777216),256)/2^1),2)*MOD(INT(MOD(INT((U8)/16777216),256)/2^1),2)*2+MOD(INT(MOD(INT((W8)/16777216),256)/2^2),2)*MOD(INT(MOD(INT((U8)/16777216),256)/2^2),2)*4+MOD(INT(MOD(INT((W8)/16777216),256)/2^3),2)*MOD(INT(MOD(INT((U8)/16777216),256)/2^3),2)*8+MOD(INT(MOD(INT((W8)/16777216),256)/2^4),2)*MOD(INT(MOD(INT((U8)/16777216),256)/2^4),2)*16+MOD(INT(MOD(INT((W8)/16777216),256)/2^5),2)*MOD(INT(MOD(INT((U8)/16777216),256)/2^5),2)*32+MOD(INT(MOD(INT((W8)/16777216),256)/2^6),2)*MOD(INT(MOD(INT((U8)/16777216),256)/2^6),2)*64+MOD(INT(MOD(INT((W8)/16777216),256)/2^7),2)*MOD(INT(MOD(INT((U8)/16777216),256)/2^7),2)*128)*16777216) -> 209747986 | Y8: =MOD(W8+U8-2*X8,4294967296) -> 2994564493 | Z8: =MOD(MOD(C7,2^2)*2^30+INT(C7/2^2),4294967296) -> 671534773 | AA8: =MOD(MOD(C7,2^13)*2^19+INT(C7/2^13),4294967296) -> 3601137881 | AB8: =MOD(MOD(C7,2^22)*2^10+INT(C7/2^22),4294967296) -> 1827361408 | AC8: =((MOD(INT(MOD(INT((Z8)/1),256)/2^0),2)*MOD(INT(MOD(INT((AA8)/1),256)/2^0),2)*1+MOD(INT(MOD(INT((Z8)/1),256)/2^1),2)*MOD(INT(MOD(INT((AA8)/1),256)/2^1),2)*2+MOD(INT(MOD(INT((Z8)/1),256)/2^2),2)*MOD(INT(MOD(INT((AA8)/1),256)/2^2),2)*4+MOD(INT(MOD(INT((Z8)/1),256)/2^3),2)*MOD(INT(MOD(INT((AA8)/1),256)/2^3),2)*8+MOD(INT(MOD(INT((Z8)/1),256)/2^4),2)*MOD(INT(MOD(INT((AA8)/1),256)/2^4),2)*16+MOD(INT(MOD(INT((Z8)/1),256)/2^5),2)*MOD(INT(MOD(INT((AA8)/1),256)/2^5),2)*32+MOD(INT(MOD(INT((Z8)/1),256)/2^6),2)*MOD(INT(MOD(INT((AA8)/1),256)/2^6),2)*64+MOD(INT(MOD(INT((Z8)/1),256)/2^7),2)*MOD(INT(MOD(INT((AA8)/1),256)/2^7),2)*128)*1+(MOD(INT(MOD(INT((Z8)/256),256)/2^0),2)*MOD(INT(MOD(INT((AA8)/256),256)/2^0),2)*1+MOD(INT(MOD(INT((Z8)/256),256)/2^1),2)*MOD(INT(MOD(INT((AA8)/256),256)/2^1),2)*2+MOD(INT(MOD(INT((Z8)/256),256)/2^2),2)*MOD(INT(MOD(INT((AA8)/256),256)/2^2),2)*4+MOD(INT(MOD(INT((Z8)/256),256)/2^3),2)*MOD(INT(MOD(INT((AA8)/256),256)/2^3),2)*8+MOD(INT(MOD(INT((Z8)/256),256)/2^4),2)*MOD(INT(MOD(INT((AA8)/256),256)/2^4),2)*16+MOD(INT(MOD(INT((Z8)/256),256)/2^5),2)*MOD(INT(MOD(INT((AA8)/256),256)/2^5),2)*32+MOD(INT(MOD(INT((Z8)/256),256)/2^6),2)*MOD(INT(MOD(INT((AA8)/256),256)/2^6),2)*64+MOD(INT(MOD(INT((Z8)/256),256)/2^7),2)*MOD(INT(MOD(INT((AA8)/256),256)/2^7),2)*128)*256+(MOD(INT(MOD(INT((Z8)/65536),256)/2^0),2)*MOD(INT(MOD(INT((AA8)/65536),256)/2^0),2)*1+MOD(INT(MOD(INT((Z8)/65536),256)/2^1),2)*MOD(INT(MOD(INT((AA8)/65536),256)/2^1),2)*2+MOD(INT(MOD(INT((Z8)/65536),256)/2^2),2)*MOD(INT(MOD(INT((AA8)/65536),256)/2^2),2)*4+MOD(INT(MOD(INT((Z8)/65536),256)/2^3),2)*MOD(INT(MOD(INT((AA8)/65536),256)/2^3),2)*8+MOD(INT(MOD(INT((Z8)/65536),256)/2^4),2)*MOD(INT(MOD(INT((AA8)/65536),256)/2^4),2)*16+MOD(INT(MOD(INT((Z8)/65536),256)/2^5),2)*MOD(INT(MOD(INT((AA8)/65536),256)/2^5),2)*32+MOD(INT(MOD(INT((Z8)/65536),256)/2^6),2)*MOD(INT(MOD(INT((AA8)/65536),256)/2^6),2)*64+MOD(INT(MOD(INT((Z8)/65536),256)/2^7),2)*MOD(INT(MOD(INT((AA8)/65536),256)/2^7),2)*128)*65536+(MOD(INT(MOD(INT((Z8)/16777216),256)/2^0),2)*MOD(INT(MOD(INT((AA8)/16777216),256)/2^0),2)*1+MOD(INT(MOD(INT((Z8)/16777216),256)/2^1),2)*MOD(INT(MOD(INT((AA8)/16777216),256)/2^1),2)*2+MOD(INT(MOD(INT((Z8)/16777216),256)/2^2),2)*MOD(INT(MOD(INT((AA8)/16777216),256)/2^2),2)*4+MOD(INT(MOD(INT((Z8)/16777216),256)/2^3),2)*MOD(INT(MOD(INT((AA8)/16777216),256)/2^3),2)*8+MOD(INT(MOD(INT((Z8)/16777216),256)/2^4),2)*MOD(INT(MOD(INT((AA8)/16777216),256)/2^4),2)*16+MOD(INT(MOD(INT((Z8)/16777216),256)/2^5),2)*MOD(INT(MOD(INT((AA8)/16777216),256)/2^5),2)*32+MOD(INT(MOD(INT((Z8)/16777216),256)/2^6),2)*MOD(INT(MOD(INT((AA8)/16777216),256)/2^6),2)*64+MOD(INT(MOD(INT((Z8)/16777216),256)/2^7),2)*MOD(INT(MOD(INT((AA8)/16777216),256)/2^7),2)*128)*16777216) -> 262289 | AD8: =MOD(Z8+AA8-2*AC8,4294967296) -> 4272148076 | AE8: =((MOD(INT(MOD(INT((AD8)/1),256)/2^0),2)*MOD(INT(MOD(INT((AB8)/1),256)/2^0),2)*1+MOD(INT(MOD(INT((AD8)/1),256)/2^1),2)*MOD(INT(MOD(INT((AB8)/1),256)/2^1),2)*2+MOD(INT(MOD(INT((AD8)/1),256)/2^2),2)*MOD(INT(MOD(INT((AB8)/1),256)/2^2),2)*4+MOD(INT(MOD(INT((AD8)/1),256)/2^3),2)*MOD(INT(MOD(INT((AB8)/1),256)/2^3),2)*8+MOD(INT(MOD(INT((AD8)/1),256)/2^4),2)*MOD(INT(MOD(INT((AB8)/1),256)/2^4),2)*16+MOD(INT(MOD(INT((AD8)/1),256)/2^5),2)*MOD(INT(MOD(INT((AB8)/1),256)/2^5),2)*32+MOD(INT(MOD(INT((AD8)/1),256)/2^6),2)*MOD(INT(MOD(INT((AB8)/1),256)/2^6),2)*64+MOD(INT(MOD(INT((AD8)/1),256)/2^7),2)*MOD(INT(MOD(INT((AB8)/1),256)/2^7),2)*128)*1+(MOD(INT(MOD(INT((AD8)/256),256)/2^0),2)*MOD(INT(MOD(INT((AB8)/256),256)/2^0),2)*1+MOD(INT(MOD(INT((AD8)/256),256)/2^1),2)*MOD(INT(MOD(INT((AB8)/256),256)/2^1),2)*2+MOD(INT(MOD(INT((AD8)/256),256)/2^2),2)*MOD(INT(MOD(INT((AB8)/256),256)/2^2),2)*4+MOD(INT(MOD(INT((AD8)/256),256)/2^3),2)*MOD(INT(MOD(INT((AB8)/256),256)/2^3),2)*8+MOD(INT(MOD(INT((AD8)/256),256)/2^4),2)*MOD(INT(MOD(INT((AB8)/256),256)/2^4),2)*16+MOD(INT(MOD(INT((AD8)/256),256)/2^5),2)*MOD(INT(MOD(INT((AB8)/256),256)/2^5),2)*32+MOD(INT(MOD(INT((AD8)/256),256)/2^6),2)*MOD(INT(MOD(INT((AB8)/256),256)/2^6),2)*64+MOD(INT(MOD(INT((AD8)/256),256)/2^7),2)*MOD(INT(MOD(INT((AB8)/256),256)/2^7),2)*128)*256+(MOD(INT(MOD(INT((AD8)/65536),256)/2^0),2)*MOD(INT(MOD(INT((AB8)/65536),256)/2^0),2)*1+MOD(INT(MOD(INT((AD8)/65536),256)/2^1),2)*MOD(INT(MOD(INT((AB8)/65536),256)/2^1),2)*2+MOD(INT(MOD(INT((AD8)/65536),256)/2^2),2)*MOD(INT(MOD(INT((AB8)/65536),256)/2^2),2)*4+MOD(INT(MOD(INT((AD8)/65536),256)/2^3),2)*MOD(INT(MOD(INT((AB8)/65536),256)/2^3),2)*8+MOD(INT(MOD(INT((AD8)/65536),256)/2^4),2)*MOD(INT(MOD(INT((AB8)/65536),256)/2^4),2)*16+MOD(INT(MOD(INT((AD8)/65536),256)/2^5),2)*MOD(INT(MOD(INT((AB8)/65536),256)/2^5),2)*32+MOD(INT(MOD(INT((AD8)/65536),256)/2^6),2)*MOD(INT(MOD(INT((AB8)/65536),256)/2^6),2)*64+MOD(INT(MOD(INT((AD8)/65536),256)/2^7),2)*MOD(INT(MOD(INT((AB8)/65536),256)/2^7),2)*128)*65536+(MOD(INT(MOD(INT((AD8)/16777216),256)/2^0),2)*MOD(INT(MOD(INT((AB8)/16777216),256)/2^0),2)*1+MOD(INT(MOD(INT((AD8)/16777216),256)/2^1),2)*MOD(INT(MOD(INT((AB8)/16777216),256)/2^1),2)*2+MOD(INT(MOD(INT((AD8)/16777216),256)/2^2),2)*MOD(INT(MOD(INT((AB8)/16777216),256)/2^2),2)*4+MOD(INT(MOD(INT((AD8)/16777216),256)/2^3),2)*MOD(INT(MOD(INT((AB8)/16777216),256)/2^3),2)*8+MOD(INT(MOD(INT((AD8)/16777216),256)/2^4),2)*MOD(INT(MOD(INT((AB8)/16777216),256)/2^4),2)*16+MOD(INT(MOD(INT((AD8)/16777216),256)/2^5),2)*MOD(INT(MOD(INT((AB8)/16777216),256)/2^5),2)*32+MOD(INT(MOD(INT((AD8)/16777216),256)/2^6),2)*MOD(INT(MOD(INT((AB8)/16777216),256)/2^6),2)*64+MOD(INT(MOD(INT((AD8)/16777216),256)/2^7),2)*MOD(INT(MOD(INT((AB8)/16777216),256)/2^7),2)*128)*16777216) -> 1822638592 | AF8: =MOD(AD8+AB8-2*AE8,4294967296) -> 2454232300 | AG8: =MOD(J7+Y8+M8+'📦 SHA-256 Constants'!C6+AN7,4294967296) -> 1414737174 | AH8: =MOD(AF8+R8,4294967296) -> 4065498081 | AI8: =AN7 -> 0 | AJ8: ='📦 SHA-256 Constants'!C6 -> 3049323471 | AK8: step=3 W[2] | AM8: 3 | AN8: =(0)*16777216+(0)*65536+(0)*256+(0) -> 0 | AO8: — | AP8: — | AQ8: — | AR8: — | AS8: — | AT8: — | AU8: —
B9: 4 | C9: =MOD(AG9+AH9,4294967296) -> 2840795241 | D9: =C8 -> 1185267959 | E9: =D8 -> 2686139092 | F9: =E8 -> 1684927673 | G9: =MOD(F8+AG9,4294967296) -> 1847490002 | H9: =G8 -> 263904155 | I9: =H8 -> 655985617 | J9: =I8 -> 19746574 | K9: =((MOD(INT(MOD(INT((G8)/1),256)/2^0),2)*MOD(INT(MOD(INT((H8)/1),256)/2^0),2)*1+MOD(INT(MOD(INT((G8)/1),256)/2^1),2)*MOD(INT(MOD(INT((H8)/1),256)/2^1),2)*2+MOD(INT(MOD(INT((G8)/1),256)/2^2),2)*MOD(INT(MOD(INT((H8)/1),256)/2^2),2)*4+MOD(INT(MOD(INT((G8)/1),256)/2^3),2)*MOD(INT(MOD(INT((H8)/1),256)/2^3),2)*8+MOD(INT(MOD(INT((G8)/1),256)/2^4),2)*MOD(INT(MOD(INT((H8)/1),256)/2^4),2)*16+MOD(INT(MOD(INT((G8)/1),256)/2^5),2)*MOD(INT(MOD(INT((H8)/1),256)/2^5),2)*32+MOD(INT(MOD(INT((G8)/1),256)/2^6),2)*MOD(INT(MOD(INT((H8)/1),256)/2^6),2)*64+MOD(INT(MOD(INT((G8)/1),256)/2^7),2)*MOD(INT(MOD(INT((H8)/1),256)/2^7),2)*128)*1+(MOD(INT(MOD(INT((G8)/256),256)/2^0),2)*MOD(INT(MOD(INT((H8)/256),256)/2^0),2)*1+MOD(INT(MOD(INT((G8)/256),256)/2^1),2)*MOD(INT(MOD(INT((H8)/256),256)/2^1),2)*2+MOD(INT(MOD(INT((G8)/256),256)/2^2),2)*MOD(INT(MOD(INT((H8)/256),256)/2^2),2)*4+MOD(INT(MOD(INT((G8)/256),256)/2^3),2)*MOD(INT(MOD(INT((H8)/256),256)/2^3),2)*8+MOD(INT(MOD(INT((G8)/256),256)/2^4),2)*MOD(INT(MOD(INT((H8)/256),256)/2^4),2)*16+MOD(INT(MOD(INT((G8)/256),256)/2^5),2)*MOD(INT(MOD(INT((H8)/256),256)/2^5),2)*32+MOD(INT(MOD(INT((G8)/256),256)/2^6),2)*MOD(INT(MOD(INT((H8)/256),256)/2^6),2)*64+MOD(INT(MOD(INT((G8)/256),256)/2^7),2)*MOD(INT(MOD(INT((H8)/256),256)/2^7),2)*128)*256+(MOD(INT(MOD(INT((G8)/65536),256)/2^0),2)*MOD(INT(MOD(INT((H8)/65536),256)/2^0),2)*1+MOD(INT(MOD(INT((G8)/65536),256)/2^1),2)*MOD(INT(MOD(INT((H8)/65536),256)/2^1),2)*2+MOD(INT(MOD(INT((G8)/65536),256)/2^2),2)*MOD(INT(MOD(INT((H8)/65536),256)/2^2),2)*4+MOD(INT(MOD(INT((G8)/65536),256)/2^3),2)*MOD(INT(MOD(INT((H8)/65536),256)/2^3),2)*8+MOD(INT(MOD(INT((G8)/65536),256)/2^4),2)*MOD(INT(MOD(INT((H8)/65536),256)/2^4),2)*16+MOD(INT(MOD(INT((G8)/65536),256)/2^5),2)*MOD(INT(MOD(INT((H8)/65536),256)/2^5),2)*32+MOD(INT(MOD(INT((G8)/65536),256)/2^6),2)*MOD(INT(MOD(INT((H8)/65536),256)/2^6),2)*64+MOD(INT(MOD(INT((G8)/65536),256)/2^7),2)*MOD(INT(MOD(INT((H8)/65536),256)/2^7),2)*128)*65536+(MOD(INT(MOD(INT((G8)/16777216),256)/2^0),2)*MOD(INT(MOD(INT((H8)/16777216),256)/2^0),2)*1+MOD(INT(MOD(INT((G8)/16777216),256)/2^1),2)*MOD(INT(MOD(INT((H8)/16777216),256)/2^1),2)*2+MOD(INT(MOD(INT((G8)/16777216),256)/2^2),2)*MOD(INT(MOD(INT((H8)/16777216),256)/2^2),2)*4+MOD(INT(MOD(INT((G8)/16777216),256)/2^3),2)*MOD(INT(MOD(INT((H8)/16777216),256)/2^3),2)*8+MOD(INT(MOD(INT((G8)/16777216),256)/2^4),2)*MOD(INT(MOD(INT((H8)/16777216),256)/2^4),2)*16+MOD(INT(MOD(INT((G8)/16777216),256)/2^5),2)*MOD(INT(MOD(INT((H8)/16777216),256)/2^5),2)*32+MOD(INT(MOD(INT((G8)/16777216),256)/2^6),2)*MOD(INT(MOD(INT((H8)/16777216),256)/2^6),2)*64+MOD(INT(MOD(INT((G8)/16777216),256)/2^7),2)*MOD(INT(MOD(INT((H8)/16777216),256)/2^7),2)*128)*16777216) -> 119049105 | L9: =((MOD(INT(MOD(INT(((4294967295-G8))/1),256)/2^0),2)*MOD(INT(MOD(INT((I8)/1),256)/2^0),2)*1+MOD(INT(MOD(INT(((4294967295-G8))/1),256)/2^1),2)*MOD(INT(MOD(INT((I8)/1),256)/2^1),2)*2+MOD(INT(MOD(INT(((4294967295-G8))/1),256)/2^2),2)*MOD(INT(MOD(INT((I8)/1),256)/2^2),2)*4+MOD(INT(MOD(INT(((4294967295-G8))/1),256)/2^3),2)*MOD(INT(MOD(INT((I8)/1),256)/2^3),2)*8+MOD(INT(MOD(INT(((4294967295-G8))/1),256)/2^4),2)*MOD(INT(MOD(INT((I8)/1),256)/2^4),2)*16+MOD(INT(MOD(INT(((4294967295-G8))/1),256)/2^5),2)*MOD(INT(MOD(INT((I8)/1),256)/2^5),2)*32+MOD(INT(MOD(INT(((4294967295-G8))/1),256)/2^6),2)*MOD(INT(MOD(INT((I8)/1),256)/2^6),2)*64+MOD(INT(MOD(INT(((4294967295-G8))/1),256)/2^7),2)*MOD(INT(MOD(INT((I8)/1),256)/2^7),2)*128)*1+(MOD(INT(MOD(INT(((4294967295-G8))/256),256)/2^0),2)*MOD(INT(MOD(INT((I8)/256),256)/2^0),2)*1+MOD(INT(MOD(INT(((4294967295-G8))/256),256)/2^1),2)*MOD(INT(MOD(INT((I8)/256),256)/2^1),2)*2+MOD(INT(MOD(INT(((4294967295-G8))/256),256)/2^2),2)*MOD(INT(MOD(INT((I8)/256),256)/2^2),2)*4+MOD(INT(MOD(INT(((4294967295-G8))/256),256)/2^3),2)*MOD(INT(MOD(INT((I8)/256),256)/2^3),2)*8+MOD(INT(MOD(INT(((4294967295-G8))/256),256)/2^4),2)*MOD(INT(MOD(INT((I8)/256),256)/2^4),2)*16+MOD(INT(MOD(INT(((4294967295-G8))/256),256)/2^5),2)*MOD(INT(MOD(INT((I8)/256),256)/2^5),2)*32+MOD(INT(MOD(INT(((4294967295-G8))/256),256)/2^6),2)*MOD(INT(MOD(INT((I8)/256),256)/2^6),2)*64+MOD(INT(MOD(INT(((4294967295-G8))/256),256)/2^7),2)*MOD(INT(MOD(INT((I8)/256),256)/2^7),2)*128)*256+(MOD(INT(MOD(INT(((4294967295-G8))/65536),256)/2^0),2)*MOD(INT(MOD(INT((I8)/65536),256)/2^0),2)*1+MOD(INT(MOD(INT(((4294967295-G8))/65536),256)/2^1),2)*MOD(INT(MOD(INT((I8)/65536),256)/2^1),2)*2+MOD(INT(MOD(INT(((4294967295-G8))/65536),256)/2^2),2)*MOD(INT(MOD(INT((I8)/65536),256)/2^2),2)*4+MOD(INT(MOD(INT(((4294967295-G8))/65536),256)/2^3),2)*MOD(INT(MOD(INT((I8)/65536),256)/2^3),2)*8+MOD(INT(MOD(INT(((4294967295-G8))/65536),256)/2^4),2)*MOD(INT(MOD(INT((I8)/65536),256)/2^4),2)*16+MOD(INT(MOD(INT(((4294967295-G8))/65536),256)/2^5),2)*MOD(INT(MOD(INT((I8)/65536),256)/2^5),2)*32+MOD(INT(MOD(INT(((4294967295-G8))/65536),256)/2^6),2)*MOD(INT(MOD(INT((I8)/65536),256)/2^6),2)*64+MOD(INT(MOD(INT(((4294967295-G8))/65536),256)/2^7),2)*MOD(INT(MOD(INT((I8)/65536),256)/2^7),2)*128)*65536+(MOD(INT(MOD(INT(((4294967295-G8))/16777216),256)/2^0),2)*MOD(INT(MOD(INT((I8)/16777216),256)/2^0),2)*1+MOD(INT(MOD(INT(((4294967295-G8))/16777216),256)/2^1),2)*MOD(INT(MOD(INT((I8)/16777216),256)/2^1),2)*2+MOD(INT(MOD(INT(((4294967295-G8))/16777216),256)/2^2),2)*MOD(INT(MOD(INT((I8)/16777216),256)/2^2),2)*4+MOD(INT(MOD(INT(((4294967295-G8))/16777216),256)/2^3),2)*MOD(INT(MOD(INT((I8)/16777216),256)/2^3),2)*8+MOD(INT(MOD(INT(((4294967295-G8))/16777216),256)/2^4),2)*MOD(INT(MOD(INT((I8)/16777216),256)/2^4),2)*16+MOD(INT(MOD(INT(((4294967295-G8))/16777216),256)/2^5),2)*MOD(INT(MOD(INT((I8)/16777216),256)/2^5),2)*32+MOD(INT(MOD(INT(((4294967295-G8))/16777216),256)/2^6),2)*MOD(INT(MOD(INT((I8)/16777216),256)/2^6),2)*64+MOD(INT(MOD(INT(((4294967295-G8))/16777216),256)/2^7),2)*MOD(INT(MOD(INT((I8)/16777216),256)/2^7),2)*128)*16777216) -> 328708 | M9: =MOD(K9+L9,4294967296) -> 119377813 | N9: =((MOD(INT(MOD(INT((C8)/1),256)/2^0),2)*MOD(INT(MOD(INT((D8)/1),256)/2^0),2)*1+MOD(INT(MOD(INT((C8)/1),256)/2^1),2)*MOD(INT(MOD(INT((D8)/1),256)/2^1),2)*2+MOD(INT(MOD(INT((C8)/1),256)/2^2),2)*MOD(INT(MOD(INT((D8)/1),256)/2^2),2)*4+MOD(INT(MOD(INT((C8)/1),256)/2^3),2)*MOD(INT(MOD(INT((D8)/1),256)/2^3),2)*8+MOD(INT(MOD(INT((C8)/1),256)/2^4),2)*MOD(INT(MOD(INT((D8)/1),256)/2^4),2)*16+MOD(INT(MOD(INT((C8)/1),256)/2^5),2)*MOD(INT(MOD(INT((D8)/1),256)/2^5),2)*32+MOD(INT(MOD(INT((C8)/1),256)/2^6),2)*MOD(INT(MOD(INT((D8)/1),256)/2^6),2)*64+MOD(INT(MOD(INT((C8)/1),256)/2^7),2)*MOD(INT(MOD(INT((D8)/1),256)/2^7),2)*128)*1+(MOD(INT(MOD(INT((C8)/256),256)/2^0),2)*MOD(INT(MOD(INT((D8)/256),256)/2^0),2)*1+MOD(INT(MOD(INT((C8)/256),256)/2^1),2)*MOD(INT(MOD(INT((D8)/256),256)/2^1),2)*2+MOD(INT(MOD(INT((C8)/256),256)/2^2),2)*MOD(INT(MOD(INT((D8)/256),256)/2^2),2)*4+MOD(INT(MOD(INT((C8)/256),256)/2^3),2)*MOD(INT(MOD(INT((D8)/256),256)/2^3),2)*8+MOD(INT(MOD(INT((C8)/256),256)/2^4),2)*MOD(INT(MOD(INT((D8)/256),256)/2^4),2)*16+MOD(INT(MOD(INT((C8)/256),256)/2^5),2)*MOD(INT(MOD(INT((D8)/256),256)/2^5),2)*32+MOD(INT(MOD(INT((C8)/256),256)/2^6),2)*MOD(INT(MOD(INT((D8)/256),256)/2^6),2)*64+MOD(INT(MOD(INT((C8)/256),256)/2^7),2)*MOD(INT(MOD(INT((D8)/256),256)/2^7),2)*128)*256+(MOD(INT(MOD(INT((C8)/65536),256)/2^0),2)*MOD(INT(MOD(INT((D8)/65536),256)/2^0),2)*1+MOD(INT(MOD(INT((C8)/65536),256)/2^1),2)*MOD(INT(MOD(INT((D8)/65536),256)/2^1),2)*2+MOD(INT(MOD(INT((C8)/65536),256)/2^2),2)*MOD(INT(MOD(INT((D8)/65536),256)/2^2),2)*4+MOD(INT(MOD(INT((C8)/65536),256)/2^3),2)*MOD(INT(MOD(INT((D8)/65536),256)/2^3),2)*8+MOD(INT(MOD(INT((C8)/65536),256)/2^4),2)*MOD(INT(MOD(INT((D8)/65536),256)/2^4),2)*16+MOD(INT(MOD(INT((C8)/65536),256)/2^5),2)*MOD(INT(MOD(INT((D8)/65536),256)/2^5),2)*32+MOD(INT(MOD(INT((C8)/65536),256)/2^6),2)*MOD(INT(MOD(INT((D8)/65536),256)/2^6),2)*64+MOD(INT(MOD(INT((C8)/65536),256)/2^7),2)*MOD(INT(MOD(INT((D8)/65536),256)/2^7),2)*128)*65536+(MOD(INT(MOD(INT((C8)/16777216),256)/2^0),2)*MOD(INT(MOD(INT((D8)/16777216),256)/2^0),2)*1+MOD(INT(MOD(INT((C8)/16777216),256)/2^1),2)*MOD(INT(MOD(INT((D8)/16777216),256)/2^1),2)*2+MOD(INT(MOD(INT((C8)/16777216),256)/2^2),2)*MOD(INT(MOD(INT((D8)/16777216),256)/2^2),2)*4+MOD(INT(MOD(INT((C8)/16777216),256)/2^3),2)*MOD(INT(MOD(INT((D8)/16777216),256)/2^3),2)*8+MOD(INT(MOD(INT((C8)/16777216),256)/2^4),2)*MOD(INT(MOD(INT((D8)/16777216),256)/2^4),2)*16+MOD(INT(MOD(INT((C8)/16777216),256)/2^5),2)*MOD(INT(MOD(INT((D8)/16777216),256)/2^5),2)*32+MOD(INT(MOD(INT((C8)/16777216),256)/2^6),2)*MOD(INT(MOD(INT((D8)/16777216),256)/2^6),2)*64+MOD(INT(MOD(INT((C8)/16777216),256)/2^7),2)*MOD(INT(MOD(INT((D8)/16777216),256)/2^7),2)*128)*16777216) -> 65748 | O9: =((MOD(INT(MOD(INT((C8)/1),256)/2^0),2)*MOD(INT(MOD(INT((E8)/1),256)/2^0),2)*1+MOD(INT(MOD(INT((C8)/1),256)/2^1),2)*MOD(INT(MOD(INT((E8)/1),256)/2^1),2)*2+MOD(INT(MOD(INT((C8)/1),256)/2^2),2)*MOD(INT(MOD(INT((E8)/1),256)/2^2),2)*4+MOD(INT(MOD(INT((C8)/1),256)/2^3),2)*MOD(INT(MOD(INT((E8)/1),256)/2^3),2)*8+MOD(INT(MOD(INT((C8)/1),256)/2^4),2)*MOD(INT(MOD(INT((E8)/1),256)/2^4),2)*16+MOD(INT(MOD(INT((C8)/1),256)/2^5),2)*MOD(INT(MOD(INT((E8)/1),256)/2^5),2)*32+MOD(INT(MOD(INT((C8)/1),256)/2^6),2)*MOD(INT(MOD(INT((E8)/1),256)/2^6),2)*64+MOD(INT(MOD(INT((C8)/1),256)/2^7),2)*MOD(INT(MOD(INT((E8)/1),256)/2^7),2)*128)*1+(MOD(INT(MOD(INT((C8)/256),256)/2^0),2)*MOD(INT(MOD(INT((E8)/256),256)/2^0),2)*1+MOD(INT(MOD(INT((C8)/256),256)/2^1),2)*MOD(INT(MOD(INT((E8)/256),256)/2^1),2)*2+MOD(INT(MOD(INT((C8)/256),256)/2^2),2)*MOD(INT(MOD(INT((E8)/256),256)/2^2),2)*4+MOD(INT(MOD(INT((C8)/256),256)/2^3),2)*MOD(INT(MOD(INT((E8)/256),256)/2^3),2)*8+MOD(INT(MOD(INT((C8)/256),256)/2^4),2)*MOD(INT(MOD(INT((E8)/256),256)/2^4),2)*16+MOD(INT(MOD(INT((C8)/256),256)/2^5),2)*MOD(INT(MOD(INT((E8)/256),256)/2^5),2)*32+MOD(INT(MOD(INT((C8)/256),256)/2^6),2)*MOD(INT(MOD(INT((E8)/256),256)/2^6),2)*64+MOD(INT(MOD(INT((C8)/256),256)/2^7),2)*MOD(INT(MOD(INT((E8)/256),256)/2^7),2)*128)*256+(MOD(INT(MOD(INT((C8)/65536),256)/2^0),2)*MOD(INT(MOD(INT((E8)/65536),256)/2^0),2)*1+MOD(INT(MOD(INT((C8)/65536),256)/2^1),2)*MOD(INT(MOD(INT((E8)/65536),256)/2^1),2)*2+MOD(INT(MOD(INT((C8)/65536),256)/2^2),2)*MOD(INT(MOD(INT((E8)/65536),256)/2^2),2)*4+MOD(INT(MOD(INT((C8)/65536),256)/2^3),2)*MOD(INT(MOD(INT((E8)/65536),256)/2^3),2)*8+MOD(INT(MOD(INT((C8)/65536),256)/2^4),2)*MOD(INT(MOD(INT((E8)/65536),256)/2^4),2)*16+MOD(INT(MOD(INT((C8)/65536),256)/2^5),2)*MOD(INT(MOD(INT((E8)/65536),256)/2^5),2)*32+MOD(INT(MOD(INT((C8)/65536),256)/2^6),2)*MOD(INT(MOD(INT((E8)/65536),256)/2^6),2)*64+MOD(INT(MOD(INT((C8)/65536),256)/2^7),2)*MOD(INT(MOD(INT((E8)/65536),256)/2^7),2)*128)*65536+(MOD(INT(MOD(INT((C8)/16777216),256)/2^0),2)*MOD(INT(MOD(INT((E8)/16777216),256)/2^0),2)*1+MOD(INT(MOD(INT((C8)/16777216),256)/2^1),2)*MOD(INT(MOD(INT((E8)/16777216),256)/2^1),2)*2+MOD(INT(MOD(INT((C8)/16777216),256)/2^2),2)*MOD(INT(MOD(INT((E8)/16777216),256)/2^2),2)*4+MOD(INT(MOD(INT((C8)/16777216),256)/2^3),2)*MOD(INT(MOD(INT((E8)/16777216),256)/2^3),2)*8+MOD(INT(MOD(INT((C8)/16777216),256)/2^4),2)*MOD(INT(MOD(INT((E8)/16777216),256)/2^4),2)*16+MOD(INT(MOD(INT((C8)/16777216),256)/2^5),2)*MOD(INT(MOD(INT((E8)/16777216),256)/2^5),2)*32+MOD(INT(MOD(INT((C8)/16777216),256)/2^6),2)*MOD(INT(MOD(INT((E8)/16777216),256)/2^6),2)*64+MOD(INT(MOD(INT((C8)/16777216),256)/2^7),2)*MOD(INT(MOD(INT((E8)/16777216),256)/2^7),2)*128)*16777216) -> 1143324849 | P9: =((MOD(INT(MOD(INT((D8)/1),256)/2^0),2)*MOD(INT(MOD(INT((E8)/1),256)/2^0),2)*1+MOD(INT(MOD(INT((D8)/1),256)/2^1),2)*MOD(INT(MOD(INT((E8)/1),256)/2^1),2)*2+MOD(INT(MOD(INT((D8)/1),256)/2^2),2)*MOD(INT(MOD(INT((E8)/1),256)/2^2),2)*4+MOD(INT(MOD(INT((D8)/1),256)/2^3),2)*MOD(INT(MOD(INT((E8)/1),256)/2^3),2)*8+MOD(INT(MOD(INT((D8)/1),256)/2^4),2)*MOD(INT(MOD(INT((E8)/1),256)/2^4),2)*16+MOD(INT(MOD(INT((D8)/1),256)/2^5),2)*MOD(INT(MOD(INT((E8)/1),256)/2^5),2)*32+MOD(INT(MOD(INT((D8)/1),256)/2^6),2)*MOD(INT(MOD(INT((E8)/1),256)/2^6),2)*64+MOD(INT(MOD(INT((D8)/1),256)/2^7),2)*MOD(INT(MOD(INT((E8)/1),256)/2^7),2)*128)*1+(MOD(INT(MOD(INT((D8)/256),256)/2^0),2)*MOD(INT(MOD(INT((E8)/256),256)/2^0),2)*1+MOD(INT(MOD(INT((D8)/256),256)/2^1),2)*MOD(INT(MOD(INT((E8)/256),256)/2^1),2)*2+MOD(INT(MOD(INT((D8)/256),256)/2^2),2)*MOD(INT(MOD(INT((E8)/256),256)/2^2),2)*4+MOD(INT(MOD(INT((D8)/256),256)/2^3),2)*MOD(INT(MOD(INT((E8)/256),256)/2^3),2)*8+MOD(INT(MOD(INT((D8)/256),256)/2^4),2)*MOD(INT(MOD(INT((E8)/256),256)/2^4),2)*16+MOD(INT(MOD(INT((D8)/256),256)/2^5),2)*MOD(INT(MOD(INT((E8)/256),256)/2^5),2)*32+MOD(INT(MOD(INT((D8)/256),256)/2^6),2)*MOD(INT(MOD(INT((E8)/256),256)/2^6),2)*64+MOD(INT(MOD(INT((D8)/256),256)/2^7),2)*MOD(INT(MOD(INT((E8)/256),256)/2^7),2)*128)*256+(MOD(INT(MOD(INT((D8)/65536),256)/2^0),2)*MOD(INT(MOD(INT((E8)/65536),256)/2^0),2)*1+MOD(INT(MOD(INT((D8)/65536),256)/2^1),2)*MOD(INT(MOD(INT((E8)/65536),256)/2^1),2)*2+MOD(INT(MOD(INT((D8)/65536),256)/2^2),2)*MOD(INT(MOD(INT((E8)/65536),256)/2^2),2)*4+MOD(INT(MOD(INT((D8)/65536),256)/2^3),2)*MOD(INT(MOD(INT((E8)/65536),256)/2^3),2)*8+MOD(INT(MOD(INT((D8)/65536),256)/2^4),2)*MOD(INT(MOD(INT((E8)/65536),256)/2^4),2)*16+MOD(INT(MOD(INT((D8)/65536),256)/2^5),2)*MOD(INT(MOD(INT((E8)/65536),256)/2^5),2)*32+MOD(INT(MOD(INT((D8)/65536),256)/2^6),2)*MOD(INT(MOD(INT((E8)/65536),256)/2^6),2)*64+MOD(INT(MOD(INT((D8)/65536),256)/2^7),2)*MOD(INT(MOD(INT((E8)/65536),256)/2^7),2)*128)*65536+(MOD(INT(MOD(INT((D8)/16777216),256)/2^0),2)*MOD(INT(MOD(INT((E8)/16777216),256)/2^0),2)*1+MOD(INT(MOD(INT((D8)/16777216),256)/2^1),2)*MOD(INT(MOD(INT((E8)/16777216),256)/2^1),2)*2+MOD(INT(MOD(INT((D8)/16777216),256)/2^2),2)*MOD(INT(MOD(INT((E8)/16777216),256)/2^2),2)*4+MOD(INT(MOD(INT((D8)/16777216),256)/2^3),2)*MOD(INT(MOD(INT((E8)/16777216),256)/2^3),2)*8+MOD(INT(MOD(INT((D8)/16777216),256)/2^4),2)*MOD(INT(MOD(INT((E8)/16777216),256)/2^4),2)*16+MOD(INT(MOD(INT((D8)/16777216),256)/2^5),2)*MOD(INT(MOD(INT((E8)/16777216),256)/2^5),2)*32+MOD(INT(MOD(INT((D8)/16777216),256)/2^6),2)*MOD(INT(MOD(INT((E8)/16777216),256)/2^6),2)*64+MOD(INT(MOD(INT((D8)/16777216),256)/2^7),2)*MOD(INT(MOD(INT((E8)/16777216),256)/2^7),2)*128)*16777216) -> 537473168 | Q9: =((MOD(INT(MOD(INT((N9)/1),256)/2^0),2)*MOD(INT(MOD(INT((P9)/1),256)/2^0),2)*1+MOD(INT(MOD(INT((N9)/1),256)/2^1),2)*MOD(INT(MOD(INT((P9)/1),256)/2^1),2)*2+MOD(INT(MOD(INT((N9)/1),256)/2^2),2)*MOD(INT(MOD(INT((P9)/1),256)/2^2),2)*4+MOD(INT(MOD(INT((N9)/1),256)/2^3),2)*MOD(INT(MOD(INT((P9)/1),256)/2^3),2)*8+MOD(INT(MOD(INT((N9)/1),256)/2^4),2)*MOD(INT(MOD(INT((P9)/1),256)/2^4),2)*16+MOD(INT(MOD(INT((N9)/1),256)/2^5),2)*MOD(INT(MOD(INT((P9)/1),256)/2^5),2)*32+MOD(INT(MOD(INT((N9)/1),256)/2^6),2)*MOD(INT(MOD(INT((P9)/1),256)/2^6),2)*64+MOD(INT(MOD(INT((N9)/1),256)/2^7),2)*MOD(INT(MOD(INT((P9)/1),256)/2^7),2)*128)*1+(MOD(INT(MOD(INT((N9)/256),256)/2^0),2)*MOD(INT(MOD(INT((P9)/256),256)/2^0),2)*1+MOD(INT(MOD(INT((N9)/256),256)/2^1),2)*MOD(INT(MOD(INT((P9)/256),256)/2^1),2)*2+MOD(INT(MOD(INT((N9)/256),256)/2^2),2)*MOD(INT(MOD(INT((P9)/256),256)/2^2),2)*4+MOD(INT(MOD(INT((N9)/256),256)/2^3),2)*MOD(INT(MOD(INT((P9)/256),256)/2^3),2)*8+MOD(INT(MOD(INT((N9)/256),256)/2^4),2)*MOD(INT(MOD(INT((P9)/256),256)/2^4),2)*16+MOD(INT(MOD(INT((N9)/256),256)/2^5),2)*MOD(INT(MOD(INT((P9)/256),256)/2^5),2)*32+MOD(INT(MOD(INT((N9)/256),256)/2^6),2)*MOD(INT(MOD(INT((P9)/256),256)/2^6),2)*64+MOD(INT(MOD(INT((N9)/256),256)/2^7),2)*MOD(INT(MOD(INT((P9)/256),256)/2^7),2)*128)*256+(MOD(INT(MOD(INT((N9)/65536),256)/2^0),2)*MOD(INT(MOD(INT((P9)/65536),256)/2^0),2)*1+MOD(INT(MOD(INT((N9)/65536),256)/2^1),2)*MOD(INT(MOD(INT((P9)/65536),256)/2^1),2)*2+MOD(INT(MOD(INT((N9)/65536),256)/2^2),2)*MOD(INT(MOD(INT((P9)/65536),256)/2^2),2)*4+MOD(INT(MOD(INT((N9)/65536),256)/2^3),2)*MOD(INT(MOD(INT((P9)/65536),256)/2^3),2)*8+MOD(INT(MOD(INT((N9)/65536),256)/2^4),2)*MOD(INT(MOD(INT((P9)/65536),256)/2^4),2)*16+MOD(INT(MOD(INT((N9)/65536),256)/2^5),2)*MOD(INT(MOD(INT((P9)/65536),256)/2^5),2)*32+MOD(INT(MOD(INT((N9)/65536),256)/2^6),2)*MOD(INT(MOD(INT((P9)/65536),256)/2^6),2)*64+MOD(INT(MOD(INT((N9)/65536),256)/2^7),2)*MOD(INT(MOD(INT((P9)/65536),256)/2^7),2)*128)*65536+(MOD(INT(MOD(INT((N9)/16777216),256)/2^0),2)*MOD(INT(MOD(INT((P9)/16777216),256)/2^0),2)*1+MOD(INT(MOD(INT((N9)/16777216),256)/2^1),2)*MOD(INT(MOD(INT((P9)/16777216),256)/2^1),2)*2+MOD(INT(MOD(INT((N9)/16777216),256)/2^2),2)*MOD(INT(MOD(INT((P9)/16777216),256)/2^2),2)*4+MOD(INT(MOD(INT((N9)/16777216),256)/2^3),2)*MOD(INT(MOD(INT((P9)/16777216),256)/2^3),2)*8+MOD(INT(MOD(INT((N9)/16777216),256)/2^4),2)*MOD(INT(MOD(INT((P9)/16777216),256)/2^4),2)*16+MOD(INT(MOD(INT((N9)/16777216),256)/2^5),2)*MOD(INT(MOD(INT((P9)/16777216),256)/2^5),2)*32+MOD(INT(MOD(INT((N9)/16777216),256)/2^6),2)*MOD(INT(MOD(INT((P9)/16777216),256)/2^6),2)*64+MOD(INT(MOD(INT((N9)/16777216),256)/2^7),2)*MOD(INT(MOD(INT((P9)/16777216),256)/2^7),2)*128)*16777216) -> 65680 | R9: =MOD(N9+O9+P9-2*Q9,4294967296) -> 1680732405 | S9: =MOD(MOD(G8,2^6)*2^26+INT(G8/2^6),4294967296) -> 1816062830 | T9: =MOD(MOD(G8,2^11)*2^21+INT(G8/2^11),4294967296) -> 1935800155 | U9: =MOD(MOD(G8,2^25)*2^7+INT(G8/2^25),4294967296) -> 3714960775 | V9: =((MOD(INT(MOD(INT((S9)/1),256)/2^0),2)*MOD(INT(MOD(INT((T9)/1),256)/2^0),2)*1+MOD(INT(MOD(INT((S9)/1),256)/2^1),2)*MOD(INT(MOD(INT((T9)/1),256)/2^1),2)*2+MOD(INT(MOD(INT((S9)/1),256)/2^2),2)*MOD(INT(MOD(INT((T9)/1),256)/2^2),2)*4+MOD(INT(MOD(INT((S9)/1),256)/2^3),2)*MOD(INT(MOD(INT((T9)/1),256)/2^3),2)*8+MOD(INT(MOD(INT((S9)/1),256)/2^4),2)*MOD(INT(MOD(INT((T9)/1),256)/2^4),2)*16+MOD(INT(MOD(INT((S9)/1),256)/2^5),2)*MOD(INT(MOD(INT((T9)/1),256)/2^5),2)*32+MOD(INT(MOD(INT((S9)/1),256)/2^6),2)*MOD(INT(MOD(INT((T9)/1),256)/2^6),2)*64+MOD(INT(MOD(INT((S9)/1),256)/2^7),2)*MOD(INT(MOD(INT((T9)/1),256)/2^7),2)*128)*1+(MOD(INT(MOD(INT((S9)/256),256)/2^0),2)*MOD(INT(MOD(INT((T9)/256),256)/2^0),2)*1+MOD(INT(MOD(INT((S9)/256),256)/2^1),2)*MOD(INT(MOD(INT((T9)/256),256)/2^1),2)*2+MOD(INT(MOD(INT((S9)/256),256)/2^2),2)*MOD(INT(MOD(INT((T9)/256),256)/2^2),2)*4+MOD(INT(MOD(INT((S9)/256),256)/2^3),2)*MOD(INT(MOD(INT((T9)/256),256)/2^3),2)*8+MOD(INT(MOD(INT((S9)/256),256)/2^4),2)*MOD(INT(MOD(INT((T9)/256),256)/2^4),2)*16+MOD(INT(MOD(INT((S9)/256),256)/2^5),2)*MOD(INT(MOD(INT((T9)/256),256)/2^5),2)*32+MOD(INT(MOD(INT((S9)/256),256)/2^6),2)*MOD(INT(MOD(INT((T9)/256),256)/2^6),2)*64+MOD(INT(MOD(INT((S9)/256),256)/2^7),2)*MOD(INT(MOD(INT((T9)/256),256)/2^7),2)*128)*256+(MOD(INT(MOD(INT((S9)/65536),256)/2^0),2)*MOD(INT(MOD(INT((T9)/65536),256)/2^0),2)*1+MOD(INT(MOD(INT((S9)/65536),256)/2^1),2)*MOD(INT(MOD(INT((T9)/65536),256)/2^1),2)*2+MOD(INT(MOD(INT((S9)/65536),256)/2^2),2)*MOD(INT(MOD(INT((T9)/65536),256)/2^2),2)*4+MOD(INT(MOD(INT((S9)/65536),256)/2^3),2)*MOD(INT(MOD(INT((T9)/65536),256)/2^3),2)*8+MOD(INT(MOD(INT((S9)/65536),256)/2^4),2)*MOD(INT(MOD(INT((T9)/65536),256)/2^4),2)*16+MOD(INT(MOD(INT((S9)/65536),256)/2^5),2)*MOD(INT(MOD(INT((T9)/65536),256)/2^5),2)*32+MOD(INT(MOD(INT((S9)/65536),256)/2^6),2)*MOD(INT(MOD(INT((T9)/65536),256)/2^6),2)*64+MOD(INT(MOD(INT((S9)/65536),256)/2^7),2)*MOD(INT(MOD(INT((T9)/65536),256)/2^7),2)*128)*65536+(MOD(INT(MOD(INT((S9)/16777216),256)/2^0),2)*MOD(INT(MOD(INT((T9)/16777216),256)/2^0),2)*1+MOD(INT(MOD(INT((S9)/16777216),256)/2^1),2)*MOD(INT(MOD(INT((T9)/16777216),256)/2^1),2)*2+MOD(INT(MOD(INT((S9)/16777216),256)/2^2),2)*MOD(INT(MOD(INT((T9)/16777216),256)/2^2),2)*4+MOD(INT(MOD(INT((S9)/16777216),256)/2^3),2)*MOD(INT(MOD(INT((T9)/16777216),256)/2^3),2)*8+MOD(INT(MOD(INT((S9)/16777216),256)/2^4),2)*MOD(INT(MOD(INT((T9)/16777216),256)/2^4),2)*16+MOD(INT(MOD(INT((S9)/16777216),256)/2^5),2)*MOD(INT(MOD(INT((T9)/16777216),256)/2^5),2)*32+MOD(INT(MOD(INT((S9)/16777216),256)/2^6),2)*MOD(INT(MOD(INT((T9)/16777216),256)/2^6),2)*64+MOD(INT(MOD(INT((S9)/16777216),256)/2^7),2)*MOD(INT(MOD(INT((T9)/16777216),256)/2^7),2)*128)*16777216) -> 1612768074 | W9: =MOD(S9+T9-2*V9,4294967296) -> 526326837 | X9: =((MOD(INT(MOD(INT((W9)/1),256)/2^0),2)*MOD(INT(MOD(INT((U9)/1),256)/2^0),2)*1+MOD(INT(MOD(INT((W9)/1),256)/2^1),2)*MOD(INT(MOD(INT((U9)/1),256)/2^1),2)*2+MOD(INT(MOD(INT((W9)/1),256)/2^2),2)*MOD(INT(MOD(INT((U9)/1),256)/2^2),2)*4+MOD(INT(MOD(INT((W9)/1),256)/2^3),2)*MOD(INT(MOD(INT((U9)/1),256)/2^3),2)*8+MOD(INT(MOD(INT((W9)/1),256)/2^4),2)*MOD(INT(MOD(INT((U9)/1),256)/2^4),2)*16+MOD(INT(MOD(INT((W9)/1),256)/2^5),2)*MOD(INT(MOD(INT((U9)/1),256)/2^5),2)*32+MOD(INT(MOD(INT((W9)/1),256)/2^6),2)*MOD(INT(MOD(INT((U9)/1),256)/2^6),2)*64+MOD(INT(MOD(INT((W9)/1),256)/2^7),2)*MOD(INT(MOD(INT((U9)/1),256)/2^7),2)*128)*1+(MOD(INT(MOD(INT((W9)/256),256)/2^0),2)*MOD(INT(MOD(INT((U9)/256),256)/2^0),2)*1+MOD(INT(MOD(INT((W9)/256),256)/2^1),2)*MOD(INT(MOD(INT((U9)/256),256)/2^1),2)*2+MOD(INT(MOD(INT((W9)/256),256)/2^2),2)*MOD(INT(MOD(INT((U9)/256),256)/2^2),2)*4+MOD(INT(MOD(INT((W9)/256),256)/2^3),2)*MOD(INT(MOD(INT((U9)/256),256)/2^3),2)*8+MOD(INT(MOD(INT((W9)/256),256)/2^4),2)*MOD(INT(MOD(INT((U9)/256),256)/2^4),2)*16+MOD(INT(MOD(INT((W9)/256),256)/2^5),2)*MOD(INT(MOD(INT((U9)/256),256)/2^5),2)*32+MOD(INT(MOD(INT((W9)/256),256)/2^6),2)*MOD(INT(MOD(INT((U9)/256),256)/2^6),2)*64+MOD(INT(MOD(INT((W9)/256),256)/2^7),2)*MOD(INT(MOD(INT((U9)/256),256)/2^7),2)*128)*256+(MOD(INT(MOD(INT((W9)/65536),256)/2^0),2)*MOD(INT(MOD(INT((U9)/65536),256)/2^0),2)*1+MOD(INT(MOD(INT((W9)/65536),256)/2^1),2)*MOD(INT(MOD(INT((U9)/65536),256)/2^1),2)*2+MOD(INT(MOD(INT((W9)/65536),256)/2^2),2)*MOD(INT(MOD(INT((U9)/65536),256)/2^2),2)*4+MOD(INT(MOD(INT((W9)/65536),256)/2^3),2)*MOD(INT(MOD(INT((U9)/65536),256)/2^3),2)*8+MOD(INT(MOD(INT((W9)/65536),256)/2^4),2)*MOD(INT(MOD(INT((U9)/65536),256)/2^4),2)*16+MOD(INT(MOD(INT((W9)/65536),256)/2^5),2)*MOD(INT(MOD(INT((U9)/65536),256)/2^5),2)*32+MOD(INT(MOD(INT((W9)/65536),256)/2^6),2)*MOD(INT(MOD(INT((U9)/65536),256)/2^6),2)*64+MOD(INT(MOD(INT((W9)/65536),256)/2^7),2)*MOD(INT(MOD(INT((U9)/65536),256)/2^7),2)*128)*65536+(MOD(INT(MOD(INT((W9)/16777216),256)/2^0),2)*MOD(INT(MOD(INT((U9)/16777216),256)/2^0),2)*1+MOD(INT(MOD(INT((W9)/16777216),256)/2^1),2)*MOD(INT(MOD(INT((U9)/16777216),256)/2^1),2)*2+MOD(INT(MOD(INT((W9)/16777216),256)/2^2),2)*MOD(INT(MOD(INT((U9)/16777216),256)/2^2),2)*4+MOD(INT(MOD(INT((W9)/16777216),256)/2^3),2)*MOD(INT(MOD(INT((U9)/16777216),256)/2^3),2)*8+MOD(INT(MOD(INT((W9)/16777216),256)/2^4),2)*MOD(INT(MOD(INT((U9)/16777216),256)/2^4),2)*16+MOD(INT(MOD(INT((W9)/16777216),256)/2^5),2)*MOD(INT(MOD(INT((U9)/16777216),256)/2^5),2)*32+MOD(INT(MOD(INT((W9)/16777216),256)/2^6),2)*MOD(INT(MOD(INT((U9)/16777216),256)/2^6),2)*64+MOD(INT(MOD(INT((W9)/16777216),256)/2^7),2)*MOD(INT(MOD(INT((U9)/16777216),256)/2^7),2)*128)*16777216) -> 491588613 | Y9: =MOD(W9+U9-2*X9,4294967296) -> 3258110386 | Z9: =MOD(MOD(C8,2^2)*2^30+INT(C8/2^2),4294967296) -> 3517542461 | AA9: =MOD(MOD(C8,2^13)*2^19+INT(C8/2^13),4294967296) -> 129643822 | AB9: =MOD(MOD(C8,2^22)*2^10+INT(C8/2^22),4294967296) -> 2533612826 | AC9: =((MOD(INT(MOD(INT((Z9)/1),256)/2^0),2)*MOD(INT(MOD(INT((AA9)/1),256)/2^0),2)*1+MOD(INT(MOD(INT((Z9)/1),256)/2^1),2)*MOD(INT(MOD(INT((AA9)/1),256)/2^1),2)*2+MOD(INT(MOD(INT((Z9)/1),256)/2^2),2)*MOD(INT(MOD(INT((AA9)/1),256)/2^2),2)*4+MOD(INT(MOD(INT((Z9)/1),256)/2^3),2)*MOD(INT(MOD(INT((AA9)/1),256)/2^3),2)*8+MOD(INT(MOD(INT((Z9)/1),256)/2^4),2)*MOD(INT(MOD(INT((AA9)/1),256)/2^4),2)*16+MOD(INT(MOD(INT((Z9)/1),256)/2^5),2)*MOD(INT(MOD(INT((AA9)/1),256)/2^5),2)*32+MOD(INT(MOD(INT((Z9)/1),256)/2^6),2)*MOD(INT(MOD(INT((AA9)/1),256)/2^6),2)*64+MOD(INT(MOD(INT((Z9)/1),256)/2^7),2)*MOD(INT(MOD(INT((AA9)/1),256)/2^7),2)*128)*1+(MOD(INT(MOD(INT((Z9)/256),256)/2^0),2)*MOD(INT(MOD(INT((AA9)/256),256)/2^0),2)*1+MOD(INT(MOD(INT((Z9)/256),256)/2^1),2)*MOD(INT(MOD(INT((AA9)/256),256)/2^1),2)*2+MOD(INT(MOD(INT((Z9)/256),256)/2^2),2)*MOD(INT(MOD(INT((AA9)/256),256)/2^2),2)*4+MOD(INT(MOD(INT((Z9)/256),256)/2^3),2)*MOD(INT(MOD(INT((AA9)/256),256)/2^3),2)*8+MOD(INT(MOD(INT((Z9)/256),256)/2^4),2)*MOD(INT(MOD(INT((AA9)/256),256)/2^4),2)*16+MOD(INT(MOD(INT((Z9)/256),256)/2^5),2)*MOD(INT(MOD(INT((AA9)/256),256)/2^5),2)*32+MOD(INT(MOD(INT((Z9)/256),256)/2^6),2)*MOD(INT(MOD(INT((AA9)/256),256)/2^6),2)*64+MOD(INT(MOD(INT((Z9)/256),256)/2^7),2)*MOD(INT(MOD(INT((AA9)/256),256)/2^7),2)*128)*256+(MOD(INT(MOD(INT((Z9)/65536),256)/2^0),2)*MOD(INT(MOD(INT((AA9)/65536),256)/2^0),2)*1+MOD(INT(MOD(INT((Z9)/65536),256)/2^1),2)*MOD(INT(MOD(INT((AA9)/65536),256)/2^1),2)*2+MOD(INT(MOD(INT((Z9)/65536),256)/2^2),2)*MOD(INT(MOD(INT((AA9)/65536),256)/2^2),2)*4+MOD(INT(MOD(INT((Z9)/65536),256)/2^3),2)*MOD(INT(MOD(INT((AA9)/65536),256)/2^3),2)*8+MOD(INT(MOD(INT((Z9)/65536),256)/2^4),2)*MOD(INT(MOD(INT((AA9)/65536),256)/2^4),2)*16+MOD(INT(MOD(INT((Z9)/65536),256)/2^5),2)*MOD(INT(MOD(INT((AA9)/65536),256)/2^5),2)*32+MOD(INT(MOD(INT((Z9)/65536),256)/2^6),2)*MOD(INT(MOD(INT((AA9)/65536),256)/2^6),2)*64+MOD(INT(MOD(INT((Z9)/65536),256)/2^7),2)*MOD(INT(MOD(INT((AA9)/65536),256)/2^7),2)*128)*65536+(MOD(INT(MOD(INT((Z9)/16777216),256)/2^0),2)*MOD(INT(MOD(INT((AA9)/16777216),256)/2^0),2)*1+MOD(INT(MOD(INT((Z9)/16777216),256)/2^1),2)*MOD(INT(MOD(INT((AA9)/16777216),256)/2^1),2)*2+MOD(INT(MOD(INT((Z9)/16777216),256)/2^2),2)*MOD(INT(MOD(INT((AA9)/16777216),256)/2^2),2)*4+MOD(INT(MOD(INT((Z9)/16777216),256)/2^3),2)*MOD(INT(MOD(INT((AA9)/16777216),256)/2^3),2)*8+MOD(INT(MOD(INT((Z9)/16777216),256)/2^4),2)*MOD(INT(MOD(INT((AA9)/16777216),256)/2^4),2)*16+MOD(INT(MOD(INT((Z9)/16777216),256)/2^5),2)*MOD(INT(MOD(INT((AA9)/16777216),256)/2^5),2)*32+MOD(INT(MOD(INT((Z9)/16777216),256)/2^6),2)*MOD(INT(MOD(INT((AA9)/16777216),256)/2^6),2)*64+MOD(INT(MOD(INT((Z9)/16777216),256)/2^7),2)*MOD(INT(MOD(INT((AA9)/16777216),256)/2^7),2)*128)*16777216) -> 27799596 | AD9: =MOD(Z9+AA9-2*AC9,4294967296) -> 3591587091 | AE9: =((MOD(INT(MOD(INT((AD9)/1),256)/2^0),2)*MOD(INT(MOD(INT((AB9)/1),256)/2^0),2)*1+MOD(INT(MOD(INT((AD9)/1),256)/2^1),2)*MOD(INT(MOD(INT((AB9)/1),256)/2^1),2)*2+MOD(INT(MOD(INT((AD9)/1),256)/2^2),2)*MOD(INT(MOD(INT((AB9)/1),256)/2^2),2)*4+MOD(INT(MOD(INT((AD9)/1),256)/2^3),2)*MOD(INT(MOD(INT((AB9)/1),256)/2^3),2)*8+MOD(INT(MOD(INT((AD9)/1),256)/2^4),2)*MOD(INT(MOD(INT((AB9)/1),256)/2^4),2)*16+MOD(INT(MOD(INT((AD9)/1),256)/2^5),2)*MOD(INT(MOD(INT((AB9)/1),256)/2^5),2)*32+MOD(INT(MOD(INT((AD9)/1),256)/2^6),2)*MOD(INT(MOD(INT((AB9)/1),256)/2^6),2)*64+MOD(INT(MOD(INT((AD9)/1),256)/2^7),2)*MOD(INT(MOD(INT((AB9)/1),256)/2^7),2)*128)*1+(MOD(INT(MOD(INT((AD9)/256),256)/2^0),2)*MOD(INT(MOD(INT((AB9)/256),256)/2^0),2)*1+MOD(INT(MOD(INT((AD9)/256),256)/2^1),2)*MOD(INT(MOD(INT((AB9)/256),256)/2^1),2)*2+MOD(INT(MOD(INT((AD9)/256),256)/2^2),2)*MOD(INT(MOD(INT((AB9)/256),256)/2^2),2)*4+MOD(INT(MOD(INT((AD9)/256),256)/2^3),2)*MOD(INT(MOD(INT((AB9)/256),256)/2^3),2)*8+MOD(INT(MOD(INT((AD9)/256),256)/2^4),2)*MOD(INT(MOD(INT((AB9)/256),256)/2^4),2)*16+MOD(INT(MOD(INT((AD9)/256),256)/2^5),2)*MOD(INT(MOD(INT((AB9)/256),256)/2^5),2)*32+MOD(INT(MOD(INT((AD9)/256),256)/2^6),2)*MOD(INT(MOD(INT((AB9)/256),256)/2^6),2)*64+MOD(INT(MOD(INT((AD9)/256),256)/2^7),2)*MOD(INT(MOD(INT((AB9)/256),256)/2^7),2)*128)*256+(MOD(INT(MOD(INT((AD9)/65536),256)/2^0),2)*MOD(INT(MOD(INT((AB9)/65536),256)/2^0),2)*1+MOD(INT(MOD(INT((AD9)/65536),256)/2^1),2)*MOD(INT(MOD(INT((AB9)/65536),256)/2^1),2)*2+MOD(INT(MOD(INT((AD9)/65536),256)/2^2),2)*MOD(INT(MOD(INT((AB9)/65536),256)/2^2),2)*4+MOD(INT(MOD(INT((AD9)/65536),256)/2^3),2)*MOD(INT(MOD(INT((AB9)/65536),256)/2^3),2)*8+MOD(INT(MOD(INT((AD9)/65536),256)/2^4),2)*MOD(INT(MOD(INT((AB9)/65536),256)/2^4),2)*16+MOD(INT(MOD(INT((AD9)/65536),256)/2^5),2)*MOD(INT(MOD(INT((AB9)/65536),256)/2^5),2)*32+MOD(INT(MOD(INT((AD9)/65536),256)/2^6),2)*MOD(INT(MOD(INT((AB9)/65536),256)/2^6),2)*64+MOD(INT(MOD(INT((AD9)/65536),256)/2^7),2)*MOD(INT(MOD(INT((AB9)/65536),256)/2^7),2)*128)*65536+(MOD(INT(MOD(INT((AD9)/16777216),256)/2^0),2)*MOD(INT(MOD(INT((AB9)/16777216),256)/2^0),2)*1+MOD(INT(MOD(INT((AD9)/16777216),256)/2^1),2)*MOD(INT(MOD(INT((AB9)/16777216),256)/2^1),2)*2+MOD(INT(MOD(INT((AD9)/16777216),256)/2^2),2)*MOD(INT(MOD(INT((AB9)/16777216),256)/2^2),2)*4+MOD(INT(MOD(INT((AD9)/16777216),256)/2^3),2)*MOD(INT(MOD(INT((AB9)/16777216),256)/2^3),2)*8+MOD(INT(MOD(INT((AD9)/16777216),256)/2^4),2)*MOD(INT(MOD(INT((AB9)/16777216),256)/2^4),2)*16+MOD(INT(MOD(INT((AD9)/16777216),256)/2^5),2)*MOD(INT(MOD(INT((AB9)/16777216),256)/2^5),2)*32+MOD(INT(MOD(INT((AD9)/16777216),256)/2^6),2)*MOD(INT(MOD(INT((AB9)/16777216),256)/2^6),2)*64+MOD(INT(MOD(INT((AD9)/16777216),256)/2^7),2)*MOD(INT(MOD(INT((AB9)/16777216),256)/2^7),2)*128)*16777216) -> 2516796690 | AF9: =MOD(AD9+AB9-2*AE9,4294967296) -> 1091606537 | AG9: =MOD(J8+Y9+M9+'📦 SHA-256 Constants'!C7+AN8,4294967296) -> 68456299 | AH9: =MOD(AF9+R9,4294967296) -> 2772338942 | AI9: =AN8 -> 0 | AJ9: ='📦 SHA-256 Constants'!C7 -> 3921009573 | AK9: step=4 W[3] | AM9: 4 | AN9: =(0)*16777216+(0)*65536+(0)*256+(0) -> 0 | AO9: — | AP9: — | AQ9: — | AR9: — | AS9: — | AT9: — | AU9: —
B10: 5 | C10: =MOD(AG10+AH10,4294967296) -> 3422192454 | D10: =C9 -> 2840795241 | E10: =D9 -> 1185267959 | F10: =E9 -> 2686139092 | G10: =MOD(F9+AG10,4294967296) -> 2866623715 | H10: =G9 -> 1847490002 | I10: =H9 -> 263904155 | J10: =I9 -> 655985617 | K10: =((MOD(INT(MOD(INT((G9)/1),256)/2^0),2)*MOD(INT(MOD(INT((H9)/1),256)/2^0),2)*1+MOD(INT(MOD(INT((G9)/1),256)/2^1),2)*MOD(INT(MOD(INT((H9)/1),256)/2^1),2)*2+MOD(INT(MOD(INT((G9)/1),256)/2^2),2)*MOD(INT(MOD(INT((H9)/1),256)/2^2),2)*4+MOD(INT(MOD(INT((G9)/1),256)/2^3),2)*MOD(INT(MOD(INT((H9)/1),256)/2^3),2)*8+MOD(INT(MOD(INT((G9)/1),256)/2^4),2)*MOD(INT(MOD(INT((H9)/1),256)/2^4),2)*16+MOD(INT(MOD(INT((G9)/1),256)/2^5),2)*MOD(INT(MOD(INT((H9)/1),256)/2^5),2)*32+MOD(INT(MOD(INT((G9)/1),256)/2^6),2)*MOD(INT(MOD(INT((H9)/1),256)/2^6),2)*64+MOD(INT(MOD(INT((G9)/1),256)/2^7),2)*MOD(INT(MOD(INT((H9)/1),256)/2^7),2)*128)*1+(MOD(INT(MOD(INT((G9)/256),256)/2^0),2)*MOD(INT(MOD(INT((H9)/256),256)/2^0),2)*1+MOD(INT(MOD(INT((G9)/256),256)/2^1),2)*MOD(INT(MOD(INT((H9)/256),256)/2^1),2)*2+MOD(INT(MOD(INT((G9)/256),256)/2^2),2)*MOD(INT(MOD(INT((H9)/256),256)/2^2),2)*4+MOD(INT(MOD(INT((G9)/256),256)/2^3),2)*MOD(INT(MOD(INT((H9)/256),256)/2^3),2)*8+MOD(INT(MOD(INT((G9)/256),256)/2^4),2)*MOD(INT(MOD(INT((H9)/256),256)/2^4),2)*16+MOD(INT(MOD(INT((G9)/256),256)/2^5),2)*MOD(INT(MOD(INT((H9)/256),256)/2^5),2)*32+MOD(INT(MOD(INT((G9)/256),256)/2^6),2)*MOD(INT(MOD(INT((H9)/256),256)/2^6),2)*64+MOD(INT(MOD(INT((G9)/256),256)/2^7),2)*MOD(INT(MOD(INT((H9)/256),256)/2^7),2)*128)*256+(MOD(INT(MOD(INT((G9)/65536),256)/2^0),2)*MOD(INT(MOD(INT((H9)/65536),256)/2^0),2)*1+MOD(INT(MOD(INT((G9)/65536),256)/2^1),2)*MOD(INT(MOD(INT((H9)/65536),256)/2^1),2)*2+MOD(INT(MOD(INT((G9)/65536),256)/2^2),2)*MOD(INT(MOD(INT((H9)/65536),256)/2^2),2)*4+MOD(INT(MOD(INT((G9)/65536),256)/2^3),2)*MOD(INT(MOD(INT((H9)/65536),256)/2^3),2)*8+MOD(INT(MOD(INT((G9)/65536),256)/2^4),2)*MOD(INT(MOD(INT((H9)/65536),256)/2^4),2)*16+MOD(INT(MOD(INT((G9)/65536),256)/2^5),2)*MOD(INT(MOD(INT((H9)/65536),256)/2^5),2)*32+MOD(INT(MOD(INT((G9)/65536),256)/2^6),2)*MOD(INT(MOD(INT((H9)/65536),256)/2^6),2)*64+MOD(INT(MOD(INT((G9)/65536),256)/2^7),2)*MOD(INT(MOD(INT((H9)/65536),256)/2^7),2)*128)*65536+(MOD(INT(MOD(INT((G9)/16777216),256)/2^0),2)*MOD(INT(MOD(INT((H9)/16777216),256)/2^0),2)*1+MOD(INT(MOD(INT((G9)/16777216),256)/2^1),2)*MOD(INT(MOD(INT((H9)/16777216),256)/2^1),2)*2+MOD(INT(MOD(INT((G9)/16777216),256)/2^2),2)*MOD(INT(MOD(INT((H9)/16777216),256)/2^2),2)*4+MOD(INT(MOD(INT((G9)/16777216),256)/2^3),2)*MOD(INT(MOD(INT((H9)/16777216),256)/2^3),2)*8+MOD(INT(MOD(INT((G9)/16777216),256)/2^4),2)*MOD(INT(MOD(INT((H9)/16777216),256)/2^4),2)*16+MOD(INT(MOD(INT((G9)/16777216),256)/2^5),2)*MOD(INT(MOD(INT((H9)/16777216),256)/2^5),2)*32+MOD(INT(MOD(INT((G9)/16777216),256)/2^6),2)*MOD(INT(MOD(INT((H9)/16777216),256)/2^6),2)*64+MOD(INT(MOD(INT((G9)/16777216),256)/2^7),2)*MOD(INT(MOD(INT((H9)/16777216),256)/2^7),2)*128)*16777216) -> 236605842 | L10: =((MOD(INT(MOD(INT(((4294967295-G9))/1),256)/2^0),2)*MOD(INT(MOD(INT((I9)/1),256)/2^0),2)*1+MOD(INT(MOD(INT(((4294967295-G9))/1),256)/2^1),2)*MOD(INT(MOD(INT((I9)/1),256)/2^1),2)*2+MOD(INT(MOD(INT(((4294967295-G9))/1),256)/2^2),2)*MOD(INT(MOD(INT((I9)/1),256)/2^2),2)*4+MOD(INT(MOD(INT(((4294967295-G9))/1),256)/2^3),2)*MOD(INT(MOD(INT((I9)/1),256)/2^3),2)*8+MOD(INT(MOD(INT(((4294967295-G9))/1),256)/2^4),2)*MOD(INT(MOD(INT((I9)/1),256)/2^4),2)*16+MOD(INT(MOD(INT(((4294967295-G9))/1),256)/2^5),2)*MOD(INT(MOD(INT((I9)/1),256)/2^5),2)*32+MOD(INT(MOD(INT(((4294967295-G9))/1),256)/2^6),2)*MOD(INT(MOD(INT((I9)/1),256)/2^6),2)*64+MOD(INT(MOD(INT(((4294967295-G9))/1),256)/2^7),2)*MOD(INT(MOD(INT((I9)/1),256)/2^7),2)*128)*1+(MOD(INT(MOD(INT(((4294967295-G9))/256),256)/2^0),2)*MOD(INT(MOD(INT((I9)/256),256)/2^0),2)*1+MOD(INT(MOD(INT(((4294967295-G9))/256),256)/2^1),2)*MOD(INT(MOD(INT((I9)/256),256)/2^1),2)*2+MOD(INT(MOD(INT(((4294967295-G9))/256),256)/2^2),2)*MOD(INT(MOD(INT((I9)/256),256)/2^2),2)*4+MOD(INT(MOD(INT(((4294967295-G9))/256),256)/2^3),2)*MOD(INT(MOD(INT((I9)/256),256)/2^3),2)*8+MOD(INT(MOD(INT(((4294967295-G9))/256),256)/2^4),2)*MOD(INT(MOD(INT((I9)/256),256)/2^4),2)*16+MOD(INT(MOD(INT(((4294967295-G9))/256),256)/2^5),2)*MOD(INT(MOD(INT((I9)/256),256)/2^5),2)*32+MOD(INT(MOD(INT(((4294967295-G9))/256),256)/2^6),2)*MOD(INT(MOD(INT((I9)/256),256)/2^6),2)*64+MOD(INT(MOD(INT(((4294967295-G9))/256),256)/2^7),2)*MOD(INT(MOD(INT((I9)/256),256)/2^7),2)*128)*256+(MOD(INT(MOD(INT(((4294967295-G9))/65536),256)/2^0),2)*MOD(INT(MOD(INT((I9)/65536),256)/2^0),2)*1+MOD(INT(MOD(INT(((4294967295-G9))/65536),256)/2^1),2)*MOD(INT(MOD(INT((I9)/65536),256)/2^1),2)*2+MOD(INT(MOD(INT(((4294967295-G9))/65536),256)/2^2),2)*MOD(INT(MOD(INT((I9)/65536),256)/2^2),2)*4+MOD(INT(MOD(INT(((4294967295-G9))/65536),256)/2^3),2)*MOD(INT(MOD(INT((I9)/65536),256)/2^3),2)*8+MOD(INT(MOD(INT(((4294967295-G9))/65536),256)/2^4),2)*MOD(INT(MOD(INT((I9)/65536),256)/2^4),2)*16+MOD(INT(MOD(INT(((4294967295-G9))/65536),256)/2^5),2)*MOD(INT(MOD(INT((I9)/65536),256)/2^5),2)*32+MOD(INT(MOD(INT(((4294967295-G9))/65536),256)/2^6),2)*MOD(INT(MOD(INT((I9)/65536),256)/2^6),2)*64+MOD(INT(MOD(INT(((4294967295-G9))/65536),256)/2^7),2)*MOD(INT(MOD(INT((I9)/65536),256)/2^7),2)*128)*65536+(MOD(INT(MOD(INT(((4294967295-G9))/16777216),256)/2^0),2)*MOD(INT(MOD(INT((I9)/16777216),256)/2^0),2)*1+MOD(INT(MOD(INT(((4294967295-G9))/16777216),256)/2^1),2)*MOD(INT(MOD(INT((I9)/16777216),256)/2^1),2)*2+MOD(INT(MOD(INT(((4294967295-G9))/16777216),256)/2^2),2)*MOD(INT(MOD(INT((I9)/16777216),256)/2^2),2)*4+MOD(INT(MOD(INT(((4294967295-G9))/16777216),256)/2^3),2)*MOD(INT(MOD(INT((I9)/16777216),256)/2^3),2)*8+MOD(INT(MOD(INT(((4294967295-G9))/16777216),256)/2^4),2)*MOD(INT(MOD(INT((I9)/16777216),256)/2^4),2)*16+MOD(INT(MOD(INT(((4294967295-G9))/16777216),256)/2^5),2)*MOD(INT(MOD(INT((I9)/16777216),256)/2^5),2)*32+MOD(INT(MOD(INT(((4294967295-G9))/16777216),256)/2^6),2)*MOD(INT(MOD(INT((I9)/16777216),256)/2^6),2)*64+MOD(INT(MOD(INT(((4294967295-G9))/16777216),256)/2^7),2)*MOD(INT(MOD(INT((I9)/16777216),256)/2^7),2)*128)*16777216) -> 16878081 | M10: =MOD(K10+L10,4294967296) -> 253483923 | N10: =((MOD(INT(MOD(INT((C9)/1),256)/2^0),2)*MOD(INT(MOD(INT((D9)/1),256)/2^0),2)*1+MOD(INT(MOD(INT((C9)/1),256)/2^1),2)*MOD(INT(MOD(INT((D9)/1),256)/2^1),2)*2+MOD(INT(MOD(INT((C9)/1),256)/2^2),2)*MOD(INT(MOD(INT((D9)/1),256)/2^2),2)*4+MOD(INT(MOD(INT((C9)/1),256)/2^3),2)*MOD(INT(MOD(INT((D9)/1),256)/2^3),2)*8+MOD(INT(MOD(INT((C9)/1),256)/2^4),2)*MOD(INT(MOD(INT((D9)/1),256)/2^4),2)*16+MOD(INT(MOD(INT((C9)/1),256)/2^5),2)*MOD(INT(MOD(INT((D9)/1),256)/2^5),2)*32+MOD(INT(MOD(INT((C9)/1),256)/2^6),2)*MOD(INT(MOD(INT((D9)/1),256)/2^6),2)*64+MOD(INT(MOD(INT((C9)/1),256)/2^7),2)*MOD(INT(MOD(INT((D9)/1),256)/2^7),2)*128)*1+(MOD(INT(MOD(INT((C9)/256),256)/2^0),2)*MOD(INT(MOD(INT((D9)/256),256)/2^0),2)*1+MOD(INT(MOD(INT((C9)/256),256)/2^1),2)*MOD(INT(MOD(INT((D9)/256),256)/2^1),2)*2+MOD(INT(MOD(INT((C9)/256),256)/2^2),2)*MOD(INT(MOD(INT((D9)/256),256)/2^2),2)*4+MOD(INT(MOD(INT((C9)/256),256)/2^3),2)*MOD(INT(MOD(INT((D9)/256),256)/2^3),2)*8+MOD(INT(MOD(INT((C9)/256),256)/2^4),2)*MOD(INT(MOD(INT((D9)/256),256)/2^4),2)*16+MOD(INT(MOD(INT((C9)/256),256)/2^5),2)*MOD(INT(MOD(INT((D9)/256),256)/2^5),2)*32+MOD(INT(MOD(INT((C9)/256),256)/2^6),2)*MOD(INT(MOD(INT((D9)/256),256)/2^6),2)*64+MOD(INT(MOD(INT((C9)/256),256)/2^7),2)*MOD(INT(MOD(INT((D9)/256),256)/2^7),2)*128)*256+(MOD(INT(MOD(INT((C9)/65536),256)/2^0),2)*MOD(INT(MOD(INT((D9)/65536),256)/2^0),2)*1+MOD(INT(MOD(INT((C9)/65536),256)/2^1),2)*MOD(INT(MOD(INT((D9)/65536),256)/2^1),2)*2+MOD(INT(MOD(INT((C9)/65536),256)/2^2),2)*MOD(INT(MOD(INT((D9)/65536),256)/2^2),2)*4+MOD(INT(MOD(INT((C9)/65536),256)/2^3),2)*MOD(INT(MOD(INT((D9)/65536),256)/2^3),2)*8+MOD(INT(MOD(INT((C9)/65536),256)/2^4),2)*MOD(INT(MOD(INT((D9)/65536),256)/2^4),2)*16+MOD(INT(MOD(INT((C9)/65536),256)/2^5),2)*MOD(INT(MOD(INT((D9)/65536),256)/2^5),2)*32+MOD(INT(MOD(INT((C9)/65536),256)/2^6),2)*MOD(INT(MOD(INT((D9)/65536),256)/2^6),2)*64+MOD(INT(MOD(INT((C9)/65536),256)/2^7),2)*MOD(INT(MOD(INT((D9)/65536),256)/2^7),2)*128)*65536+(MOD(INT(MOD(INT((C9)/16777216),256)/2^0),2)*MOD(INT(MOD(INT((D9)/16777216),256)/2^0),2)*1+MOD(INT(MOD(INT((C9)/16777216),256)/2^1),2)*MOD(INT(MOD(INT((D9)/16777216),256)/2^1),2)*2+MOD(INT(MOD(INT((C9)/16777216),256)/2^2),2)*MOD(INT(MOD(INT((D9)/16777216),256)/2^2),2)*4+MOD(INT(MOD(INT((C9)/16777216),256)/2^3),2)*MOD(INT(MOD(INT((D9)/16777216),256)/2^3),2)*8+MOD(INT(MOD(INT((C9)/16777216),256)/2^4),2)*MOD(INT(MOD(INT((D9)/16777216),256)/2^4),2)*16+MOD(INT(MOD(INT((C9)/16777216),256)/2^5),2)*MOD(INT(MOD(INT((D9)/16777216),256)/2^5),2)*32+MOD(INT(MOD(INT((C9)/16777216),256)/2^6),2)*MOD(INT(MOD(INT((D9)/16777216),256)/2^6),2)*64+MOD(INT(MOD(INT((C9)/16777216),256)/2^7),2)*MOD(INT(MOD(INT((D9)/16777216),256)/2^7),2)*128)*16777216) -> 65633 | O10: =((MOD(INT(MOD(INT((C9)/1),256)/2^0),2)*MOD(INT(MOD(INT((E9)/1),256)/2^0),2)*1+MOD(INT(MOD(INT((C9)/1),256)/2^1),2)*MOD(INT(MOD(INT((E9)/1),256)/2^1),2)*2+MOD(INT(MOD(INT((C9)/1),256)/2^2),2)*MOD(INT(MOD(INT((E9)/1),256)/2^2),2)*4+MOD(INT(MOD(INT((C9)/1),256)/2^3),2)*MOD(INT(MOD(INT((E9)/1),256)/2^3),2)*8+MOD(INT(MOD(INT((C9)/1),256)/2^4),2)*MOD(INT(MOD(INT((E9)/1),256)/2^4),2)*16+MOD(INT(MOD(INT((C9)/1),256)/2^5),2)*MOD(INT(MOD(INT((E9)/1),256)/2^5),2)*32+MOD(INT(MOD(INT((C9)/1),256)/2^6),2)*MOD(INT(MOD(INT((E9)/1),256)/2^6),2)*64+MOD(INT(MOD(INT((C9)/1),256)/2^7),2)*MOD(INT(MOD(INT((E9)/1),256)/2^7),2)*128)*1+(MOD(INT(MOD(INT((C9)/256),256)/2^0),2)*MOD(INT(MOD(INT((E9)/256),256)/2^0),2)*1+MOD(INT(MOD(INT((C9)/256),256)/2^1),2)*MOD(INT(MOD(INT((E9)/256),256)/2^1),2)*2+MOD(INT(MOD(INT((C9)/256),256)/2^2),2)*MOD(INT(MOD(INT((E9)/256),256)/2^2),2)*4+MOD(INT(MOD(INT((C9)/256),256)/2^3),2)*MOD(INT(MOD(INT((E9)/256),256)/2^3),2)*8+MOD(INT(MOD(INT((C9)/256),256)/2^4),2)*MOD(INT(MOD(INT((E9)/256),256)/2^4),2)*16+MOD(INT(MOD(INT((C9)/256),256)/2^5),2)*MOD(INT(MOD(INT((E9)/256),256)/2^5),2)*32+MOD(INT(MOD(INT((C9)/256),256)/2^6),2)*MOD(INT(MOD(INT((E9)/256),256)/2^6),2)*64+MOD(INT(MOD(INT((C9)/256),256)/2^7),2)*MOD(INT(MOD(INT((E9)/256),256)/2^7),2)*128)*256+(MOD(INT(MOD(INT((C9)/65536),256)/2^0),2)*MOD(INT(MOD(INT((E9)/65536),256)/2^0),2)*1+MOD(INT(MOD(INT((C9)/65536),256)/2^1),2)*MOD(INT(MOD(INT((E9)/65536),256)/2^1),2)*2+MOD(INT(MOD(INT((C9)/65536),256)/2^2),2)*MOD(INT(MOD(INT((E9)/65536),256)/2^2),2)*4+MOD(INT(MOD(INT((C9)/65536),256)/2^3),2)*MOD(INT(MOD(INT((E9)/65536),256)/2^3),2)*8+MOD(INT(MOD(INT((C9)/65536),256)/2^4),2)*MOD(INT(MOD(INT((E9)/65536),256)/2^4),2)*16+MOD(INT(MOD(INT((C9)/65536),256)/2^5),2)*MOD(INT(MOD(INT((E9)/65536),256)/2^5),2)*32+MOD(INT(MOD(INT((C9)/65536),256)/2^6),2)*MOD(INT(MOD(INT((E9)/65536),256)/2^6),2)*64+MOD(INT(MOD(INT((C9)/65536),256)/2^7),2)*MOD(INT(MOD(INT((E9)/65536),256)/2^7),2)*128)*65536+(MOD(INT(MOD(INT((C9)/16777216),256)/2^0),2)*MOD(INT(MOD(INT((E9)/16777216),256)/2^0),2)*1+MOD(INT(MOD(INT((C9)/16777216),256)/2^1),2)*MOD(INT(MOD(INT((E9)/16777216),256)/2^1),2)*2+MOD(INT(MOD(INT((C9)/16777216),256)/2^2),2)*MOD(INT(MOD(INT((E9)/16777216),256)/2^2),2)*4+MOD(INT(MOD(INT((C9)/16777216),256)/2^3),2)*MOD(INT(MOD(INT((E9)/16777216),256)/2^3),2)*8+MOD(INT(MOD(INT((C9)/16777216),256)/2^4),2)*MOD(INT(MOD(INT((E9)/16777216),256)/2^4),2)*16+MOD(INT(MOD(INT((C9)/16777216),256)/2^5),2)*MOD(INT(MOD(INT((E9)/16777216),256)/2^5),2)*32+MOD(INT(MOD(INT((C9)/16777216),256)/2^6),2)*MOD(INT(MOD(INT((E9)/16777216),256)/2^6),2)*64+MOD(INT(MOD(INT((C9)/16777216),256)/2^7),2)*MOD(INT(MOD(INT((E9)/16777216),256)/2^7),2)*128)*16777216) -> 2685605952 | P10: =((MOD(INT(MOD(INT((D9)/1),256)/2^0),2)*MOD(INT(MOD(INT((E9)/1),256)/2^0),2)*1+MOD(INT(MOD(INT((D9)/1),256)/2^1),2)*MOD(INT(MOD(INT((E9)/1),256)/2^1),2)*2+MOD(INT(MOD(INT((D9)/1),256)/2^2),2)*MOD(INT(MOD(INT((E9)/1),256)/2^2),2)*4+MOD(INT(MOD(INT((D9)/1),256)/2^3),2)*MOD(INT(MOD(INT((E9)/1),256)/2^3),2)*8+MOD(INT(MOD(INT((D9)/1),256)/2^4),2)*MOD(INT(MOD(INT((E9)/1),256)/2^4),2)*16+MOD(INT(MOD(INT((D9)/1),256)/2^5),2)*MOD(INT(MOD(INT((E9)/1),256)/2^5),2)*32+MOD(INT(MOD(INT((D9)/1),256)/2^6),2)*MOD(INT(MOD(INT((E9)/1),256)/2^6),2)*64+MOD(INT(MOD(INT((D9)/1),256)/2^7),2)*MOD(INT(MOD(INT((E9)/1),256)/2^7),2)*128)*1+(MOD(INT(MOD(INT((D9)/256),256)/2^0),2)*MOD(INT(MOD(INT((E9)/256),256)/2^0),2)*1+MOD(INT(MOD(INT((D9)/256),256)/2^1),2)*MOD(INT(MOD(INT((E9)/256),256)/2^1),2)*2+MOD(INT(MOD(INT((D9)/256),256)/2^2),2)*MOD(INT(MOD(INT((E9)/256),256)/2^2),2)*4+MOD(INT(MOD(INT((D9)/256),256)/2^3),2)*MOD(INT(MOD(INT((E9)/256),256)/2^3),2)*8+MOD(INT(MOD(INT((D9)/256),256)/2^4),2)*MOD(INT(MOD(INT((E9)/256),256)/2^4),2)*16+MOD(INT(MOD(INT((D9)/256),256)/2^5),2)*MOD(INT(MOD(INT((E9)/256),256)/2^5),2)*32+MOD(INT(MOD(INT((D9)/256),256)/2^6),2)*MOD(INT(MOD(INT((E9)/256),256)/2^6),2)*64+MOD(INT(MOD(INT((D9)/256),256)/2^7),2)*MOD(INT(MOD(INT((E9)/256),256)/2^7),2)*128)*256+(MOD(INT(MOD(INT((D9)/65536),256)/2^0),2)*MOD(INT(MOD(INT((E9)/65536),256)/2^0),2)*1+MOD(INT(MOD(INT((D9)/65536),256)/2^1),2)*MOD(INT(MOD(INT((E9)/65536),256)/2^1),2)*2+MOD(INT(MOD(INT((D9)/65536),256)/2^2),2)*MOD(INT(MOD(INT((E9)/65536),256)/2^2),2)*4+MOD(INT(MOD(INT((D9)/65536),256)/2^3),2)*MOD(INT(MOD(INT((E9)/65536),256)/2^3),2)*8+MOD(INT(MOD(INT((D9)/65536),256)/2^4),2)*MOD(INT(MOD(INT((E9)/65536),256)/2^4),2)*16+MOD(INT(MOD(INT((D9)/65536),256)/2^5),2)*MOD(INT(MOD(INT((E9)/65536),256)/2^5),2)*32+MOD(INT(MOD(INT((D9)/65536),256)/2^6),2)*MOD(INT(MOD(INT((E9)/65536),256)/2^6),2)*64+MOD(INT(MOD(INT((D9)/65536),256)/2^7),2)*MOD(INT(MOD(INT((E9)/65536),256)/2^7),2)*128)*65536+(MOD(INT(MOD(INT((D9)/16777216),256)/2^0),2)*MOD(INT(MOD(INT((E9)/16777216),256)/2^0),2)*1+MOD(INT(MOD(INT((D9)/16777216),256)/2^1),2)*MOD(INT(MOD(INT((E9)/16777216),256)/2^1),2)*2+MOD(INT(MOD(INT((D9)/16777216),256)/2^2),2)*MOD(INT(MOD(INT((E9)/16777216),256)/2^2),2)*4+MOD(INT(MOD(INT((D9)/16777216),256)/2^3),2)*MOD(INT(MOD(INT((E9)/16777216),256)/2^3),2)*8+MOD(INT(MOD(INT((D9)/16777216),256)/2^4),2)*MOD(INT(MOD(INT((E9)/16777216),256)/2^4),2)*16+MOD(INT(MOD(INT((D9)/16777216),256)/2^5),2)*MOD(INT(MOD(INT((E9)/16777216),256)/2^5),2)*32+MOD(INT(MOD(INT((D9)/16777216),256)/2^6),2)*MOD(INT(MOD(INT((E9)/16777216),256)/2^6),2)*64+MOD(INT(MOD(INT((D9)/16777216),256)/2^7),2)*MOD(INT(MOD(INT((E9)/16777216),256)/2^7),2)*128)*16777216) -> 65748 | Q10: =((MOD(INT(MOD(INT((N10)/1),256)/2^0),2)*MOD(INT(MOD(INT((P10)/1),256)/2^0),2)*1+MOD(INT(MOD(INT((N10)/1),256)/2^1),2)*MOD(INT(MOD(INT((P10)/1),256)/2^1),2)*2+MOD(INT(MOD(INT((N10)/1),256)/2^2),2)*MOD(INT(MOD(INT((P10)/1),256)/2^2),2)*4+MOD(INT(MOD(INT((N10)/1),256)/2^3),2)*MOD(INT(MOD(INT((P10)/1),256)/2^3),2)*8+MOD(INT(MOD(INT((N10)/1),256)/2^4),2)*MOD(INT(MOD(INT((P10)/1),256)/2^4),2)*16+MOD(INT(MOD(INT((N10)/1),256)/2^5),2)*MOD(INT(MOD(INT((P10)/1),256)/2^5),2)*32+MOD(INT(MOD(INT((N10)/1),256)/2^6),2)*MOD(INT(MOD(INT((P10)/1),256)/2^6),2)*64+MOD(INT(MOD(INT((N10)/1),256)/2^7),2)*MOD(INT(MOD(INT((P10)/1),256)/2^7),2)*128)*1+(MOD(INT(MOD(INT((N10)/256),256)/2^0),2)*MOD(INT(MOD(INT((P10)/256),256)/2^0),2)*1+MOD(INT(MOD(INT((N10)/256),256)/2^1),2)*MOD(INT(MOD(INT((P10)/256),256)/2^1),2)*2+MOD(INT(MOD(INT((N10)/256),256)/2^2),2)*MOD(INT(MOD(INT((P10)/256),256)/2^2),2)*4+MOD(INT(MOD(INT((N10)/256),256)/2^3),2)*MOD(INT(MOD(INT((P10)/256),256)/2^3),2)*8+MOD(INT(MOD(INT((N10)/256),256)/2^4),2)*MOD(INT(MOD(INT((P10)/256),256)/2^4),2)*16+MOD(INT(MOD(INT((N10)/256),256)/2^5),2)*MOD(INT(MOD(INT((P10)/256),256)/2^5),2)*32+MOD(INT(MOD(INT((N10)/256),256)/2^6),2)*MOD(INT(MOD(INT((P10)/256),256)/2^6),2)*64+MOD(INT(MOD(INT((N10)/256),256)/2^7),2)*MOD(INT(MOD(INT((P10)/256),256)/2^7),2)*128)*256+(MOD(INT(MOD(INT((N10)/65536),256)/2^0),2)*MOD(INT(MOD(INT((P10)/65536),256)/2^0),2)*1+MOD(INT(MOD(INT((N10)/65536),256)/2^1),2)*MOD(INT(MOD(INT((P10)/65536),256)/2^1),2)*2+MOD(INT(MOD(INT((N10)/65536),256)/2^2),2)*MOD(INT(MOD(INT((P10)/65536),256)/2^2),2)*4+MOD(INT(MOD(INT((N10)/65536),256)/2^3),2)*MOD(INT(MOD(INT((P10)/65536),256)/2^3),2)*8+MOD(INT(MOD(INT((N10)/65536),256)/2^4),2)*MOD(INT(MOD(INT((P10)/65536),256)/2^4),2)*16+MOD(INT(MOD(INT((N10)/65536),256)/2^5),2)*MOD(INT(MOD(INT((P10)/65536),256)/2^5),2)*32+MOD(INT(MOD(INT((N10)/65536),256)/2^6),2)*MOD(INT(MOD(INT((P10)/65536),256)/2^6),2)*64+MOD(INT(MOD(INT((N10)/65536),256)/2^7),2)*MOD(INT(MOD(INT((P10)/65536),256)/2^7),2)*128)*65536+(MOD(INT(MOD(INT((N10)/16777216),256)/2^0),2)*MOD(INT(MOD(INT((P10)/16777216),256)/2^0),2)*1+MOD(INT(MOD(INT((N10)/16777216),256)/2^1),2)*MOD(INT(MOD(INT((P10)/16777216),256)/2^1),2)*2+MOD(INT(MOD(INT((N10)/16777216),256)/2^2),2)*MOD(INT(MOD(INT((P10)/16777216),256)/2^2),2)*4+MOD(INT(MOD(INT((N10)/16777216),256)/2^3),2)*MOD(INT(MOD(INT((P10)/16777216),256)/2^3),2)*8+MOD(INT(MOD(INT((N10)/16777216),256)/2^4),2)*MOD(INT(MOD(INT((P10)/16777216),256)/2^4),2)*16+MOD(INT(MOD(INT((N10)/16777216),256)/2^5),2)*MOD(INT(MOD(INT((P10)/16777216),256)/2^5),2)*32+MOD(INT(MOD(INT((N10)/16777216),256)/2^6),2)*MOD(INT(MOD(INT((P10)/16777216),256)/2^6),2)*64+MOD(INT(MOD(INT((N10)/16777216),256)/2^7),2)*MOD(INT(MOD(INT((P10)/16777216),256)/2^7),2)*128)*16777216) -> 65600 | R10: =MOD(N10+O10+P10-2*Q10,4294967296) -> 2685606133 | S10: =MOD(MOD(G9,2^6)*2^26+INT(G9/2^6),4294967296) -> 1236826583 | T10: =MOD(MOD(G9,2^11)*2^21+INT(G9/2^11),4294967296) -> 3125658574 | U10: =MOD(MOD(G9,2^25)*2^7+INT(G9/2^25),4294967296) -> 255519031 | V10: =((MOD(INT(MOD(INT((S10)/1),256)/2^0),2)*MOD(INT(MOD(INT((T10)/1),256)/2^0),2)*1+MOD(INT(MOD(INT((S10)/1),256)/2^1),2)*MOD(INT(MOD(INT((T10)/1),256)/2^1),2)*2+MOD(INT(MOD(INT((S10)/1),256)/2^2),2)*MOD(INT(MOD(INT((T10)/1),256)/2^2),2)*4+MOD(INT(MOD(INT((S10)/1),256)/2^3),2)*MOD(INT(MOD(INT((T10)/1),256)/2^3),2)*8+MOD(INT(MOD(INT((S10)/1),256)/2^4),2)*MOD(INT(MOD(INT((T10)/1),256)/2^4),2)*16+MOD(INT(MOD(INT((S10)/1),256)/2^5),2)*MOD(INT(MOD(INT((T10)/1),256)/2^5),2)*32+MOD(INT(MOD(INT((S10)/1),256)/2^6),2)*MOD(INT(MOD(INT((T10)/1),256)/2^6),2)*64+MOD(INT(MOD(INT((S10)/1),256)/2^7),2)*MOD(INT(MOD(INT((T10)/1),256)/2^7),2)*128)*1+(MOD(INT(MOD(INT((S10)/256),256)/2^0),2)*MOD(INT(MOD(INT((T10)/256),256)/2^0),2)*1+MOD(INT(MOD(INT((S10)/256),256)/2^1),2)*MOD(INT(MOD(INT((T10)/256),256)/2^1),2)*2+MOD(INT(MOD(INT((S10)/256),256)/2^2),2)*MOD(INT(MOD(INT((T10)/256),256)/2^2),2)*4+MOD(INT(MOD(INT((S10)/256),256)/2^3),2)*MOD(INT(MOD(INT((T10)/256),256)/2^3),2)*8+MOD(INT(MOD(INT((S10)/256),256)/2^4),2)*MOD(INT(MOD(INT((T10)/256),256)/2^4),2)*16+MOD(INT(MOD(INT((S10)/256),256)/2^5),2)*MOD(INT(MOD(INT((T10)/256),256)/2^5),2)*32+MOD(INT(MOD(INT((S10)/256),256)/2^6),2)*MOD(INT(MOD(INT((T10)/256),256)/2^6),2)*64+MOD(INT(MOD(INT((S10)/256),256)/2^7),2)*MOD(INT(MOD(INT((T10)/256),256)/2^7),2)*128)*256+(MOD(INT(MOD(INT((S10)/65536),256)/2^0),2)*MOD(INT(MOD(INT((T10)/65536),256)/2^0),2)*1+MOD(INT(MOD(INT((S10)/65536),256)/2^1),2)*MOD(INT(MOD(INT((T10)/65536),256)/2^1),2)*2+MOD(INT(MOD(INT((S10)/65536),256)/2^2),2)*MOD(INT(MOD(INT((T10)/65536),256)/2^2),2)*4+MOD(INT(MOD(INT((S10)/65536),256)/2^3),2)*MOD(INT(MOD(INT((T10)/65536),256)/2^3),2)*8+MOD(INT(MOD(INT((S10)/65536),256)/2^4),2)*MOD(INT(MOD(INT((T10)/65536),256)/2^4),2)*16+MOD(INT(MOD(INT((S10)/65536),256)/2^5),2)*MOD(INT(MOD(INT((T10)/65536),256)/2^5),2)*32+MOD(INT(MOD(INT((S10)/65536),256)/2^6),2)*MOD(INT(MOD(INT((T10)/65536),256)/2^6),2)*64+MOD(INT(MOD(INT((S10)/65536),256)/2^7),2)*MOD(INT(MOD(INT((T10)/65536),256)/2^7),2)*128)*65536+(MOD(INT(MOD(INT((S10)/16777216),256)/2^0),2)*MOD(INT(MOD(INT((T10)/16777216),256)/2^0),2)*1+MOD(INT(MOD(INT((S10)/16777216),256)/2^1),2)*MOD(INT(MOD(INT((T10)/16777216),256)/2^1),2)*2+MOD(INT(MOD(INT((S10)/16777216),256)/2^2),2)*MOD(INT(MOD(INT((T10)/16777216),256)/2^2),2)*4+MOD(INT(MOD(INT((S10)/16777216),256)/2^3),2)*MOD(INT(MOD(INT((T10)/16777216),256)/2^3),2)*8+MOD(INT(MOD(INT((S10)/16777216),256)/2^4),2)*MOD(INT(MOD(INT((T10)/16777216),256)/2^4),2)*16+MOD(INT(MOD(INT((S10)/16777216),256)/2^5),2)*MOD(INT(MOD(INT((T10)/16777216),256)/2^5),2)*32+MOD(INT(MOD(INT((S10)/16777216),256)/2^6),2)*MOD(INT(MOD(INT((T10)/16777216),256)/2^6),2)*64+MOD(INT(MOD(INT((S10)/16777216),256)/2^7),2)*MOD(INT(MOD(INT((T10)/16777216),256)/2^7),2)*128)*16777216) -> 134758854 | W10: =MOD(S10+T10-2*V10,4294967296) -> 4092967449 | X10: =((MOD(INT(MOD(INT((W10)/1),256)/2^0),2)*MOD(INT(MOD(INT((U10)/1),256)/2^0),2)*1+MOD(INT(MOD(INT((W10)/1),256)/2^1),2)*MOD(INT(MOD(INT((U10)/1),256)/2^1),2)*2+MOD(INT(MOD(INT((W10)/1),256)/2^2),2)*MOD(INT(MOD(INT((U10)/1),256)/2^2),2)*4+MOD(INT(MOD(INT((W10)/1),256)/2^3),2)*MOD(INT(MOD(INT((U10)/1),256)/2^3),2)*8+MOD(INT(MOD(INT((W10)/1),256)/2^4),2)*MOD(INT(MOD(INT((U10)/1),256)/2^4),2)*16+MOD(INT(MOD(INT((W10)/1),256)/2^5),2)*MOD(INT(MOD(INT((U10)/1),256)/2^5),2)*32+MOD(INT(MOD(INT((W10)/1),256)/2^6),2)*MOD(INT(MOD(INT((U10)/1),256)/2^6),2)*64+MOD(INT(MOD(INT((W10)/1),256)/2^7),2)*MOD(INT(MOD(INT((U10)/1),256)/2^7),2)*128)*1+(MOD(INT(MOD(INT((W10)/256),256)/2^0),2)*MOD(INT(MOD(INT((U10)/256),256)/2^0),2)*1+MOD(INT(MOD(INT((W10)/256),256)/2^1),2)*MOD(INT(MOD(INT((U10)/256),256)/2^1),2)*2+MOD(INT(MOD(INT((W10)/256),256)/2^2),2)*MOD(INT(MOD(INT((U10)/256),256)/2^2),2)*4+MOD(INT(MOD(INT((W10)/256),256)/2^3),2)*MOD(INT(MOD(INT((U10)/256),256)/2^3),2)*8+MOD(INT(MOD(INT((W10)/256),256)/2^4),2)*MOD(INT(MOD(INT((U10)/256),256)/2^4),2)*16+MOD(INT(MOD(INT((W10)/256),256)/2^5),2)*MOD(INT(MOD(INT((U10)/256),256)/2^5),2)*32+MOD(INT(MOD(INT((W10)/256),256)/2^6),2)*MOD(INT(MOD(INT((U10)/256),256)/2^6),2)*64+MOD(INT(MOD(INT((W10)/256),256)/2^7),2)*MOD(INT(MOD(INT((U10)/256),256)/2^7),2)*128)*256+(MOD(INT(MOD(INT((W10)/65536),256)/2^0),2)*MOD(INT(MOD(INT((U10)/65536),256)/2^0),2)*1+MOD(INT(MOD(INT((W10)/65536),256)/2^1),2)*MOD(INT(MOD(INT((U10)/65536),256)/2^1),2)*2+MOD(INT(MOD(INT((W10)/65536),256)/2^2),2)*MOD(INT(MOD(INT((U10)/65536),256)/2^2),2)*4+MOD(INT(MOD(INT((W10)/65536),256)/2^3),2)*MOD(INT(MOD(INT((U10)/65536),256)/2^3),2)*8+MOD(INT(MOD(INT((W10)/65536),256)/2^4),2)*MOD(INT(MOD(INT((U10)/65536),256)/2^4),2)*16+MOD(INT(MOD(INT((W10)/65536),256)/2^5),2)*MOD(INT(MOD(INT((U10)/65536),256)/2^5),2)*32+MOD(INT(MOD(INT((W10)/65536),256)/2^6),2)*MOD(INT(MOD(INT((U10)/65536),256)/2^6),2)*64+MOD(INT(MOD(INT((W10)/65536),256)/2^7),2)*MOD(INT(MOD(INT((U10)/65536),256)/2^7),2)*128)*65536+(MOD(INT(MOD(INT((W10)/16777216),256)/2^0),2)*MOD(INT(MOD(INT((U10)/16777216),256)/2^0),2)*1+MOD(INT(MOD(INT((W10)/16777216),256)/2^1),2)*MOD(INT(MOD(INT((U10)/16777216),256)/2^1),2)*2+MOD(INT(MOD(INT((W10)/16777216),256)/2^2),2)*MOD(INT(MOD(INT((U10)/16777216),256)/2^2),2)*4+MOD(INT(MOD(INT((W10)/16777216),256)/2^3),2)*MOD(INT(MOD(INT((U10)/16777216),256)/2^3),2)*8+MOD(INT(MOD(INT((W10)/16777216),256)/2^4),2)*MOD(INT(MOD(INT((U10)/16777216),256)/2^4),2)*16+MOD(INT(MOD(INT((W10)/16777216),256)/2^5),2)*MOD(INT(MOD(INT((U10)/16777216),256)/2^5),2)*32+MOD(INT(MOD(INT((W10)/16777216),256)/2^6),2)*MOD(INT(MOD(INT((U10)/16777216),256)/2^6),2)*64+MOD(INT(MOD(INT((W10)/16777216),256)/2^7),2)*MOD(INT(MOD(INT((U10)/16777216),256)/2^7),2)*128)*16777216) -> 53520401 | Y10: =MOD(W10+U10-2*X10,4294967296) -> 4241445678 | Z10: =MOD(MOD(C9,2^2)*2^30+INT(C9/2^2),4294967296) -> 1783940634 | AA10: =MOD(MOD(C9,2^13)*2^19+INT(C9/2^13),4294967296) -> 3276622488 | AB10: =MOD(MOD(C9,2^22)*2^10+INT(C9/2^22),4294967296) -> 1281468069 | AC10: =((MOD(INT(MOD(INT((Z10)/1),256)/2^0),2)*MOD(INT(MOD(INT((AA10)/1),256)/2^0),2)*1+MOD(INT(MOD(INT((Z10)/1),256)/2^1),2)*MOD(INT(MOD(INT((AA10)/1),256)/2^1),2)*2+MOD(INT(MOD(INT((Z10)/1),256)/2^2),2)*MOD(INT(MOD(INT((AA10)/1),256)/2^2),2)*4+MOD(INT(MOD(INT((Z10)/1),256)/2^3),2)*MOD(INT(MOD(INT((AA10)/1),256)/2^3),2)*8+MOD(INT(MOD(INT((Z10)/1),256)/2^4),2)*MOD(INT(MOD(INT((AA10)/1),256)/2^4),2)*16+MOD(INT(MOD(INT((Z10)/1),256)/2^5),2)*MOD(INT(MOD(INT((AA10)/1),256)/2^5),2)*32+MOD(INT(MOD(INT((Z10)/1),256)/2^6),2)*MOD(INT(MOD(INT((AA10)/1),256)/2^6),2)*64+MOD(INT(MOD(INT((Z10)/1),256)/2^7),2)*MOD(INT(MOD(INT((AA10)/1),256)/2^7),2)*128)*1+(MOD(INT(MOD(INT((Z10)/256),256)/2^0),2)*MOD(INT(MOD(INT((AA10)/256),256)/2^0),2)*1+MOD(INT(MOD(INT((Z10)/256),256)/2^1),2)*MOD(INT(MOD(INT((AA10)/256),256)/2^1),2)*2+MOD(INT(MOD(INT((Z10)/256),256)/2^2),2)*MOD(INT(MOD(INT((AA10)/256),256)/2^2),2)*4+MOD(INT(MOD(INT((Z10)/256),256)/2^3),2)*MOD(INT(MOD(INT((AA10)/256),256)/2^3),2)*8+MOD(INT(MOD(INT((Z10)/256),256)/2^4),2)*MOD(INT(MOD(INT((AA10)/256),256)/2^4),2)*16+MOD(INT(MOD(INT((Z10)/256),256)/2^5),2)*MOD(INT(MOD(INT((AA10)/256),256)/2^5),2)*32+MOD(INT(MOD(INT((Z10)/256),256)/2^6),2)*MOD(INT(MOD(INT((AA10)/256),256)/2^6),2)*64+MOD(INT(MOD(INT((Z10)/256),256)/2^7),2)*MOD(INT(MOD(INT((AA10)/256),256)/2^7),2)*128)*256+(MOD(INT(MOD(INT((Z10)/65536),256)/2^0),2)*MOD(INT(MOD(INT((AA10)/65536),256)/2^0),2)*1+MOD(INT(MOD(INT((Z10)/65536),256)/2^1),2)*MOD(INT(MOD(INT((AA10)/65536),256)/2^1),2)*2+MOD(INT(MOD(INT((Z10)/65536),256)/2^2),2)*MOD(INT(MOD(INT((AA10)/65536),256)/2^2),2)*4+MOD(INT(MOD(INT((Z10)/65536),256)/2^3),2)*MOD(INT(MOD(INT((AA10)/65536),256)/2^3),2)*8+MOD(INT(MOD(INT((Z10)/65536),256)/2^4),2)*MOD(INT(MOD(INT((AA10)/65536),256)/2^4),2)*16+MOD(INT(MOD(INT((Z10)/65536),256)/2^5),2)*MOD(INT(MOD(INT((AA10)/65536),256)/2^5),2)*32+MOD(INT(MOD(INT((Z10)/65536),256)/2^6),2)*MOD(INT(MOD(INT((AA10)/65536),256)/2^6),2)*64+MOD(INT(MOD(INT((Z10)/65536),256)/2^7),2)*MOD(INT(MOD(INT((AA10)/65536),256)/2^7),2)*128)*65536+(MOD(INT(MOD(INT((Z10)/16777216),256)/2^0),2)*MOD(INT(MOD(INT((AA10)/16777216),256)/2^0),2)*1+MOD(INT(MOD(INT((Z10)/16777216),256)/2^1),2)*MOD(INT(MOD(INT((AA10)/16777216),256)/2^1),2)*2+MOD(INT(MOD(INT((Z10)/16777216),256)/2^2),2)*MOD(INT(MOD(INT((AA10)/16777216),256)/2^2),2)*4+MOD(INT(MOD(INT((Z10)/16777216),256)/2^3),2)*MOD(INT(MOD(INT((AA10)/16777216),256)/2^3),2)*8+MOD(INT(MOD(INT((Z10)/16777216),256)/2^4),2)*MOD(INT(MOD(INT((AA10)/16777216),256)/2^4),2)*16+MOD(INT(MOD(INT((Z10)/16777216),256)/2^5),2)*MOD(INT(MOD(INT((AA10)/16777216),256)/2^5),2)*32+MOD(INT(MOD(INT((Z10)/16777216),256)/2^6),2)*MOD(INT(MOD(INT((AA10)/16777216),256)/2^6),2)*64+MOD(INT(MOD(INT((Z10)/16777216),256)/2^7),2)*MOD(INT(MOD(INT((AA10)/16777216),256)/2^7),2)*128)*16777216) -> 1111769624 | AD10: =MOD(Z10+AA10-2*AC10,4294967296) -> 2837023874 | AE10: =((MOD(INT(MOD(INT((AD10)/1),256)/2^0),2)*MOD(INT(MOD(INT((AB10)/1),256)/2^0),2)*1+MOD(INT(MOD(INT((AD10)/1),256)/2^1),2)*MOD(INT(MOD(INT((AB10)/1),256)/2^1),2)*2+MOD(INT(MOD(INT((AD10)/1),256)/2^2),2)*MOD(INT(MOD(INT((AB10)/1),256)/2^2),2)*4+MOD(INT(MOD(INT((AD10)/1),256)/2^3),2)*MOD(INT(MOD(INT((AB10)/1),256)/2^3),2)*8+MOD(INT(MOD(INT((AD10)/1),256)/2^4),2)*MOD(INT(MOD(INT((AB10)/1),256)/2^4),2)*16+MOD(INT(MOD(INT((AD10)/1),256)/2^5),2)*MOD(INT(MOD(INT((AB10)/1),256)/2^5),2)*32+MOD(INT(MOD(INT((AD10)/1),256)/2^6),2)*MOD(INT(MOD(INT((AB10)/1),256)/2^6),2)*64+MOD(INT(MOD(INT((AD10)/1),256)/2^7),2)*MOD(INT(MOD(INT((AB10)/1),256)/2^7),2)*128)*1+(MOD(INT(MOD(INT((AD10)/256),256)/2^0),2)*MOD(INT(MOD(INT((AB10)/256),256)/2^0),2)*1+MOD(INT(MOD(INT((AD10)/256),256)/2^1),2)*MOD(INT(MOD(INT((AB10)/256),256)/2^1),2)*2+MOD(INT(MOD(INT((AD10)/256),256)/2^2),2)*MOD(INT(MOD(INT((AB10)/256),256)/2^2),2)*4+MOD(INT(MOD(INT((AD10)/256),256)/2^3),2)*MOD(INT(MOD(INT((AB10)/256),256)/2^3),2)*8+MOD(INT(MOD(INT((AD10)/256),256)/2^4),2)*MOD(INT(MOD(INT((AB10)/256),256)/2^4),2)*16+MOD(INT(MOD(INT((AD10)/256),256)/2^5),2)*MOD(INT(MOD(INT((AB10)/256),256)/2^5),2)*32+MOD(INT(MOD(INT((AD10)/256),256)/2^6),2)*MOD(INT(MOD(INT((AB10)/256),256)/2^6),2)*64+MOD(INT(MOD(INT((AD10)/256),256)/2^7),2)*MOD(INT(MOD(INT((AB10)/256),256)/2^7),2)*128)*256+(MOD(INT(MOD(INT((AD10)/65536),256)/2^0),2)*MOD(INT(MOD(INT((AB10)/65536),256)/2^0),2)*1+MOD(INT(MOD(INT((AD10)/65536),256)/2^1),2)*MOD(INT(MOD(INT((AB10)/65536),256)/2^1),2)*2+MOD(INT(MOD(INT((AD10)/65536),256)/2^2),2)*MOD(INT(MOD(INT((AB10)/65536),256)/2^2),2)*4+MOD(INT(MOD(INT((AD10)/65536),256)/2^3),2)*MOD(INT(MOD(INT((AB10)/65536),256)/2^3),2)*8+MOD(INT(MOD(INT((AD10)/65536),256)/2^4),2)*MOD(INT(MOD(INT((AB10)/65536),256)/2^4),2)*16+MOD(INT(MOD(INT((AD10)/65536),256)/2^5),2)*MOD(INT(MOD(INT((AB10)/65536),256)/2^5),2)*32+MOD(INT(MOD(INT((AD10)/65536),256)/2^6),2)*MOD(INT(MOD(INT((AB10)/65536),256)/2^6),2)*64+MOD(INT(MOD(INT((AD10)/65536),256)/2^7),2)*MOD(INT(MOD(INT((AB10)/65536),256)/2^7),2)*128)*65536+(MOD(INT(MOD(INT((AD10)/16777216),256)/2^0),2)*MOD(INT(MOD(INT((AB10)/16777216),256)/2^0),2)*1+MOD(INT(MOD(INT((AD10)/16777216),256)/2^1),2)*MOD(INT(MOD(INT((AB10)/16777216),256)/2^1),2)*2+MOD(INT(MOD(INT((AD10)/16777216),256)/2^2),2)*MOD(INT(MOD(INT((AB10)/16777216),256)/2^2),2)*4+MOD(INT(MOD(INT((AD10)/16777216),256)/2^3),2)*MOD(INT(MOD(INT((AB10)/16777216),256)/2^3),2)*8+MOD(INT(MOD(INT((AD10)/16777216),256)/2^4),2)*MOD(INT(MOD(INT((AB10)/16777216),256)/2^4),2)*16+MOD(INT(MOD(INT((AD10)/16777216),256)/2^5),2)*MOD(INT(MOD(INT((AB10)/16777216),256)/2^5),2)*32+MOD(INT(MOD(INT((AD10)/16777216),256)/2^6),2)*MOD(INT(MOD(INT((AB10)/16777216),256)/2^6),2)*64+MOD(INT(MOD(INT((AD10)/16777216),256)/2^7),2)*MOD(INT(MOD(INT((AB10)/16777216),256)/2^7),2)*128)*16777216) -> 134317184 | AF10: =MOD(AD10+AB10-2*AE10,4294967296) -> 3849857575 | AG10: =MOD(J9+Y10+M10+'📦 SHA-256 Constants'!C8+AN9,4294967296) -> 1181696042 | AH10: =MOD(AF10+R10,4294967296) -> 2240496412 | AI10: =AN9 -> 0 | AJ10: ='📦 SHA-256 Constants'!C8 -> 961987163 | AK10: step=5 W[4] | AM10: 5 | AN10: =(0)*16777216+(0)*65536+(0)*256+(0) -> 0 | AO10: — | AP10: — | AQ10: — | AR10: — | AS10: — | AT10: — | AU10: —
B11: 6 | C11: =MOD(AG11+AH11,4294967296) -> 994533581 | D11: =C10 -> 3422192454 | E11: =D10 -> 2840795241 | F11: =E10 -> 1185267959 | G11: =MOD(F10+AG11,4294967296) -> 3433641744 | H11: =G10 -> 2866623715 | I11: =H10 -> 1847490002 | J11: =I10 -> 263904155 | K11: =((MOD(INT(MOD(INT((G10)/1),256)/2^0),2)*MOD(INT(MOD(INT((H10)/1),256)/2^0),2)*1+MOD(INT(MOD(INT((G10)/1),256)/2^1),2)*MOD(INT(MOD(INT((H10)/1),256)/2^1),2)*2+MOD(INT(MOD(INT((G10)/1),256)/2^2),2)*MOD(INT(MOD(INT((H10)/1),256)/2^2),2)*4+MOD(INT(MOD(INT((G10)/1),256)/2^3),2)*MOD(INT(MOD(INT((H10)/1),256)/2^3),2)*8+MOD(INT(MOD(INT((G10)/1),256)/2^4),2)*MOD(INT(MOD(INT((H10)/1),256)/2^4),2)*16+MOD(INT(MOD(INT((G10)/1),256)/2^5),2)*MOD(INT(MOD(INT((H10)/1),256)/2^5),2)*32+MOD(INT(MOD(INT((G10)/1),256)/2^6),2)*MOD(INT(MOD(INT((H10)/1),256)/2^6),2)*64+MOD(INT(MOD(INT((G10)/1),256)/2^7),2)*MOD(INT(MOD(INT((H10)/1),256)/2^7),2)*128)*1+(MOD(INT(MOD(INT((G10)/256),256)/2^0),2)*MOD(INT(MOD(INT((H10)/256),256)/2^0),2)*1+MOD(INT(MOD(INT((G10)/256),256)/2^1),2)*MOD(INT(MOD(INT((H10)/256),256)/2^1),2)*2+MOD(INT(MOD(INT((G10)/256),256)/2^2),2)*MOD(INT(MOD(INT((H10)/256),256)/2^2),2)*4+MOD(INT(MOD(INT((G10)/256),256)/2^3),2)*MOD(INT(MOD(INT((H10)/256),256)/2^3),2)*8+MOD(INT(MOD(INT((G10)/256),256)/2^4),2)*MOD(INT(MOD(INT((H10)/256),256)/2^4),2)*16+MOD(INT(MOD(INT((G10)/256),256)/2^5),2)*MOD(INT(MOD(INT((H10)/256),256)/2^5),2)*32+MOD(INT(MOD(INT((G10)/256),256)/2^6),2)*MOD(INT(MOD(INT((H10)/256),256)/2^6),2)*64+MOD(INT(MOD(INT((G10)/256),256)/2^7),2)*MOD(INT(MOD(INT((H10)/256),256)/2^7),2)*128)*256+(MOD(INT(MOD(INT((G10)/65536),256)/2^0),2)*MOD(INT(MOD(INT((H10)/65536),256)/2^0),2)*1+MOD(INT(MOD(INT((G10)/65536),256)/2^1),2)*MOD(INT(MOD(INT((H10)/65536),256)/2^1),2)*2+MOD(INT(MOD(INT((G10)/65536),256)/2^2),2)*MOD(INT(MOD(INT((H10)/65536),256)/2^2),2)*4+MOD(INT(MOD(INT((G10)/65536),256)/2^3),2)*MOD(INT(MOD(INT((H10)/65536),256)/2^3),2)*8+MOD(INT(MOD(INT((G10)/65536),256)/2^4),2)*MOD(INT(MOD(INT((H10)/65536),256)/2^4),2)*16+MOD(INT(MOD(INT((G10)/65536),256)/2^5),2)*MOD(INT(MOD(INT((H10)/65536),256)/2^5),2)*32+MOD(INT(MOD(INT((G10)/65536),256)/2^6),2)*MOD(INT(MOD(INT((H10)/65536),256)/2^6),2)*64+MOD(INT(MOD(INT((G10)/65536),256)/2^7),2)*MOD(INT(MOD(INT((H10)/65536),256)/2^7),2)*128)*65536+(MOD(INT(MOD(INT((G10)/16777216),256)/2^0),2)*MOD(INT(MOD(INT((H10)/16777216),256)/2^0),2)*1+MOD(INT(MOD(INT((G10)/16777216),256)/2^1),2)*MOD(INT(MOD(INT((H10)/16777216),256)/2^1),2)*2+MOD(INT(MOD(INT((G10)/16777216),256)/2^2),2)*MOD(INT(MOD(INT((H10)/16777216),256)/2^2),2)*4+MOD(INT(MOD(INT((G10)/16777216),256)/2^3),2)*MOD(INT(MOD(INT((H10)/16777216),256)/2^3),2)*8+MOD(INT(MOD(INT((G10)/16777216),256)/2^4),2)*MOD(INT(MOD(INT((H10)/16777216),256)/2^4),2)*16+MOD(INT(MOD(INT((G10)/16777216),256)/2^5),2)*MOD(INT(MOD(INT((H10)/16777216),256)/2^5),2)*32+MOD(INT(MOD(INT((G10)/16777216),256)/2^6),2)*MOD(INT(MOD(INT((H10)/16777216),256)/2^6),2)*64+MOD(INT(MOD(INT((G10)/16777216),256)/2^7),2)*MOD(INT(MOD(INT((H10)/16777216),256)/2^7),2)*128)*16777216) -> 706491586 | L11: =((MOD(INT(MOD(INT(((4294967295-G10))/1),256)/2^0),2)*MOD(INT(MOD(INT((I10)/1),256)/2^0),2)*1+MOD(INT(MOD(INT(((4294967295-G10))/1),256)/2^1),2)*MOD(INT(MOD(INT((I10)/1),256)/2^1),2)*2+MOD(INT(MOD(INT(((4294967295-G10))/1),256)/2^2),2)*MOD(INT(MOD(INT((I10)/1),256)/2^2),2)*4+MOD(INT(MOD(INT(((4294967295-G10))/1),256)/2^3),2)*MOD(INT(MOD(INT((I10)/1),256)/2^3),2)*8+MOD(INT(MOD(INT(((4294967295-G10))/1),256)/2^4),2)*MOD(INT(MOD(INT((I10)/1),256)/2^4),2)*16+MOD(INT(MOD(INT(((4294967295-G10))/1),256)/2^5),2)*MOD(INT(MOD(INT((I10)/1),256)/2^5),2)*32+MOD(INT(MOD(INT(((4294967295-G10))/1),256)/2^6),2)*MOD(INT(MOD(INT((I10)/1),256)/2^6),2)*64+MOD(INT(MOD(INT(((4294967295-G10))/1),256)/2^7),2)*MOD(INT(MOD(INT((I10)/1),256)/2^7),2)*128)*1+(MOD(INT(MOD(INT(((4294967295-G10))/256),256)/2^0),2)*MOD(INT(MOD(INT((I10)/256),256)/2^0),2)*1+MOD(INT(MOD(INT(((4294967295-G10))/256),256)/2^1),2)*MOD(INT(MOD(INT((I10)/256),256)/2^1),2)*2+MOD(INT(MOD(INT(((4294967295-G10))/256),256)/2^2),2)*MOD(INT(MOD(INT((I10)/256),256)/2^2),2)*4+MOD(INT(MOD(INT(((4294967295-G10))/256),256)/2^3),2)*MOD(INT(MOD(INT((I10)/256),256)/2^3),2)*8+MOD(INT(MOD(INT(((4294967295-G10))/256),256)/2^4),2)*MOD(INT(MOD(INT((I10)/256),256)/2^4),2)*16+MOD(INT(MOD(INT(((4294967295-G10))/256),256)/2^5),2)*MOD(INT(MOD(INT((I10)/256),256)/2^5),2)*32+MOD(INT(MOD(INT(((4294967295-G10))/256),256)/2^6),2)*MOD(INT(MOD(INT((I10)/256),256)/2^6),2)*64+MOD(INT(MOD(INT(((4294967295-G10))/256),256)/2^7),2)*MOD(INT(MOD(INT((I10)/256),256)/2^7),2)*128)*256+(MOD(INT(MOD(INT(((4294967295-G10))/65536),256)/2^0),2)*MOD(INT(MOD(INT((I10)/65536),256)/2^0),2)*1+MOD(INT(MOD(INT(((4294967295-G10))/65536),256)/2^1),2)*MOD(INT(MOD(INT((I10)/65536),256)/2^1),2)*2+MOD(INT(MOD(INT(((4294967295-G10))/65536),256)/2^2),2)*MOD(INT(MOD(INT((I10)/65536),256)/2^2),2)*4+MOD(INT(MOD(INT(((4294967295-G10))/65536),256)/2^3),2)*MOD(INT(MOD(INT((I10)/65536),256)/2^3),2)*8+MOD(INT(MOD(INT(((4294967295-G10))/65536),256)/2^4),2)*MOD(INT(MOD(INT((I10)/65536),256)/2^4),2)*16+MOD(INT(MOD(INT(((4294967295-G10))/65536),256)/2^5),2)*MOD(INT(MOD(INT((I10)/65536),256)/2^5),2)*32+MOD(INT(MOD(INT(((4294967295-G10))/65536),256)/2^6),2)*MOD(INT(MOD(INT((I10)/65536),256)/2^6),2)*64+MOD(INT(MOD(INT(((4294967295-G10))/65536),256)/2^7),2)*MOD(INT(MOD(INT((I10)/65536),256)/2^7),2)*128)*65536+(MOD(INT(MOD(INT(((4294967295-G10))/16777216),256)/2^0),2)*MOD(INT(MOD(INT((I10)/16777216),256)/2^0),2)*1+MOD(INT(MOD(INT(((4294967295-G10))/16777216),256)/2^1),2)*MOD(INT(MOD(INT((I10)/16777216),256)/2^1),2)*2+MOD(INT(MOD(INT(((4294967295-G10))/16777216),256)/2^2),2)*MOD(INT(MOD(INT((I10)/16777216),256)/2^2),2)*4+MOD(INT(MOD(INT(((4294967295-G10))/16777216),256)/2^3),2)*MOD(INT(MOD(INT((I10)/16777216),256)/2^3),2)*8+MOD(INT(MOD(INT(((4294967295-G10))/16777216),256)/2^4),2)*MOD(INT(MOD(INT((I10)/16777216),256)/2^4),2)*16+MOD(INT(MOD(INT(((4294967295-G10))/16777216),256)/2^5),2)*MOD(INT(MOD(INT((I10)/16777216),256)/2^5),2)*32+MOD(INT(MOD(INT(((4294967295-G10))/16777216),256)/2^6),2)*MOD(INT(MOD(INT((I10)/16777216),256)/2^6),2)*64+MOD(INT(MOD(INT(((4294967295-G10))/16777216),256)/2^7),2)*MOD(INT(MOD(INT((I10)/16777216),256)/2^7),2)*128)*16777216) -> 86166296 | M11: =MOD(K11+L11,4294967296) -> 792657882 | N11: =((MOD(INT(MOD(INT((C10)/1),256)/2^0),2)*MOD(INT(MOD(INT((D10)/1),256)/2^0),2)*1+MOD(INT(MOD(INT((C10)/1),256)/2^1),2)*MOD(INT(MOD(INT((D10)/1),256)/2^1),2)*2+MOD(INT(MOD(INT((C10)/1),256)/2^2),2)*MOD(INT(MOD(INT((D10)/1),256)/2^2),2)*4+MOD(INT(MOD(INT((C10)/1),256)/2^3),2)*MOD(INT(MOD(INT((D10)/1),256)/2^3),2)*8+MOD(INT(MOD(INT((C10)/1),256)/2^4),2)*MOD(INT(MOD(INT((D10)/1),256)/2^4),2)*16+MOD(INT(MOD(INT((C10)/1),256)/2^5),2)*MOD(INT(MOD(INT((D10)/1),256)/2^5),2)*32+MOD(INT(MOD(INT((C10)/1),256)/2^6),2)*MOD(INT(MOD(INT((D10)/1),256)/2^6),2)*64+MOD(INT(MOD(INT((C10)/1),256)/2^7),2)*MOD(INT(MOD(INT((D10)/1),256)/2^7),2)*128)*1+(MOD(INT(MOD(INT((C10)/256),256)/2^0),2)*MOD(INT(MOD(INT((D10)/256),256)/2^0),2)*1+MOD(INT(MOD(INT((C10)/256),256)/2^1),2)*MOD(INT(MOD(INT((D10)/256),256)/2^1),2)*2+MOD(INT(MOD(INT((C10)/256),256)/2^2),2)*MOD(INT(MOD(INT((D10)/256),256)/2^2),2)*4+MOD(INT(MOD(INT((C10)/256),256)/2^3),2)*MOD(INT(MOD(INT((D10)/256),256)/2^3),2)*8+MOD(INT(MOD(INT((C10)/256),256)/2^4),2)*MOD(INT(MOD(INT((D10)/256),256)/2^4),2)*16+MOD(INT(MOD(INT((C10)/256),256)/2^5),2)*MOD(INT(MOD(INT((D10)/256),256)/2^5),2)*32+MOD(INT(MOD(INT((C10)/256),256)/2^6),2)*MOD(INT(MOD(INT((D10)/256),256)/2^6),2)*64+MOD(INT(MOD(INT((C10)/256),256)/2^7),2)*MOD(INT(MOD(INT((D10)/256),256)/2^7),2)*128)*256+(MOD(INT(MOD(INT((C10)/65536),256)/2^0),2)*MOD(INT(MOD(INT((D10)/65536),256)/2^0),2)*1+MOD(INT(MOD(INT((C10)/65536),256)/2^1),2)*MOD(INT(MOD(INT((D10)/65536),256)/2^1),2)*2+MOD(INT(MOD(INT((C10)/65536),256)/2^2),2)*MOD(INT(MOD(INT((D10)/65536),256)/2^2),2)*4+MOD(INT(MOD(INT((C10)/65536),256)/2^3),2)*MOD(INT(MOD(INT((D10)/65536),256)/2^3),2)*8+MOD(INT(MOD(INT((C10)/65536),256)/2^4),2)*MOD(INT(MOD(INT((D10)/65536),256)/2^4),2)*16+MOD(INT(MOD(INT((C10)/65536),256)/2^5),2)*MOD(INT(MOD(INT((D10)/65536),256)/2^5),2)*32+MOD(INT(MOD(INT((C10)/65536),256)/2^6),2)*MOD(INT(MOD(INT((D10)/65536),256)/2^6),2)*64+MOD(INT(MOD(INT((C10)/65536),256)/2^7),2)*MOD(INT(MOD(INT((D10)/65536),256)/2^7),2)*128)*65536+(MOD(INT(MOD(INT((C10)/16777216),256)/2^0),2)*MOD(INT(MOD(INT((D10)/16777216),256)/2^0),2)*1+MOD(INT(MOD(INT((C10)/16777216),256)/2^1),2)*MOD(INT(MOD(INT((D10)/16777216),256)/2^1),2)*2+MOD(INT(MOD(INT((C10)/16777216),256)/2^2),2)*MOD(INT(MOD(INT((D10)/16777216),256)/2^2),2)*4+MOD(INT(MOD(INT((C10)/16777216),256)/2^3),2)*MOD(INT(MOD(INT((D10)/16777216),256)/2^3),2)*8+MOD(INT(MOD(INT((C10)/16777216),256)/2^4),2)*MOD(INT(MOD(INT((D10)/16777216),256)/2^4),2)*16+MOD(INT(MOD(INT((C10)/16777216),256)/2^5),2)*MOD(INT(MOD(INT((D10)/16777216),256)/2^5),2)*32+MOD(INT(MOD(INT((C10)/16777216),256)/2^6),2)*MOD(INT(MOD(INT((D10)/16777216),256)/2^6),2)*64+MOD(INT(MOD(INT((C10)/16777216),256)/2^7),2)*MOD(INT(MOD(INT((D10)/16777216),256)/2^7),2)*128)*16777216) -> 2303852608 | O11: =((MOD(INT(MOD(INT((C10)/1),256)/2^0),2)*MOD(INT(MOD(INT((E10)/1),256)/2^0),2)*1+MOD(INT(MOD(INT((C10)/1),256)/2^1),2)*MOD(INT(MOD(INT((E10)/1),256)/2^1),2)*2+MOD(INT(MOD(INT((C10)/1),256)/2^2),2)*MOD(INT(MOD(INT((E10)/1),256)/2^2),2)*4+MOD(INT(MOD(INT((C10)/1),256)/2^3),2)*MOD(INT(MOD(INT((E10)/1),256)/2^3),2)*8+MOD(INT(MOD(INT((C10)/1),256)/2^4),2)*MOD(INT(MOD(INT((E10)/1),256)/2^4),2)*16+MOD(INT(MOD(INT((C10)/1),256)/2^5),2)*MOD(INT(MOD(INT((E10)/1),256)/2^5),2)*32+MOD(INT(MOD(INT((C10)/1),256)/2^6),2)*MOD(INT(MOD(INT((E10)/1),256)/2^6),2)*64+MOD(INT(MOD(INT((C10)/1),256)/2^7),2)*MOD(INT(MOD(INT((E10)/1),256)/2^7),2)*128)*1+(MOD(INT(MOD(INT((C10)/256),256)/2^0),2)*MOD(INT(MOD(INT((E10)/256),256)/2^0),2)*1+MOD(INT(MOD(INT((C10)/256),256)/2^1),2)*MOD(INT(MOD(INT((E10)/256),256)/2^1),2)*2+MOD(INT(MOD(INT((C10)/256),256)/2^2),2)*MOD(INT(MOD(INT((E10)/256),256)/2^2),2)*4+MOD(INT(MOD(INT((C10)/256),256)/2^3),2)*MOD(INT(MOD(INT((E10)/256),256)/2^3),2)*8+MOD(INT(MOD(INT((C10)/256),256)/2^4),2)*MOD(INT(MOD(INT((E10)/256),256)/2^4),2)*16+MOD(INT(MOD(INT((C10)/256),256)/2^5),2)*MOD(INT(MOD(INT((E10)/256),256)/2^5),2)*32+MOD(INT(MOD(INT((C10)/256),256)/2^6),2)*MOD(INT(MOD(INT((E10)/256),256)/2^6),2)*64+MOD(INT(MOD(INT((C10)/256),256)/2^7),2)*MOD(INT(MOD(INT((E10)/256),256)/2^7),2)*128)*256+(MOD(INT(MOD(INT((C10)/65536),256)/2^0),2)*MOD(INT(MOD(INT((E10)/65536),256)/2^0),2)*1+MOD(INT(MOD(INT((C10)/65536),256)/2^1),2)*MOD(INT(MOD(INT((E10)/65536),256)/2^1),2)*2+MOD(INT(MOD(INT((C10)/65536),256)/2^2),2)*MOD(INT(MOD(INT((E10)/65536),256)/2^2),2)*4+MOD(INT(MOD(INT((C10)/65536),256)/2^3),2)*MOD(INT(MOD(INT((E10)/65536),256)/2^3),2)*8+MOD(INT(MOD(INT((C10)/65536),256)/2^4),2)*MOD(INT(MOD(INT((E10)/65536),256)/2^4),2)*16+MOD(INT(MOD(INT((C10)/65536),256)/2^5),2)*MOD(INT(MOD(INT((E10)/65536),256)/2^5),2)*32+MOD(INT(MOD(INT((C10)/65536),256)/2^6),2)*MOD(INT(MOD(INT((E10)/65536),256)/2^6),2)*64+MOD(INT(MOD(INT((C10)/65536),256)/2^7),2)*MOD(INT(MOD(INT((E10)/65536),256)/2^7),2)*128)*65536+(MOD(INT(MOD(INT((C10)/16777216),256)/2^0),2)*MOD(INT(MOD(INT((E10)/16777216),256)/2^0),2)*1+MOD(INT(MOD(INT((C10)/16777216),256)/2^1),2)*MOD(INT(MOD(INT((E10)/16777216),256)/2^1),2)*2+MOD(INT(MOD(INT((C10)/16777216),256)/2^2),2)*MOD(INT(MOD(INT((E10)/16777216),256)/2^2),2)*4+MOD(INT(MOD(INT((C10)/16777216),256)/2^3),2)*MOD(INT(MOD(INT((E10)/16777216),256)/2^3),2)*8+MOD(INT(MOD(INT((C10)/16777216),256)/2^4),2)*MOD(INT(MOD(INT((E10)/16777216),256)/2^4),2)*16+MOD(INT(MOD(INT((C10)/16777216),256)/2^5),2)*MOD(INT(MOD(INT((E10)/16777216),256)/2^5),2)*32+MOD(INT(MOD(INT((C10)/16777216),256)/2^6),2)*MOD(INT(MOD(INT((E10)/16777216),256)/2^6),2)*64+MOD(INT(MOD(INT((C10)/16777216),256)/2^7),2)*MOD(INT(MOD(INT((E10)/16777216),256)/2^7),2)*128)*16777216) -> 1117814854 | P11: =((MOD(INT(MOD(INT((D10)/1),256)/2^0),2)*MOD(INT(MOD(INT((E10)/1),256)/2^0),2)*1+MOD(INT(MOD(INT((D10)/1),256)/2^1),2)*MOD(INT(MOD(INT((E10)/1),256)/2^1),2)*2+MOD(INT(MOD(INT((D10)/1),256)/2^2),2)*MOD(INT(MOD(INT((E10)/1),256)/2^2),2)*4+MOD(INT(MOD(INT((D10)/1),256)/2^3),2)*MOD(INT(MOD(INT((E10)/1),256)/2^3),2)*8+MOD(INT(MOD(INT((D10)/1),256)/2^4),2)*MOD(INT(MOD(INT((E10)/1),256)/2^4),2)*16+MOD(INT(MOD(INT((D10)/1),256)/2^5),2)*MOD(INT(MOD(INT((E10)/1),256)/2^5),2)*32+MOD(INT(MOD(INT((D10)/1),256)/2^6),2)*MOD(INT(MOD(INT((E10)/1),256)/2^6),2)*64+MOD(INT(MOD(INT((D10)/1),256)/2^7),2)*MOD(INT(MOD(INT((E10)/1),256)/2^7),2)*128)*1+(MOD(INT(MOD(INT((D10)/256),256)/2^0),2)*MOD(INT(MOD(INT((E10)/256),256)/2^0),2)*1+MOD(INT(MOD(INT((D10)/256),256)/2^1),2)*MOD(INT(MOD(INT((E10)/256),256)/2^1),2)*2+MOD(INT(MOD(INT((D10)/256),256)/2^2),2)*MOD(INT(MOD(INT((E10)/256),256)/2^2),2)*4+MOD(INT(MOD(INT((D10)/256),256)/2^3),2)*MOD(INT(MOD(INT((E10)/256),256)/2^3),2)*8+MOD(INT(MOD(INT((D10)/256),256)/2^4),2)*MOD(INT(MOD(INT((E10)/256),256)/2^4),2)*16+MOD(INT(MOD(INT((D10)/256),256)/2^5),2)*MOD(INT(MOD(INT((E10)/256),256)/2^5),2)*32+MOD(INT(MOD(INT((D10)/256),256)/2^6),2)*MOD(INT(MOD(INT((E10)/256),256)/2^6),2)*64+MOD(INT(MOD(INT((D10)/256),256)/2^7),2)*MOD(INT(MOD(INT((E10)/256),256)/2^7),2)*128)*256+(MOD(INT(MOD(INT((D10)/65536),256)/2^0),2)*MOD(INT(MOD(INT((E10)/65536),256)/2^0),2)*1+MOD(INT(MOD(INT((D10)/65536),256)/2^1),2)*MOD(INT(MOD(INT((E10)/65536),256)/2^1),2)*2+MOD(INT(MOD(INT((D10)/65536),256)/2^2),2)*MOD(INT(MOD(INT((E10)/65536),256)/2^2),2)*4+MOD(INT(MOD(INT((D10)/65536),256)/2^3),2)*MOD(INT(MOD(INT((E10)/65536),256)/2^3),2)*8+MOD(INT(MOD(INT((D10)/65536),256)/2^4),2)*MOD(INT(MOD(INT((E10)/65536),256)/2^4),2)*16+MOD(INT(MOD(INT((D10)/65536),256)/2^5),2)*MOD(INT(MOD(INT((E10)/65536),256)/2^5),2)*32+MOD(INT(MOD(INT((D10)/65536),256)/2^6),2)*MOD(INT(MOD(INT((E10)/65536),256)/2^6),2)*64+MOD(INT(MOD(INT((D10)/65536),256)/2^7),2)*MOD(INT(MOD(INT((E10)/65536),256)/2^7),2)*128)*65536+(MOD(INT(MOD(INT((D10)/16777216),256)/2^0),2)*MOD(INT(MOD(INT((E10)/16777216),256)/2^0),2)*1+MOD(INT(MOD(INT((D10)/16777216),256)/2^1),2)*MOD(INT(MOD(INT((E10)/16777216),256)/2^1),2)*2+MOD(INT(MOD(INT((D10)/16777216),256)/2^2),2)*MOD(INT(MOD(INT((E10)/16777216),256)/2^2),2)*4+MOD(INT(MOD(INT((D10)/16777216),256)/2^3),2)*MOD(INT(MOD(INT((E10)/16777216),256)/2^3),2)*8+MOD(INT(MOD(INT((D10)/16777216),256)/2^4),2)*MOD(INT(MOD(INT((E10)/16777216),256)/2^4),2)*16+MOD(INT(MOD(INT((D10)/16777216),256)/2^5),2)*MOD(INT(MOD(INT((E10)/16777216),256)/2^5),2)*32+MOD(INT(MOD(INT((D10)/16777216),256)/2^6),2)*MOD(INT(MOD(INT((E10)/16777216),256)/2^6),2)*64+MOD(INT(MOD(INT((D10)/16777216),256)/2^7),2)*MOD(INT(MOD(INT((E10)/16777216),256)/2^7),2)*128)*16777216) -> 65633 | Q11: =((MOD(INT(MOD(INT((N11)/1),256)/2^0),2)*MOD(INT(MOD(INT((P11)/1),256)/2^0),2)*1+MOD(INT(MOD(INT((N11)/1),256)/2^1),2)*MOD(INT(MOD(INT((P11)/1),256)/2^1),2)*2+MOD(INT(MOD(INT((N11)/1),256)/2^2),2)*MOD(INT(MOD(INT((P11)/1),256)/2^2),2)*4+MOD(INT(MOD(INT((N11)/1),256)/2^3),2)*MOD(INT(MOD(INT((P11)/1),256)/2^3),2)*8+MOD(INT(MOD(INT((N11)/1),256)/2^4),2)*MOD(INT(MOD(INT((P11)/1),256)/2^4),2)*16+MOD(INT(MOD(INT((N11)/1),256)/2^5),2)*MOD(INT(MOD(INT((P11)/1),256)/2^5),2)*32+MOD(INT(MOD(INT((N11)/1),256)/2^6),2)*MOD(INT(MOD(INT((P11)/1),256)/2^6),2)*64+MOD(INT(MOD(INT((N11)/1),256)/2^7),2)*MOD(INT(MOD(INT((P11)/1),256)/2^7),2)*128)*1+(MOD(INT(MOD(INT((N11)/256),256)/2^0),2)*MOD(INT(MOD(INT((P11)/256),256)/2^0),2)*1+MOD(INT(MOD(INT((N11)/256),256)/2^1),2)*MOD(INT(MOD(INT((P11)/256),256)/2^1),2)*2+MOD(INT(MOD(INT((N11)/256),256)/2^2),2)*MOD(INT(MOD(INT((P11)/256),256)/2^2),2)*4+MOD(INT(MOD(INT((N11)/256),256)/2^3),2)*MOD(INT(MOD(INT((P11)/256),256)/2^3),2)*8+MOD(INT(MOD(INT((N11)/256),256)/2^4),2)*MOD(INT(MOD(INT((P11)/256),256)/2^4),2)*16+MOD(INT(MOD(INT((N11)/256),256)/2^5),2)*MOD(INT(MOD(INT((P11)/256),256)/2^5),2)*32+MOD(INT(MOD(INT((N11)/256),256)/2^6),2)*MOD(INT(MOD(INT((P11)/256),256)/2^6),2)*64+MOD(INT(MOD(INT((N11)/256),256)/2^7),2)*MOD(INT(MOD(INT((P11)/256),256)/2^7),2)*128)*256+(MOD(INT(MOD(INT((N11)/65536),256)/2^0),2)*MOD(INT(MOD(INT((P11)/65536),256)/2^0),2)*1+MOD(INT(MOD(INT((N11)/65536),256)/2^1),2)*MOD(INT(MOD(INT((P11)/65536),256)/2^1),2)*2+MOD(INT(MOD(INT((N11)/65536),256)/2^2),2)*MOD(INT(MOD(INT((P11)/65536),256)/2^2),2)*4+MOD(INT(MOD(INT((N11)/65536),256)/2^3),2)*MOD(INT(MOD(INT((P11)/65536),256)/2^3),2)*8+MOD(INT(MOD(INT((N11)/65536),256)/2^4),2)*MOD(INT(MOD(INT((P11)/65536),256)/2^4),2)*16+MOD(INT(MOD(INT((N11)/65536),256)/2^5),2)*MOD(INT(MOD(INT((P11)/65536),256)/2^5),2)*32+MOD(INT(MOD(INT((N11)/65536),256)/2^6),2)*MOD(INT(MOD(INT((P11)/65536),256)/2^6),2)*64+MOD(INT(MOD(INT((N11)/65536),256)/2^7),2)*MOD(INT(MOD(INT((P11)/65536),256)/2^7),2)*128)*65536+(MOD(INT(MOD(INT((N11)/16777216),256)/2^0),2)*MOD(INT(MOD(INT((P11)/16777216),256)/2^0),2)*1+MOD(INT(MOD(INT((N11)/16777216),256)/2^1),2)*MOD(INT(MOD(INT((P11)/16777216),256)/2^1),2)*2+MOD(INT(MOD(INT((N11)/16777216),256)/2^2),2)*MOD(INT(MOD(INT((P11)/16777216),256)/2^2),2)*4+MOD(INT(MOD(INT((N11)/16777216),256)/2^3),2)*MOD(INT(MOD(INT((P11)/16777216),256)/2^3),2)*8+MOD(INT(MOD(INT((N11)/16777216),256)/2^4),2)*MOD(INT(MOD(INT((P11)/16777216),256)/2^4),2)*16+MOD(INT(MOD(INT((N11)/16777216),256)/2^5),2)*MOD(INT(MOD(INT((P11)/16777216),256)/2^5),2)*32+MOD(INT(MOD(INT((N11)/16777216),256)/2^6),2)*MOD(INT(MOD(INT((P11)/16777216),256)/2^6),2)*64+MOD(INT(MOD(INT((N11)/16777216),256)/2^7),2)*MOD(INT(MOD(INT((P11)/16777216),256)/2^7),2)*128)*16777216) -> 64 | R11: =MOD(N11+O11+P11-2*Q11,4294967296) -> 3421732967 | S11: =MOD(MOD(G10,2^6)*2^26+INT(G10/2^6),4294967296) -> 2393601235 | T11: =MOD(MOD(G10,2^11)*2^21+INT(G10/2^11),4294967296) -> 2624936870 | U11: =MOD(MOD(G10,2^25)*2^7+INT(G10/2^25),4294967296) -> 1855615445 | V11: =((MOD(INT(MOD(INT((S11)/1),256)/2^0),2)*MOD(INT(MOD(INT((T11)/1),256)/2^0),2)*1+MOD(INT(MOD(INT((S11)/1),256)/2^1),2)*MOD(INT(MOD(INT((T11)/1),256)/2^1),2)*2+MOD(INT(MOD(INT((S11)/1),256)/2^2),2)*MOD(INT(MOD(INT((T11)/1),256)/2^2),2)*4+MOD(INT(MOD(INT((S11)/1),256)/2^3),2)*MOD(INT(MOD(INT((T11)/1),256)/2^3),2)*8+MOD(INT(MOD(INT((S11)/1),256)/2^4),2)*MOD(INT(MOD(INT((T11)/1),256)/2^4),2)*16+MOD(INT(MOD(INT((S11)/1),256)/2^5),2)*MOD(INT(MOD(INT((T11)/1),256)/2^5),2)*32+MOD(INT(MOD(INT((S11)/1),256)/2^6),2)*MOD(INT(MOD(INT((T11)/1),256)/2^6),2)*64+MOD(INT(MOD(INT((S11)/1),256)/2^7),2)*MOD(INT(MOD(INT((T11)/1),256)/2^7),2)*128)*1+(MOD(INT(MOD(INT((S11)/256),256)/2^0),2)*MOD(INT(MOD(INT((T11)/256),256)/2^0),2)*1+MOD(INT(MOD(INT((S11)/256),256)/2^1),2)*MOD(INT(MOD(INT((T11)/256),256)/2^1),2)*2+MOD(INT(MOD(INT((S11)/256),256)/2^2),2)*MOD(INT(MOD(INT((T11)/256),256)/2^2),2)*4+MOD(INT(MOD(INT((S11)/256),256)/2^3),2)*MOD(INT(MOD(INT((T11)/256),256)/2^3),2)*8+MOD(INT(MOD(INT((S11)/256),256)/2^4),2)*MOD(INT(MOD(INT((T11)/256),256)/2^4),2)*16+MOD(INT(MOD(INT((S11)/256),256)/2^5),2)*MOD(INT(MOD(INT((T11)/256),256)/2^5),2)*32+MOD(INT(MOD(INT((S11)/256),256)/2^6),2)*MOD(INT(MOD(INT((T11)/256),256)/2^6),2)*64+MOD(INT(MOD(INT((S11)/256),256)/2^7),2)*MOD(INT(MOD(INT((T11)/256),256)/2^7),2)*128)*256+(MOD(INT(MOD(INT((S11)/65536),256)/2^0),2)*MOD(INT(MOD(INT((T11)/65536),256)/2^0),2)*1+MOD(INT(MOD(INT((S11)/65536),256)/2^1),2)*MOD(INT(MOD(INT((T11)/65536),256)/2^1),2)*2+MOD(INT(MOD(INT((S11)/65536),256)/2^2),2)*MOD(INT(MOD(INT((T11)/65536),256)/2^2),2)*4+MOD(INT(MOD(INT((S11)/65536),256)/2^3),2)*MOD(INT(MOD(INT((T11)/65536),256)/2^3),2)*8+MOD(INT(MOD(INT((S11)/65536),256)/2^4),2)*MOD(INT(MOD(INT((T11)/65536),256)/2^4),2)*16+MOD(INT(MOD(INT((S11)/65536),256)/2^5),2)*MOD(INT(MOD(INT((T11)/65536),256)/2^5),2)*32+MOD(INT(MOD(INT((S11)/65536),256)/2^6),2)*MOD(INT(MOD(INT((T11)/65536),256)/2^6),2)*64+MOD(INT(MOD(INT((S11)/65536),256)/2^7),2)*MOD(INT(MOD(INT((T11)/65536),256)/2^7),2)*128)*65536+(MOD(INT(MOD(INT((S11)/16777216),256)/2^0),2)*MOD(INT(MOD(INT((T11)/16777216),256)/2^0),2)*1+MOD(INT(MOD(INT((S11)/16777216),256)/2^1),2)*MOD(INT(MOD(INT((T11)/16777216),256)/2^1),2)*2+MOD(INT(MOD(INT((S11)/16777216),256)/2^2),2)*MOD(INT(MOD(INT((T11)/16777216),256)/2^2),2)*4+MOD(INT(MOD(INT((S11)/16777216),256)/2^3),2)*MOD(INT(MOD(INT((T11)/16777216),256)/2^3),2)*8+MOD(INT(MOD(INT((S11)/16777216),256)/2^4),2)*MOD(INT(MOD(INT((T11)/16777216),256)/2^4),2)*16+MOD(INT(MOD(INT((S11)/16777216),256)/2^5),2)*MOD(INT(MOD(INT((T11)/16777216),256)/2^5),2)*32+MOD(INT(MOD(INT((S11)/16777216),256)/2^6),2)*MOD(INT(MOD(INT((T11)/16777216),256)/2^6),2)*64+MOD(INT(MOD(INT((S11)/16777216),256)/2^7),2)*MOD(INT(MOD(INT((T11)/16777216),256)/2^7),2)*128)*16777216) -> 2350993538 | W11: =MOD(S11+T11-2*V11,4294967296) -> 316551029 | X11: =((MOD(INT(MOD(INT((W11)/1),256)/2^0),2)*MOD(INT(MOD(INT((U11)/1),256)/2^0),2)*1+MOD(INT(MOD(INT((W11)/1),256)/2^1),2)*MOD(INT(MOD(INT((U11)/1),256)/2^1),2)*2+MOD(INT(MOD(INT((W11)/1),256)/2^2),2)*MOD(INT(MOD(INT((U11)/1),256)/2^2),2)*4+MOD(INT(MOD(INT((W11)/1),256)/2^3),2)*MOD(INT(MOD(INT((U11)/1),256)/2^3),2)*8+MOD(INT(MOD(INT((W11)/1),256)/2^4),2)*MOD(INT(MOD(INT((U11)/1),256)/2^4),2)*16+MOD(INT(MOD(INT((W11)/1),256)/2^5),2)*MOD(INT(MOD(INT((U11)/1),256)/2^5),2)*32+MOD(INT(MOD(INT((W11)/1),256)/2^6),2)*MOD(INT(MOD(INT((U11)/1),256)/2^6),2)*64+MOD(INT(MOD(INT((W11)/1),256)/2^7),2)*MOD(INT(MOD(INT((U11)/1),256)/2^7),2)*128)*1+(MOD(INT(MOD(INT((W11)/256),256)/2^0),2)*MOD(INT(MOD(INT((U11)/256),256)/2^0),2)*1+MOD(INT(MOD(INT((W11)/256),256)/2^1),2)*MOD(INT(MOD(INT((U11)/256),256)/2^1),2)*2+MOD(INT(MOD(INT((W11)/256),256)/2^2),2)*MOD(INT(MOD(INT((U11)/256),256)/2^2),2)*4+MOD(INT(MOD(INT((W11)/256),256)/2^3),2)*MOD(INT(MOD(INT((U11)/256),256)/2^3),2)*8+MOD(INT(MOD(INT((W11)/256),256)/2^4),2)*MOD(INT(MOD(INT((U11)/256),256)/2^4),2)*16+MOD(INT(MOD(INT((W11)/256),256)/2^5),2)*MOD(INT(MOD(INT((U11)/256),256)/2^5),2)*32+MOD(INT(MOD(INT((W11)/256),256)/2^6),2)*MOD(INT(MOD(INT((U11)/256),256)/2^6),2)*64+MOD(INT(MOD(INT((W11)/256),256)/2^7),2)*MOD(INT(MOD(INT((U11)/256),256)/2^7),2)*128)*256+(MOD(INT(MOD(INT((W11)/65536),256)/2^0),2)*MOD(INT(MOD(INT((U11)/65536),256)/2^0),2)*1+MOD(INT(MOD(INT((W11)/65536),256)/2^1),2)*MOD(INT(MOD(INT((U11)/65536),256)/2^1),2)*2+MOD(INT(MOD(INT((W11)/65536),256)/2^2),2)*MOD(INT(MOD(INT((U11)/65536),256)/2^2),2)*4+MOD(INT(MOD(INT((W11)/65536),256)/2^3),2)*MOD(INT(MOD(INT((U11)/65536),256)/2^3),2)*8+MOD(INT(MOD(INT((W11)/65536),256)/2^4),2)*MOD(INT(MOD(INT((U11)/65536),256)/2^4),2)*16+MOD(INT(MOD(INT((W11)/65536),256)/2^5),2)*MOD(INT(MOD(INT((U11)/65536),256)/2^5),2)*32+MOD(INT(MOD(INT((W11)/65536),256)/2^6),2)*MOD(INT(MOD(INT((U11)/65536),256)/2^6),2)*64+MOD(INT(MOD(INT((W11)/65536),256)/2^7),2)*MOD(INT(MOD(INT((U11)/65536),256)/2^7),2)*128)*65536+(MOD(INT(MOD(INT((W11)/16777216),256)/2^0),2)*MOD(INT(MOD(INT((U11)/16777216),256)/2^0),2)*1+MOD(INT(MOD(INT((W11)/16777216),256)/2^1),2)*MOD(INT(MOD(INT((U11)/16777216),256)/2^1),2)*2+MOD(INT(MOD(INT((W11)/16777216),256)/2^2),2)*MOD(INT(MOD(INT((U11)/16777216),256)/2^2),2)*4+MOD(INT(MOD(INT((W11)/16777216),256)/2^3),2)*MOD(INT(MOD(INT((U11)/16777216),256)/2^3),2)*8+MOD(INT(MOD(INT((W11)/16777216),256)/2^4),2)*MOD(INT(MOD(INT((U11)/16777216),256)/2^4),2)*16+MOD(INT(MOD(INT((W11)/16777216),256)/2^5),2)*MOD(INT(MOD(INT((U11)/16777216),256)/2^5),2)*32+MOD(INT(MOD(INT((W11)/16777216),256)/2^6),2)*MOD(INT(MOD(INT((U11)/16777216),256)/2^6),2)*64+MOD(INT(MOD(INT((W11)/16777216),256)/2^7),2)*MOD(INT(MOD(INT((U11)/16777216),256)/2^7),2)*128)*16777216) -> 43655509 | Y11: =MOD(W11+U11-2*X11,4294967296) -> 2084855456 | Z11: =MOD(MOD(C10,2^2)*2^30+INT(C10/2^2),4294967296) -> 3003031761 | AA11: =MOD(MOD(C10,2^13)*2^19+INT(C10/2^13),4294967296) -> 439771092 | AB11: =MOD(MOD(C10,2^22)*2^10+INT(C10/2^22),4294967296) -> 3926727471 | AC11: =((MOD(INT(MOD(INT((Z11)/1),256)/2^0),2)*MOD(INT(MOD(INT((AA11)/1),256)/2^0),2)*1+MOD(INT(MOD(INT((Z11)/1),256)/2^1),2)*MOD(INT(MOD(INT((AA11)/1),256)/2^1),2)*2+MOD(INT(MOD(INT((Z11)/1),256)/2^2),2)*MOD(INT(MOD(INT((AA11)/1),256)/2^2),2)*4+MOD(INT(MOD(INT((Z11)/1),256)/2^3),2)*MOD(INT(MOD(INT((AA11)/1),256)/2^3),2)*8+MOD(INT(MOD(INT((Z11)/1),256)/2^4),2)*MOD(INT(MOD(INT((AA11)/1),256)/2^4),2)*16+MOD(INT(MOD(INT((Z11)/1),256)/2^5),2)*MOD(INT(MOD(INT((AA11)/1),256)/2^5),2)*32+MOD(INT(MOD(INT((Z11)/1),256)/2^6),2)*MOD(INT(MOD(INT((AA11)/1),256)/2^6),2)*64+MOD(INT(MOD(INT((Z11)/1),256)/2^7),2)*MOD(INT(MOD(INT((AA11)/1),256)/2^7),2)*128)*1+(MOD(INT(MOD(INT((Z11)/256),256)/2^0),2)*MOD(INT(MOD(INT((AA11)/256),256)/2^0),2)*1+MOD(INT(MOD(INT((Z11)/256),256)/2^1),2)*MOD(INT(MOD(INT((AA11)/256),256)/2^1),2)*2+MOD(INT(MOD(INT((Z11)/256),256)/2^2),2)*MOD(INT(MOD(INT((AA11)/256),256)/2^2),2)*4+MOD(INT(MOD(INT((Z11)/256),256)/2^3),2)*MOD(INT(MOD(INT((AA11)/256),256)/2^3),2)*8+MOD(INT(MOD(INT((Z11)/256),256)/2^4),2)*MOD(INT(MOD(INT((AA11)/256),256)/2^4),2)*16+MOD(INT(MOD(INT((Z11)/256),256)/2^5),2)*MOD(INT(MOD(INT((AA11)/256),256)/2^5),2)*32+MOD(INT(MOD(INT((Z11)/256),256)/2^6),2)*MOD(INT(MOD(INT((AA11)/256),256)/2^6),2)*64+MOD(INT(MOD(INT((Z11)/256),256)/2^7),2)*MOD(INT(MOD(INT((AA11)/256),256)/2^7),2)*128)*256+(MOD(INT(MOD(INT((Z11)/65536),256)/2^0),2)*MOD(INT(MOD(INT((AA11)/65536),256)/2^0),2)*1+MOD(INT(MOD(INT((Z11)/65536),256)/2^1),2)*MOD(INT(MOD(INT((AA11)/65536),256)/2^1),2)*2+MOD(INT(MOD(INT((Z11)/65536),256)/2^2),2)*MOD(INT(MOD(INT((AA11)/65536),256)/2^2),2)*4+MOD(INT(MOD(INT((Z11)/65536),256)/2^3),2)*MOD(INT(MOD(INT((AA11)/65536),256)/2^3),2)*8+MOD(INT(MOD(INT((Z11)/65536),256)/2^4),2)*MOD(INT(MOD(INT((AA11)/65536),256)/2^4),2)*16+MOD(INT(MOD(INT((Z11)/65536),256)/2^5),2)*MOD(INT(MOD(INT((AA11)/65536),256)/2^5),2)*32+MOD(INT(MOD(INT((Z11)/65536),256)/2^6),2)*MOD(INT(MOD(INT((AA11)/65536),256)/2^6),2)*64+MOD(INT(MOD(INT((Z11)/65536),256)/2^7),2)*MOD(INT(MOD(INT((AA11)/65536),256)/2^7),2)*128)*65536+(MOD(INT(MOD(INT((Z11)/16777216),256)/2^0),2)*MOD(INT(MOD(INT((AA11)/16777216),256)/2^0),2)*1+MOD(INT(MOD(INT((Z11)/16777216),256)/2^1),2)*MOD(INT(MOD(INT((AA11)/16777216),256)/2^1),2)*2+MOD(INT(MOD(INT((Z11)/16777216),256)/2^2),2)*MOD(INT(MOD(INT((AA11)/16777216),256)/2^2),2)*4+MOD(INT(MOD(INT((Z11)/16777216),256)/2^3),2)*MOD(INT(MOD(INT((AA11)/16777216),256)/2^3),2)*8+MOD(INT(MOD(INT((Z11)/16777216),256)/2^4),2)*MOD(INT(MOD(INT((AA11)/16777216),256)/2^4),2)*16+MOD(INT(MOD(INT((Z11)/16777216),256)/2^5),2)*MOD(INT(MOD(INT((AA11)/16777216),256)/2^5),2)*32+MOD(INT(MOD(INT((Z11)/16777216),256)/2^6),2)*MOD(INT(MOD(INT((AA11)/16777216),256)/2^6),2)*64+MOD(INT(MOD(INT((Z11)/16777216),256)/2^7),2)*MOD(INT(MOD(INT((AA11)/16777216),256)/2^7),2)*128)*16777216) -> 305529040 | AD11: =MOD(Z11+AA11-2*AC11,4294967296) -> 2831744773 | AE11: =((MOD(INT(MOD(INT((AD11)/1),256)/2^0),2)*MOD(INT(MOD(INT((AB11)/1),256)/2^0),2)*1+MOD(INT(MOD(INT((AD11)/1),256)/2^1),2)*MOD(INT(MOD(INT((AB11)/1),256)/2^1),2)*2+MOD(INT(MOD(INT((AD11)/1),256)/2^2),2)*MOD(INT(MOD(INT((AB11)/1),256)/2^2),2)*4+MOD(INT(MOD(INT((AD11)/1),256)/2^3),2)*MOD(INT(MOD(INT((AB11)/1),256)/2^3),2)*8+MOD(INT(MOD(INT((AD11)/1),256)/2^4),2)*MOD(INT(MOD(INT((AB11)/1),256)/2^4),2)*16+MOD(INT(MOD(INT((AD11)/1),256)/2^5),2)*MOD(INT(MOD(INT((AB11)/1),256)/2^5),2)*32+MOD(INT(MOD(INT((AD11)/1),256)/2^6),2)*MOD(INT(MOD(INT((AB11)/1),256)/2^6),2)*64+MOD(INT(MOD(INT((AD11)/1),256)/2^7),2)*MOD(INT(MOD(INT((AB11)/1),256)/2^7),2)*128)*1+(MOD(INT(MOD(INT((AD11)/256),256)/2^0),2)*MOD(INT(MOD(INT((AB11)/256),256)/2^0),2)*1+MOD(INT(MOD(INT((AD11)/256),256)/2^1),2)*MOD(INT(MOD(INT((AB11)/256),256)/2^1),2)*2+MOD(INT(MOD(INT((AD11)/256),256)/2^2),2)*MOD(INT(MOD(INT((AB11)/256),256)/2^2),2)*4+MOD(INT(MOD(INT((AD11)/256),256)/2^3),2)*MOD(INT(MOD(INT((AB11)/256),256)/2^3),2)*8+MOD(INT(MOD(INT((AD11)/256),256)/2^4),2)*MOD(INT(MOD(INT((AB11)/256),256)/2^4),2)*16+MOD(INT(MOD(INT((AD11)/256),256)/2^5),2)*MOD(INT(MOD(INT((AB11)/256),256)/2^5),2)*32+MOD(INT(MOD(INT((AD11)/256),256)/2^6),2)*MOD(INT(MOD(INT((AB11)/256),256)/2^6),2)*64+MOD(INT(MOD(INT((AD11)/256),256)/2^7),2)*MOD(INT(MOD(INT((AB11)/256),256)/2^7),2)*128)*256+(MOD(INT(MOD(INT((AD11)/65536),256)/2^0),2)*MOD(INT(MOD(INT((AB11)/65536),256)/2^0),2)*1+MOD(INT(MOD(INT((AD11)/65536),256)/2^1),2)*MOD(INT(MOD(INT((AB11)/65536),256)/2^1),2)*2+MOD(INT(MOD(INT((AD11)/65536),256)/2^2),2)*MOD(INT(MOD(INT((AB11)/65536),256)/2^2),2)*4+MOD(INT(MOD(INT((AD11)/65536),256)/2^3),2)*MOD(INT(MOD(INT((AB11)/65536),256)/2^3),2)*8+MOD(INT(MOD(INT((AD11)/65536),256)/2^4),2)*MOD(INT(MOD(INT((AB11)/65536),256)/2^4),2)*16+MOD(INT(MOD(INT((AD11)/65536),256)/2^5),2)*MOD(INT(MOD(INT((AB11)/65536),256)/2^5),2)*32+MOD(INT(MOD(INT((AD11)/65536),256)/2^6),2)*MOD(INT(MOD(INT((AB11)/65536),256)/2^6),2)*64+MOD(INT(MOD(INT((AD11)/65536),256)/2^7),2)*MOD(INT(MOD(INT((AB11)/65536),256)/2^7),2)*128)*65536+(MOD(INT(MOD(INT((AD11)/16777216),256)/2^0),2)*MOD(INT(MOD(INT((AB11)/16777216),256)/2^0),2)*1+MOD(INT(MOD(INT((AD11)/16777216),256)/2^1),2)*MOD(INT(MOD(INT((AB11)/16777216),256)/2^1),2)*2+MOD(INT(MOD(INT((AD11)/16777216),256)/2^2),2)*MOD(INT(MOD(INT((AB11)/16777216),256)/2^2),2)*4+MOD(INT(MOD(INT((AD11)/16777216),256)/2^3),2)*MOD(INT(MOD(INT((AB11)/16777216),256)/2^3),2)*8+MOD(INT(MOD(INT((AD11)/16777216),256)/2^4),2)*MOD(INT(MOD(INT((AB11)/16777216),256)/2^4),2)*16+MOD(INT(MOD(INT((AD11)/16777216),256)/2^5),2)*MOD(INT(MOD(INT((AB11)/16777216),256)/2^5),2)*32+MOD(INT(MOD(INT((AD11)/16777216),256)/2^6),2)*MOD(INT(MOD(INT((AB11)/16777216),256)/2^6),2)*64+MOD(INT(MOD(INT((AD11)/16777216),256)/2^7),2)*MOD(INT(MOD(INT((AB11)/16777216),256)/2^7),2)*128)*16777216) -> 2819103493 | AF11: =MOD(AD11+AB11-2*AE11,4294967296) -> 1120265258 | AG11: =MOD(J10+Y11+M11+'📦 SHA-256 Constants'!C9+AN10,4294967296) -> 747502652 | AH11: =MOD(AF11+R11,4294967296) -> 247030929 | AI11: =AN10 -> 0 | AJ11: ='📦 SHA-256 Constants'!C9 -> 1508970993 | AK11: step=6 W[5] | AM11: 6 | AN11: =(0)*16777216+(0)*65536+(0)*256+(0) -> 0 | AO11: — | AP11: — | AQ11: — | AR11: — | AS11: — | AT11: — | AU11: —
