Workbook

Sheet 🔐 SHA-512
B1: 🔐 SHA-512 — только формулы Excel, без VBA
B2: 64-битная арифметика через hi/lo пары 32-бит · Excel 2013+ · Без макросов
B4: ✏️ ВВЕДИТЕ СЛОВО (1–7 символов ASCII):
B5: hello
B7: 🔑 SHA-512 РЕЗУЛЬТАТ:
B8: ='⚙️ Вычисление'!D2 -> 9b71d224bd62f3785d96d46ad3ea3d73319bfbc2890caadae2dff72519673ca72323c3d99ba5c11d7c7acc6e14b8c5da0c4663475c2e5c3adef46f73bcdec043
B10: 📌 Листы: 📖 Как работает SHA-512 | 📦 Константы | ⚙️ Вычисление
B12: ✅ Верифицировано: "hello" → 9b71d224bd62f3785d96d46ad3ea3d73319bfbc2890caadae2dff72519673ca72323c3d99ba5c11d7c7acc6e14b8c5da0c4663475c2e5c3adef46f73bcdec043
B13: ⚠️ Максимум 7 символов · Только ASCII · Excel 2013+ · Пересчёт ~10–30 сек

Sheet 📖 Как работает SHA-512
B1: 📖 Как работает SHA-512 — пошаговое объяснение
B2: Обзор SHA-512
B3: SHA-512 — криптографическая хэш-функция семейства SHA-2. Блок: 1024 бита (128 байт). Хэш: 512 бит (64 байта = 128 hex символов). 80 раундов (vs 64 у SHA-256). Все операции — над 64-битными словами.
B4: Главное отличие от SHA-256
B5: SHA-256 работает с 32-битными словами (умещаются в double Excel). SHA-512 работает с 64-битными словами (до 2⁶⁴ − 1 = 18 446 744 073 709 551 615). Excel хранит числа как double (точность до 2⁵³). Поэтому каждое 64-битное слово хранится как ПАРА ячеек: hi (старшие 32 бита) и lo (младшие 32 бита). x = hi × 2³² + lo
B6: Арифметика hi/lo
B7: ADD64: lo_result = MOD(a_lo + b_lo, 2³²) carry = INT((a_lo + b_lo) / 2³²) hi_result = MOD(a_hi + b_hi + carry, 2³²) ROTR64(x,n) для n<32: new_hi = MOD( INT(hi/2ⁿ) + MOD(lo,2ⁿ)×2^(32−n), 2³² ) new_lo = MOD( INT(lo/2ⁿ) + MOD(hi,2ⁿ)×2^(32−n), 2³² ) ROTR64(x,n) для n≥32: меняем hi↔lo, затем ROTR(swapped, n−32)
B8: Дополнение (Padding)
B9: После сообщения: байт 0x80, затем нули до позиции 111 (mod 128). Байты 112..127: 128-битная big-endian длина в битах. Для ≤7 байт: итого 128 байт = 16 слов по 64 бита = W[0..15].
B10: Начальные константы H[0..7]
B11: Дробные части квадратных корней первых 8 простых чисел (64-битные): H0 = 0x6a09e667f3bcc908 H1 = 0xbb67ae8584caa73b H2 = 0x3c6ef372fe94f82b H3 = 0xa54ff53a5f1d36f1 H4 = 0x510e527fade682d1 H5 = 0x9b05688c2b3e6c1f H6 = 0x1f83d9abfb41bd6b H7 = 0x5be0cd19137e2179
B12: Расписание сообщения W[0..79]
... B19: · Каждое 64-битное слово = 2 ячейки (hi, lo) · ROTR64, SHR64: чистые MOD/INT формулы (не нужен BITAND!) · XOR64: через AND32 (побайтовое разложение) + a+b−2·AND · AND64: BITAND(hi_a, hi_b) и BITAND(lo_a, lo_b) — по 32 бита каждый · ADD64: MOD + INT для переноса · Каждый из 80 шагов — строка с ~40 вспомогательными ячейками · Расписание W[16..79] — отдельная область на листе ⚙️ Вычисление

Sheet 📦 Константы SHA-512
B1: 📦 SHA-512 Константы K[i] (из кубических корней простых чисел)
B2: K[i] = floor(2⁶⁴ × ∛p[i]) для i=0..79. Хранятся как hi/lo пары: cols C,D = K[i]_hi, K[i]_lo | cols F,G = K[i]_hi hex, K[i]_lo hex
B3: i | C3: K[i] hi (dec) | D3: K[i] lo (dec) | E3: K[i] hex 64 | G3: K[i] hi hex | H3: K[i] lo hex
B4: 0 | C4: 1116352408 | D4: 3609767458 | E4: 428a2f98d728ae22 | G4: 428a2f98 | H4: d728ae22
B5: 1 | C5: 1899447441 | D5: 602891725 | E5: 7137449123ef65cd | G5: 71374491 | H5: 23ef65cd
B6: 2 | C6: 3049323471 | D6: 3964484399 | E6: b5c0fbcfec4d3b2f | G6: b5c0fbcf | H6: ec4d3b2f
B7: 3 | C7: 3921009573 | D7: 2173295548 | E7: e9b5dba58189dbbc | G7: e9b5dba5 | H7: 8189dbbc
B8: 4 | C8: 961987163 | D8: 4081628472 | E8: 3956c25bf348b538 | G8: 3956c25b | H8: f348b538
B9: 5 | C9: 1508970993 | D9: 3053834265 | E9: 59f111f1b605d019 | G9: 59f111f1 | H9: b605d019
B10: 6 | C10: 2453635748 | D10: 2937671579 | E10: 923f82a4af194f9b | G10: 923f82a4 | H10: af194f9b
B11: 7 | C11: 2870763221 | D11: 3664609560 | E11: ab1c5ed5da6d8118 | G11: ab1c5ed5 | H11: da6d8118
B12: 8 | C12: 3624381080 | D12: 2734883394 | E12: d807aa98a3030242 | G12: d807aa98 | H12: a3030242
B13: 9 | C13: 310598401 | D13: 1164996542 | E13: 12835b0145706fbe | G13: 12835b01 | H13: 45706fbe
B14: 10 | C14: 607225278 | D14: 1323610764 | E14: 243185be4ee4b28c | G14: 243185be | H14: 4ee4b28c
B15: 11 | C15: 1426881987 | D15: 3590304994 | E15: 550c7dc3d5ffb4e2 | G15: 550c7dc3 | H15: d5ffb4e2
... B83: 79 | C83: 1816402316 | D83: 1246189591 | E83: 6c44198c4a475817 | G83: 6c44198c | H83: 4a475817

Sheet ⚙️ Вычисление
B1: ⚙️ SHA-512 Вычисление — 80 раундов (64-бит через hi/lo пары)
B2: SHA-512 ХЭШ: | D2: =C90&C91&C92&C93&C94&C95&C96&C97 -> 9b71d224bd62f3785d96d46ad3ea3d73319bfbc2890caadae2dff72519673ca72323c3d99ba5c11d7c7acc6e14b8c5da0c4663475c2e5c3adef46f73bcdec043
B3: Состояние: 8 переменных × 2 ячейки (hi, lo). Колонки C=a_hi D=a_lo E=b_hi F=b_lo G=c_hi H=c_lo I=d_hi J=d_lo K=e_hi L=e_lo M=f_hi N=f_lo O=g_hi P=g_lo Q=h_hi R=h_lo. Вспомогательные колонки S+ — промежуточные XOR/ROTR/AND/ADD.
B4: Шаг | C4: a_hi | D4: a_lo | E4: b_hi | F4: b_lo | G4: c_hi | H4: c_lo | I4: d_hi | J4: d_lo | K4: e_hi | L4: e_lo | M4: f_hi | N4: f_lo | O4: g_hi | P4: g_lo | Q4: h_hi | R4: h_lo | BH4: W[i]_hi | BI4: W[i]_lo
B5: INIT | C5: 1779033703 | D5: 4089235720 | E5: 3144134277 | F5: 2227873595 | G5: 1013904242 | H5: 4271175723 | I5: 2773480762 | J5: 1595750129 | K5: 1359893119 | L5: 2917565137 | M5: 2600822924 | N5: 725511199 | O5: 528734635 | P5: 4215389547 | Q5: 1541459225 | R5: 327033209
B6: 1 | C6: =BW6 -> 4256356261 | D6: =BX6 -> 746380789 | E6: =C5 -> 1779033703 | F6: =D5 -> 4089235720 | G6: =E5 -> 3144134277 | H6: =F5 -> 2227873595 | I6: =G5 -> 1013904242 | J6: =H5 -> 4271175723 | K6: =BU6 -> 1607338784 | L6: =BV6 -> 3929350033 | M6: =K5 -> 1359893119 | N6: =L5 -> 2917565137 | O6: =M5 -> 2600822924 | P6: =N5 -> 725511199 | Q6: =O5 -> 528734635 | R6: =P5 -> 4215389547 | S6: =MOD(INT(K5/2^14)+MOD(L5,2^14)*2^18,4294967296) -> 189088825 | T6: =MOD(INT(L5/2^14)+MOD(K5,2^14)*2^18,4294967296) -> 1241429914 | U6: =MOD(INT(K5/2^18)+MOD(L5,2^18)*2^14,4294967296) -> 2696172611 | V6: =MOD(INT(L5/2^18)+MOD(K5,2^18)*2^14,4294967296) -> 2493508473 | W6: =MOD(INT(L5/2^9)+MOD(K5,2^9)*2^23,4294967296) -> 1071051585 | X6: =MOD(INT(K5/2^9)+MOD(L5,2^9)*2^23,4294967296) -> 1755875113 | Y6: =((MOD(INT(MOD(INT((S6)/1),256)/2^0),2)*MOD(INT(MOD(INT((U6)/1),256)/2^0),2)*1+MOD(INT(MOD(INT((S6)/1),256)/2^1),2)*MOD(INT(MOD(INT((U6)/1),256)/2^1),2)*2+MOD(INT(MOD(INT((S6)/1),256)/2^2),2)*MOD(INT(MOD(INT((U6)/1),256)/2^2),2)*4+MOD(INT(MOD(INT((S6)/1),256)/2^3),2)*MOD(INT(MOD(INT((U6)/1),256)/2^3),2)*8+MOD(INT(MOD(INT((S6)/1),256)/2^4),2)*MOD(INT(MOD(INT((U6)/1),256)/2^4),2)*16+MOD(INT(MOD(INT((S6)/1),256)/2^5),2)*MOD(INT(MOD(INT((U6)/1),256)/2^5),2)*32+MOD(INT(MOD(INT((S6)/1),256)/2^6),2)*MOD(INT(MOD(INT((U6)/1),256)/2^6),2)*64+MOD(INT(MOD(INT((S6)/1),256)/2^7),2)*MOD(INT(MOD(INT((U6)/1),256)/2^7),2)*128)*1+(MOD(INT(MOD(INT((S6)/256),256)/2^0),2)*MOD(INT(MOD(INT((U6)/256),256)/2^0),2)*1+MOD(INT(MOD(INT((S6)/256),256)/2^1),2)*MOD(INT(MOD(INT((U6)/256),256)/2^1),2)*2+MOD(INT(MOD(INT((S6)/256),256)/2^2),2)*MOD(INT(MOD(INT((U6)/256),256)/2^2),2)*4+MOD(INT(MOD(INT((S6)/256),256)/2^3),2)*MOD(INT(MOD(INT((U6)/256),256)/2^3),2)*8+MOD(INT(MOD(INT((S6)/256),256)/2^4),2)*MOD(INT(MOD(INT((U6)/256),256)/2^4),2)*16+MOD(INT(MOD(INT((S6)/256),256)/2^5),2)*MOD(INT(MOD(INT((U6)/256),256)/2^5),2)*32+MOD(INT(MOD(INT((S6)/256),256)/2^6),2)*MOD(INT(MOD(INT((U6)/256),256)/2^6),2)*64+MOD(INT(MOD(INT((S6)/256),256)/2^7),2)*MOD(INT(MOD(INT((U6)/256),256)/2^7),2)*128)*256+(MOD(INT(MOD(INT((S6)/65536),256)/2^0),2)*MOD(INT(MOD(INT((U6)/65536),256)/2^0),2)*1+MOD(INT(MOD(INT((S6)/65536),256)/2^1),2)*MOD(INT(MOD(INT((U6)/65536),256)/2^1),2)*2+MOD(INT(MOD(INT((S6)/65536),256)/2^2),2)*MOD(INT(MOD(INT((U6)/65536),256)/2^2),2)*4+MOD(INT(MOD(INT((S6)/65536),256)/2^3),2)*MOD(INT(MOD(INT((U6)/65536),256)/2^3),2)*8+MOD(INT(MOD(INT((S6)/65536),256)/2^4),2)*MOD(INT(MOD(INT((U6)/65536),256)/2^4),2)*16+MOD(INT(MOD(INT((S6)/65536),256)/2^5),2)*MOD(INT(MOD(INT((U6)/65536),256)/2^5),2)*32+MOD(INT(MOD(INT((S6)/65536),256)/2^6),2)*MOD(INT(MOD(INT((U6)/65536),256)/2^6),2)*64+MOD(INT(MOD(INT((S6)/65536),256)/2^7),2)*MOD(INT(MOD(INT((U6)/65536),256)/2^7),2)*128)*65536+(MOD(INT(MOD(INT((S6)/16777216),256)/2^0),2)*MOD(INT(MOD(INT((U6)/16777216),256)/2^0),2)*1+MOD(INT(MOD(INT((S6)/16777216),256)/2^1),2)*MOD(INT(MOD(INT((U6)/16777216),256)/2^1),2)*2+MOD(INT(MOD(INT((S6)/16777216),256)/2^2),2)*MOD(INT(MOD(INT((U6)/16777216),256)/2^2),2)*4+MOD(INT(MOD(INT((S6)/16777216),256)/2^3),2)*MOD(INT(MOD(INT((U6)/16777216),256)/2^3),2)*8+MOD(INT(MOD(INT((S6)/16777216),256)/2^4),2)*MOD(INT(MOD(INT((U6)/16777216),256)/2^4),2)*16+MOD(INT(MOD(INT((S6)/16777216),256)/2^5),2)*MOD(INT(MOD(INT((U6)/16777216),256)/2^5),2)*32+MOD(INT(MOD(INT((S6)/16777216),256)/2^6),2)*MOD(INT(MOD(INT((U6)/16777216),256)/2^6),2)*64+MOD(INT(MOD(INT((S6)/16777216),256)/2^7),2)*MOD(INT(MOD(INT((U6)/16777216),256)/2^7),2)*128)*16777216) -> 279553 | Z6: =((MOD(INT(MOD(INT((T6)/1),256)/2^0),2)*MOD(INT(MOD(INT((V6)/1),256)/2^0),2)*1+MOD(INT(MOD(INT((T6)/1),256)/2^1),2)*MOD(INT(MOD(INT((V6)/1),256)/2^1),2)*2+MOD(INT(MOD(INT((T6)/1),256)/2^2),2)*MOD(INT(MOD(INT((V6)/1),256)/2^2),2)*4+MOD(INT(MOD(INT((T6)/1),256)/2^3),2)*MOD(INT(MOD(INT((V6)/1),256)/2^3),2)*8+MOD(INT(MOD(INT((T6)/1),256)/2^4),2)*MOD(INT(MOD(INT((V6)/1),256)/2^4),2)*16+MOD(INT(MOD(INT((T6)/1),256)/2^5),2)*MOD(INT(MOD(INT((V6)/1),256)/2^5),2)*32+MOD(INT(MOD(INT((T6)/1),256)/2^6),2)*MOD(INT(MOD(INT((V6)/1),256)/2^6),2)*64+MOD(INT(MOD(INT((T6)/1),256)/2^7),2)*MOD(INT(MOD(INT((V6)/1),256)/2^7),2)*128)*1+(MOD(INT(MOD(INT((T6)/256),256)/2^0),2)*MOD(INT(MOD(INT((V6)/256),256)/2^0),2)*1+MOD(INT(MOD(INT((T6)/256),256)/2^1),2)*MOD(INT(MOD(INT((V6)/256),256)/2^1),2)*2+MOD(INT(MOD(INT((T6)/256),256)/2^2),2)*MOD(INT(MOD(INT((V6)/256),256)/2^2),2)*4+MOD(INT(MOD(INT((T6)/256),256)/2^3),2)*MOD(INT(MOD(INT((V6)/256),256)/2^3),2)*8+MOD(INT(MOD(INT((T6)/256),256)/2^4),2)*MOD(INT(MOD(INT((V6)/256),256)/2^4),2)*16+MOD(INT(MOD(INT((T6)/256),256)/2^5),2)*MOD(INT(MOD(INT((V6)/256),256)/2^5),2)*32+MOD(INT(MOD(INT((T6)/256),256)/2^6),2)*MOD(INT(MOD(INT((V6)/256),256)/2^6),2)*64+MOD(INT(MOD(INT((T6)/256),256)/2^7),2)*MOD(INT(MOD(INT((V6)/256),256)/2^7),2)*128)*256+(MOD(INT(MOD(INT((T6)/65536),256)/2^0),2)*MOD(INT(MOD(INT((V6)/65536),256)/2^0),2)*1+MOD(INT(MOD(INT((T6)/65536),256)/2^1),2)*MOD(INT(MOD(INT((V6)/65536),256)/2^1),2)*2+MOD(INT(MOD(INT((T6)/65536),256)/2^2),2)*MOD(INT(MOD(INT((V6)/65536),256)/2^2),2)*4+MOD(INT(MOD(INT((T6)/65536),256)/2^3),2)*MOD(INT(MOD(INT((V6)/65536),256)/2^3),2)*8+MOD(INT(MOD(INT((T6)/65536),256)/2^4),2)*MOD(INT(MOD(INT((V6)/65536),256)/2^4),2)*16+MOD(INT(MOD(INT((T6)/65536),256)/2^5),2)*MOD(INT(MOD(INT((V6)/65536),256)/2^5),2)*32+MOD(INT(MOD(INT((T6)/65536),256)/2^6),2)*MOD(INT(MOD(INT((V6)/65536),256)/2^6),2)*64+MOD(INT(MOD(INT((T6)/65536),256)/2^7),2)*MOD(INT(MOD(INT((V6)/65536),256)/2^7),2)*128)*65536+(MOD(INT(MOD(INT((T6)/16777216),256)/2^0),2)*MOD(INT(MOD(INT((V6)/16777216),256)/2^0),2)*1+MOD(INT(MOD(INT((T6)/16777216),256)/2^1),2)*MOD(INT(MOD(INT((V6)/16777216),256)/2^1),2)*2+MOD(INT(MOD(INT((T6)/16777216),256)/2^2),2)*MOD(INT(MOD(INT((V6)/16777216),256)/2^2),2)*4+MOD(INT(MOD(INT((T6)/16777216),256)/2^3),2)*MOD(INT(MOD(INT((V6)/16777216),256)/2^3),2)*8+MOD(INT(MOD(INT((T6)/16777216),256)/2^4),2)*MOD(INT(MOD(INT((V6)/16777216),256)/2^4),2)*16+MOD(INT(MOD(INT((T6)/16777216),256)/2^5),2)*MOD(INT(MOD(INT((V6)/16777216),256)/2^5),2)*32+MOD(INT(MOD(INT((T6)/16777216),256)/2^6),2)*MOD(INT(MOD(INT((V6)/16777216),256)/2^6),2)*64+MOD(INT(MOD(INT((T6)/16777216),256)/2^7),2)*MOD(INT(MOD(INT((V6)/16777216),256)/2^7),2)*128)*16777216) -> 10396440 | AA6: =MOD(S6+U6-2*Y6,4294967296) -> 2884702330 | AB6: =MOD(T6+V6-2*Z6,4294967296) -> 3714145507 | AC6: =((MOD(INT(MOD(INT((AA6)/1),256)/2^0),2)*MOD(INT(MOD(INT((W6)/1),256)/2^0),2)*1+MOD(INT(MOD(INT((AA6)/1),256)/2^1),2)*MOD(INT(MOD(INT((W6)/1),256)/2^1),2)*2+MOD(INT(MOD(INT((AA6)/1),256)/2^2),2)*MOD(INT(MOD(INT((W6)/1),256)/2^2),2)*4+MOD(INT(MOD(INT((AA6)/1),256)/2^3),2)*MOD(INT(MOD(INT((W6)/1),256)/2^3),2)*8+MOD(INT(MOD(INT((AA6)/1),256)/2^4),2)*MOD(INT(MOD(INT((W6)/1),256)/2^4),2)*16+MOD(INT(MOD(INT((AA6)/1),256)/2^5),2)*MOD(INT(MOD(INT((W6)/1),256)/2^5),2)*32+MOD(INT(MOD(INT((AA6)/1),256)/2^6),2)*MOD(INT(MOD(INT((W6)/1),256)/2^6),2)*64+MOD(INT(MOD(INT((AA6)/1),256)/2^7),2)*MOD(INT(MOD(INT((W6)/1),256)/2^7),2)*128)*1+(MOD(INT(MOD(INT((AA6)/256),256)/2^0),2)*MOD(INT(MOD(INT((W6)/256),256)/2^0),2)*1+MOD(INT(MOD(INT((AA6)/256),256)/2^1),2)*MOD(INT(MOD(INT((W6)/256),256)/2^1),2)*2+MOD(INT(MOD(INT((AA6)/256),256)/2^2),2)*MOD(INT(MOD(INT((W6)/256),256)/2^2),2)*4+MOD(INT(MOD(INT((AA6)/256),256)/2^3),2)*MOD(INT(MOD(INT((W6)/256),256)/2^3),2)*8+MOD(INT(MOD(INT((AA6)/256),256)/2^4),2)*MOD(INT(MOD(INT((W6)/256),256)/2^4),2)*16+MOD(INT(MOD(INT((AA6)/256),256)/2^5),2)*MOD(INT(MOD(INT((W6)/256),256)/2^5),2)*32+MOD(INT(MOD(INT((AA6)/256),256)/2^6),2)*MOD(INT(MOD(INT((W6)/256),256)/2^6),2)*64+MOD(INT(MOD(INT((AA6)/256),256)/2^7),2)*MOD(INT(MOD(INT((W6)/256),256)/2^7),2)*128)*256+(MOD(INT(MOD(INT((AA6)/65536),256)/2^0),2)*MOD(INT(MOD(INT((W6)/65536),256)/2^0),2)*1+MOD(INT(MOD(INT((AA6)/65536),256)/2^1),2)*MOD(INT(MOD(INT((W6)/65536),256)/2^1),2)*2+MOD(INT(MOD(INT((AA6)/65536),256)/2^2),2)*MOD(INT(MOD(INT((W6)/65536),256)/2^2),2)*4+MOD(INT(MOD(INT((AA6)/65536),256)/2^3),2)*MOD(INT(MOD(INT((W6)/65536),256)/2^3),2)*8+MOD(INT(MOD(INT((AA6)/65536),256)/2^4),2)*MOD(INT(MOD(INT((W6)/65536),256)/2^4),2)*16+MOD(INT(MOD(INT((AA6)/65536),256)/2^5),2)*MOD(INT(MOD(INT((W6)/65536),256)/2^5),2)*32+MOD(INT(MOD(INT((AA6)/65536),256)/2^6),2)*MOD(INT(MOD(INT((W6)/65536),256)/2^6),2)*64+MOD(INT(MOD(INT((AA6)/65536),256)/2^7),2)*MOD(INT(MOD(INT((W6)/65536),256)/2^7),2)*128)*65536+(MOD(INT(MOD(INT((AA6)/16777216),256)/2^0),2)*MOD(INT(MOD(INT((W6)/16777216),256)/2^0),2)*1+MOD(INT(MOD(INT((AA6)/16777216),256)/2^1),2)*MOD(INT(MOD(INT((W6)/16777216),256)/2^1),2)*2+MOD(INT(MOD(INT((AA6)/16777216),256)/2^2),2)*MOD(INT(MOD(INT((W6)/16777216),256)/2^2),2)*4+MOD(INT(MOD(INT((AA6)/16777216),256)/2^3),2)*MOD(INT(MOD(INT((W6)/16777216),256)/2^3),2)*8+MOD(INT(MOD(INT((AA6)/16777216),256)/2^4),2)*MOD(INT(MOD(INT((W6)/16777216),256)/2^4),2)*16+MOD(INT(MOD(INT((AA6)/16777216),256)/2^5),2)*MOD(INT(MOD(INT((W6)/16777216),256)/2^5),2)*32+MOD(INT(MOD(INT((AA6)/16777216),256)/2^6),2)*MOD(INT(MOD(INT((W6)/16777216),256)/2^6),2)*64+MOD(INT(MOD(INT((AA6)/16777216),256)/2^7),2)*MOD(INT(MOD(INT((W6)/16777216),256)/2^7),2)*128)*16777216) -> 735055936 | AD6: =((MOD(INT(MOD(INT((AB6)/1),256)/2^0),2)*MOD(INT(MOD(INT((X6)/1),256)/2^0),2)*1+MOD(INT(MOD(INT((AB6)/1),256)/2^1),2)*MOD(INT(MOD(INT((X6)/1),256)/2^1),2)*2+MOD(INT(MOD(INT((AB6)/1),256)/2^2),2)*MOD(INT(MOD(INT((X6)/1),256)/2^2),2)*4+MOD(INT(MOD(INT((AB6)/1),256)/2^3),2)*MOD(INT(MOD(INT((X6)/1),256)/2^3),2)*8+MOD(INT(MOD(INT((AB6)/1),256)/2^4),2)*MOD(INT(MOD(INT((X6)/1),256)/2^4),2)*16+MOD(INT(MOD(INT((AB6)/1),256)/2^5),2)*MOD(INT(MOD(INT((X6)/1),256)/2^5),2)*32+MOD(INT(MOD(INT((AB6)/1),256)/2^6),2)*MOD(INT(MOD(INT((X6)/1),256)/2^6),2)*64+MOD(INT(MOD(INT((AB6)/1),256)/2^7),2)*MOD(INT(MOD(INT((X6)/1),256)/2^7),2)*128)*1+(MOD(INT(MOD(INT((AB6)/256),256)/2^0),2)*MOD(INT(MOD(INT((X6)/256),256)/2^0),2)*1+MOD(INT(MOD(INT((AB6)/256),256)/2^1),2)*MOD(INT(MOD(INT((X6)/256),256)/2^1),2)*2+MOD(INT(MOD(INT((AB6)/256),256)/2^2),2)*MOD(INT(MOD(INT((X6)/256),256)/2^2),2)*4+MOD(INT(MOD(INT((AB6)/256),256)/2^3),2)*MOD(INT(MOD(INT((X6)/256),256)/2^3),2)*8+MOD(INT(MOD(INT((AB6)/256),256)/2^4),2)*MOD(INT(MOD(INT((X6)/256),256)/2^4),2)*16+MOD(INT(MOD(INT((AB6)/256),256)/2^5),2)*MOD(INT(MOD(INT((X6)/256),256)/2^5),2)*32+MOD(INT(MOD(INT((AB6)/256),256)/2^6),2)*MOD(INT(MOD(INT((X6)/256),256)/2^6),2)*64+MOD(INT(MOD(INT((AB6)/256),256)/2^7),2)*MOD(INT(MOD(INT((X6)/256),256)/2^7),2)*128)*256+(MOD(INT(MOD(INT((AB6)/65536),256)/2^0),2)*MOD(INT(MOD(INT((X6)/65536),256)/2^0),2)*1+MOD(INT(MOD(INT((AB6)/65536),256)/2^1),2)*MOD(INT(MOD(INT((X6)/65536),256)/2^1),2)*2+MOD(INT(MOD(INT((AB6)/65536),256)/2^2),2)*MOD(INT(MOD(INT((X6)/65536),256)/2^2),2)*4+MOD(INT(MOD(INT((AB6)/65536),256)/2^3),2)*MOD(INT(MOD(INT((X6)/65536),256)/2^3),2)*8+MOD(INT(MOD(INT((AB6)/65536),256)/2^4),2)*MOD(INT(MOD(INT((X6)/65536),256)/2^4),2)*16+MOD(INT(MOD(INT((AB6)/65536),256)/2^5),2)*MOD(INT(MOD(INT((X6)/65536),256)/2^5),2)*32+MOD(INT(MOD(INT((AB6)/65536),256)/2^6),2)*MOD(INT(MOD(INT((X6)/65536),256)/2^6),2)*64+MOD(INT(MOD(INT((AB6)/65536),256)/2^7),2)*MOD(INT(MOD(INT((X6)/65536),256)/2^7),2)*128)*65536+(MOD(INT(MOD(INT((AB6)/16777216),256)/2^0),2)*MOD(INT(MOD(INT((X6)/16777216),256)/2^0),2)*1+MOD(INT(MOD(INT((AB6)/16777216),256)/2^1),2)*MOD(INT(MOD(INT((X6)/16777216),256)/2^1),2)*2+MOD(INT(MOD(INT((AB6)/16777216),256)/2^2),2)*MOD(INT(MOD(INT((X6)/16777216),256)/2^2),2)*4+MOD(INT(MOD(INT((AB6)/16777216),256)/2^3),2)*MOD(INT(MOD(INT((X6)/16777216),256)/2^3),2)*8+MOD(INT(MOD(INT((AB6)/16777216),256)/2^4),2)*MOD(INT(MOD(INT((X6)/16777216),256)/2^4),2)*16+MOD(INT(MOD(INT((AB6)/16777216),256)/2^5),2)*MOD(INT(MOD(INT((X6)/16777216),256)/2^5),2)*32+MOD(INT(MOD(INT((AB6)/16777216),256)/2^6),2)*MOD(INT(MOD(INT((X6)/16777216),256)/2^6),2)*64+MOD(INT(MOD(INT((AB6)/16777216),256)/2^7),2)*MOD(INT(MOD(INT((X6)/16777216),256)/2^7),2)*128)*16777216) -> 1210057761 | AE6: =MOD(AA6+W6-2*AC6,4294967296) -> 2485642043 | AF6: =MOD(AB6+X6-2*AD6,4294967296) -> 3049905098 | AG6: =MOD(INT(C5/2^28)+MOD(D5,2^28)*2^4,4294967296) -> 1003262086 | AH6: =MOD(INT(D5/2^28)+MOD(C5,2^28)*2^4,4294967296) -> 2694735487 | AI6: =MOD(INT(D5/2^2)+MOD(C5,2^2)*2^30,4294967296) -> 4243534402 | AJ6: =MOD(INT(C5/2^2)+MOD(D5,2^2)*2^30,4294967296) -> 444758425 | AK6: =MOD(INT(D5/2^7)+MOD(C5,2^7)*2^25,4294967296) -> 3488053650 | AL6: =MOD(INT(C5/2^7)+MOD(D5,2^7)*2^25,4294967296) -> 282334156 | AM6: =((MOD(INT(MOD(INT((AG6)/1),256)/2^0),2)*MOD(INT(MOD(INT((AI6)/1),256)/2^0),2)*1+MOD(INT(MOD(INT((AG6)/1),256)/2^1),2)*MOD(INT(MOD(INT((AI6)/1),256)/2^1),2)*2+MOD(INT(MOD(INT((AG6)/1),256)/2^2),2)*MOD(INT(MOD(INT((AI6)/1),256)/2^2),2)*4+MOD(INT(MOD(INT((AG6)/1),256)/2^3),2)*MOD(INT(MOD(INT((AI6)/1),256)/2^3),2)*8+MOD(INT(MOD(INT((AG6)/1),256)/2^4),2)*MOD(INT(MOD(INT((AI6)/1),256)/2^4),2)*16+MOD(INT(MOD(INT((AG6)/1),256)/2^5),2)*MOD(INT(MOD(INT((AI6)/1),256)/2^5),2)*32+MOD(INT(MOD(INT((AG6)/1),256)/2^6),2)*MOD(INT(MOD(INT((AI6)/1),256)/2^6),2)*64+MOD(INT(MOD(INT((AG6)/1),256)/2^7),2)*MOD(INT(MOD(INT((AI6)/1),256)/2^7),2)*128)*1+(MOD(INT(MOD(INT((AG6)/256),256)/2^0),2)*MOD(INT(MOD(INT((AI6)/256),256)/2^0),2)*1+MOD(INT(MOD(INT((AG6)/256),256)/2^1),2)*MOD(INT(MOD(INT((AI6)/256),256)/2^1),2)*2+MOD(INT(MOD(INT((AG6)/256),256)/2^2),2)*MOD(INT(MOD(INT((AI6)/256),256)/2^2),2)*4+MOD(INT(MOD(INT((AG6)/256),256)/2^3),2)*MOD(INT(MOD(INT((AI6)/256),256)/2^3),2)*8+MOD(INT(MOD(INT((AG6)/256),256)/2^4),2)*MOD(INT(MOD(INT((AI6)/256),256)/2^4),2)*16+MOD(INT(MOD(INT((AG6)/256),256)/2^5),2)*MOD(INT(MOD(INT((AI6)/256),256)/2^5),2)*32+MOD(INT(MOD(INT((AG6)/256),256)/2^6),2)*MOD(INT(MOD(INT((AI6)/256),256)/2^6),2)*64+MOD(INT(MOD(INT((AG6)/256),256)/2^7),2)*MOD(INT(MOD(INT((AI6)/256),256)/2^7),2)*128)*256+(MOD(INT(MOD(INT((AG6)/65536),256)/2^0),2)*MOD(INT(MOD(INT((AI6)/65536),256)/2^0),2)*1+MOD(INT(MOD(INT((AG6)/65536),256)/2^1),2)*MOD(INT(MOD(INT((AI6)/65536),256)/2^1),2)*2+MOD(INT(MOD(INT((AG6)/65536),256)/2^2),2)*MOD(INT(MOD(INT((AI6)/65536),256)/2^2),2)*4+MOD(INT(MOD(INT((AG6)/65536),256)/2^3),2)*MOD(INT(MOD(INT((AI6)/65536),256)/2^3),2)*8+MOD(INT(MOD(INT((AG6)/65536),256)/2^4),2)*MOD(INT(MOD(INT((AI6)/65536),256)/2^4),2)*16+MOD(INT(MOD(INT((AG6)/65536),256)/2^5),2)*MOD(INT(MOD(INT((AI6)/65536),256)/2^5),2)*32+MOD(INT(MOD(INT((AG6)/65536),256)/2^6),2)*MOD(INT(MOD(INT((AI6)/65536),256)/2^6),2)*64+MOD(INT(MOD(INT((AG6)/65536),256)/2^7),2)*MOD(INT(MOD(INT((AI6)/65536),256)/2^7),2)*128)*65536+(MOD(INT(MOD(INT((AG6)/16777216),256)/2^0),2)*MOD(INT(MOD(INT((AI6)/16777216),256)/2^0),2)*1+MOD(INT(MOD(INT((AG6)/16777216),256)/2^1),2)*MOD(INT(MOD(INT((AI6)/16777216),256)/2^1),2)*2+MOD(INT(MOD(INT((AG6)/16777216),256)/2^2),2)*MOD(INT(MOD(INT((AI6)/16777216),256)/2^2),2)*4+MOD(INT(MOD(INT((AG6)/16777216),256)/2^3),2)*MOD(INT(MOD(INT((AI6)/16777216),256)/2^3),2)*8+MOD(INT(MOD(INT((AG6)/16777216),256)/2^4),2)*MOD(INT(MOD(INT((AI6)/16777216),256)/2^4),2)*16+MOD(INT(MOD(INT((AG6)/16777216),256)/2^5),2)*MOD(INT(MOD(INT((AI6)/16777216),256)/2^5),2)*32+MOD(INT(MOD(INT((AG6)/16777216),256)/2^6),2)*MOD(INT(MOD(INT((AI6)/16777216),256)/2^6),2)*64+MOD(INT(MOD(INT((AG6)/16777216),256)/2^7),2)*MOD(INT(MOD(INT((AI6)/16777216),256)/2^7),2)*128)*16777216) -> 952897538 | AN6: =((MOD(INT(MOD(INT((AH6)/1),256)/2^0),2)*MOD(INT(MOD(INT((AJ6)/1),256)/2^0),2)*1+MOD(INT(MOD(INT((AH6)/1),256)/2^1),2)*MOD(INT(MOD(INT((AJ6)/1),256)/2^1),2)*2+MOD(INT(MOD(INT((AH6)/1),256)/2^2),2)*MOD(INT(MOD(INT((AJ6)/1),256)/2^2),2)*4+MOD(INT(MOD(INT((AH6)/1),256)/2^3),2)*MOD(INT(MOD(INT((AJ6)/1),256)/2^3),2)*8+MOD(INT(MOD(INT((AH6)/1),256)/2^4),2)*MOD(INT(MOD(INT((AJ6)/1),256)/2^4),2)*16+MOD(INT(MOD(INT((AH6)/1),256)/2^5),2)*MOD(INT(MOD(INT((AJ6)/1),256)/2^5),2)*32+MOD(INT(MOD(INT((AH6)/1),256)/2^6),2)*MOD(INT(MOD(INT((AJ6)/1),256)/2^6),2)*64+MOD(INT(MOD(INT((AH6)/1),256)/2^7),2)*MOD(INT(MOD(INT((AJ6)/1),256)/2^7),2)*128)*1+(MOD(INT(MOD(INT((AH6)/256),256)/2^0),2)*MOD(INT(MOD(INT((AJ6)/256),256)/2^0),2)*1+MOD(INT(MOD(INT((AH6)/256),256)/2^1),2)*MOD(INT(MOD(INT((AJ6)/256),256)/2^1),2)*2+MOD(INT(MOD(INT((AH6)/256),256)/2^2),2)*MOD(INT(MOD(INT((AJ6)/256),256)/2^2),2)*4+MOD(INT(MOD(INT((AH6)/256),256)/2^3),2)*MOD(INT(MOD(INT((AJ6)/256),256)/2^3),2)*8+MOD(INT(MOD(INT((AH6)/256),256)/2^4),2)*MOD(INT(MOD(INT((AJ6)/256),256)/2^4),2)*16+MOD(INT(MOD(INT((AH6)/256),256)/2^5),2)*MOD(INT(MOD(INT((AJ6)/256),256)/2^5),2)*32+MOD(INT(MOD(INT((AH6)/256),256)/2^6),2)*MOD(INT(MOD(INT((AJ6)/256),256)/2^6),2)*64+MOD(INT(MOD(INT((AH6)/256),256)/2^7),2)*MOD(INT(MOD(INT((AJ6)/256),256)/2^7),2)*128)*256+(MOD(INT(MOD(INT((AH6)/65536),256)/2^0),2)*MOD(INT(MOD(INT((AJ6)/65536),256)/2^0),2)*1+MOD(INT(MOD(INT((AH6)/65536),256)/2^1),2)*MOD(INT(MOD(INT((AJ6)/65536),256)/2^1),2)*2+MOD(INT(MOD(INT((AH6)/65536),256)/2^2),2)*MOD(INT(MOD(INT((AJ6)/65536),256)/2^2),2)*4+MOD(INT(MOD(INT((AH6)/65536),256)/2^3),2)*MOD(INT(MOD(INT((AJ6)/65536),256)/2^3),2)*8+MOD(INT(MOD(INT((AH6)/65536),256)/2^4),2)*MOD(INT(MOD(INT((AJ6)/65536),256)/2^4),2)*16+MOD(INT(MOD(INT((AH6)/65536),256)/2^5),2)*MOD(INT(MOD(INT((AJ6)/65536),256)/2^5),2)*32+MOD(INT(MOD(INT((AH6)/65536),256)/2^6),2)*MOD(INT(MOD(INT((AJ6)/65536),256)/2^6),2)*64+MOD(INT(MOD(INT((AH6)/65536),256)/2^7),2)*MOD(INT(MOD(INT((AJ6)/65536),256)/2^7),2)*128)*65536+(MOD(INT(MOD(INT((AH6)/16777216),256)/2^0),2)*MOD(INT(MOD(INT((AJ6)/16777216),256)/2^0),2)*1+MOD(INT(MOD(INT((AH6)/16777216),256)/2^1),2)*MOD(INT(MOD(INT((AJ6)/16777216),256)/2^1),2)*2+MOD(INT(MOD(INT((AH6)/16777216),256)/2^2),2)*MOD(INT(MOD(INT((AJ6)/16777216),256)/2^2),2)*4+MOD(INT(MOD(INT((AH6)/16777216),256)/2^3),2)*MOD(INT(MOD(INT((AJ6)/16777216),256)/2^3),2)*8+MOD(INT(MOD(INT((AH6)/16777216),256)/2^4),2)*MOD(INT(MOD(INT((AJ6)/16777216),256)/2^4),2)*16+MOD(INT(MOD(INT((AH6)/16777216),256)/2^5),2)*MOD(INT(MOD(INT((AJ6)/16777216),256)/2^5),2)*32+MOD(INT(MOD(INT((AH6)/16777216),256)/2^6),2)*MOD(INT(MOD(INT((AJ6)/16777216),256)/2^6),2)*64+MOD(INT(MOD(INT((AH6)/16777216),256)/2^7),2)*MOD(INT(MOD(INT((AJ6)/16777216),256)/2^7),2)*128)*16777216) -> 8544281 | AO6: =MOD(AG6+AI6-2*AM6,4294967296) -> 3341001412 | AP6: =MOD(AH6+AJ6-2*AN6,4294967296) -> 3122405350 | AQ6: =((MOD(INT(MOD(INT((AO6)/1),256)/2^0),2)*MOD(INT(MOD(INT((AK6)/1),256)/2^0),2)*1+MOD(INT(MOD(INT((AO6)/1),256)/2^1),2)*MOD(INT(MOD(INT((AK6)/1),256)/2^1),2)*2+MOD(INT(MOD(INT((AO6)/1),256)/2^2),2)*MOD(INT(MOD(INT((AK6)/1),256)/2^2),2)*4+MOD(INT(MOD(INT((AO6)/1),256)/2^3),2)*MOD(INT(MOD(INT((AK6)/1),256)/2^3),2)*8+MOD(INT(MOD(INT((AO6)/1),256)/2^4),2)*MOD(INT(MOD(INT((AK6)/1),256)/2^4),2)*16+MOD(INT(MOD(INT((AO6)/1),256)/2^5),2)*MOD(INT(MOD(INT((AK6)/1),256)/2^5),2)*32+MOD(INT(MOD(INT((AO6)/1),256)/2^6),2)*MOD(INT(MOD(INT((AK6)/1),256)/2^6),2)*64+MOD(INT(MOD(INT((AO6)/1),256)/2^7),2)*MOD(INT(MOD(INT((AK6)/1),256)/2^7),2)*128)*1+(MOD(INT(MOD(INT((AO6)/256),256)/2^0),2)*MOD(INT(MOD(INT((AK6)/256),256)/2^0),2)*1+MOD(INT(MOD(INT((AO6)/256),256)/2^1),2)*MOD(INT(MOD(INT((AK6)/256),256)/2^1),2)*2+MOD(INT(MOD(INT((AO6)/256),256)/2^2),2)*MOD(INT(MOD(INT((AK6)/256),256)/2^2),2)*4+MOD(INT(MOD(INT((AO6)/256),256)/2^3),2)*MOD(INT(MOD(INT((AK6)/256),256)/2^3),2)*8+MOD(INT(MOD(INT((AO6)/256),256)/2^4),2)*MOD(INT(MOD(INT((AK6)/256),256)/2^4),2)*16+MOD(INT(MOD(INT((AO6)/256),256)/2^5),2)*MOD(INT(MOD(INT((AK6)/256),256)/2^5),2)*32+MOD(INT(MOD(INT((AO6)/256),256)/2^6),2)*MOD(INT(MOD(INT((AK6)/256),256)/2^6),2)*64+MOD(INT(MOD(INT((AO6)/256),256)/2^7),2)*MOD(INT(MOD(INT((AK6)/256),256)/2^7),2)*128)*256+(MOD(INT(MOD(INT((AO6)/65536),256)/2^0),2)*MOD(INT(MOD(INT((AK6)/65536),256)/2^0),2)*1+MOD(INT(MOD(INT((AO6)/65536),256)/2^1),2)*MOD(INT(MOD(INT((AK6)/65536),256)/2^1),2)*2+MOD(INT(MOD(INT((AO6)/65536),256)/2^2),2)*MOD(INT(MOD(INT((AK6)/65536),256)/2^2),2)*4+MOD(INT(MOD(INT((AO6)/65536),256)/2^3),2)*MOD(INT(MOD(INT((AK6)/65536),256)/2^3),2)*8+MOD(INT(MOD(INT((AO6)/65536),256)/2^4),2)*MOD(INT(MOD(INT((AK6)/65536),256)/2^4),2)*16+MOD(INT(MOD(INT((AO6)/65536),256)/2^5),2)*MOD(INT(MOD(INT((AK6)/65536),256)/2^5),2)*32+MOD(INT(MOD(INT((AO6)/65536),256)/2^6),2)*MOD(INT(MOD(INT((AK6)/65536),256)/2^6),2)*64+MOD(INT(MOD(INT((AO6)/65536),256)/2^7),2)*MOD(INT(MOD(INT((AK6)/65536),256)/2^7),2)*128)*65536+(MOD(INT(MOD(INT((AO6)/16777216),256)/2^0),2)*MOD(INT(MOD(INT((AK6)/16777216),256)/2^0),2)*1+MOD(INT(MOD(INT((AO6)/16777216),256)/2^1),2)*MOD(INT(MOD(INT((AK6)/16777216),256)/2^1),2)*2+MOD(INT(MOD(INT((AO6)/16777216),256)/2^2),2)*MOD(INT(MOD(INT((AK6)/16777216),256)/2^2),2)*4+MOD(INT(MOD(INT((AO6)/16777216),256)/2^3),2)*MOD(INT(MOD(INT((AK6)/16777216),256)/2^3),2)*8+MOD(INT(MOD(INT((AO6)/16777216),256)/2^4),2)*MOD(INT(MOD(INT((AK6)/16777216),256)/2^4),2)*16+MOD(INT(MOD(INT((AO6)/16777216),256)/2^5),2)*MOD(INT(MOD(INT((AK6)/16777216),256)/2^5),2)*32+MOD(INT(MOD(INT((AO6)/16777216),256)/2^6),2)*MOD(INT(MOD(INT((AK6)/16777216),256)/2^6),2)*64+MOD(INT(MOD(INT((AO6)/16777216),256)/2^7),2)*MOD(INT(MOD(INT((AK6)/16777216),256)/2^7),2)*128)*16777216) -> 3340968064 | AR6: =((MOD(INT(MOD(INT((AP6)/1),256)/2^0),2)*MOD(INT(MOD(INT((AL6)/1),256)/2^0),2)*1+MOD(INT(MOD(INT((AP6)/1),256)/2^1),2)*MOD(INT(MOD(INT((AL6)/1),256)/2^1),2)*2+MOD(INT(MOD(INT((AP6)/1),256)/2^2),2)*MOD(INT(MOD(INT((AL6)/1),256)/2^2),2)*4+MOD(INT(MOD(INT((AP6)/1),256)/2^3),2)*MOD(INT(MOD(INT((AL6)/1),256)/2^3),2)*8+MOD(INT(MOD(INT((AP6)/1),256)/2^4),2)*MOD(INT(MOD(INT((AL6)/1),256)/2^4),2)*16+MOD(INT(MOD(INT((AP6)/1),256)/2^5),2)*MOD(INT(MOD(INT((AL6)/1),256)/2^5),2)*32+MOD(INT(MOD(INT((AP6)/1),256)/2^6),2)*MOD(INT(MOD(INT((AL6)/1),256)/2^6),2)*64+MOD(INT(MOD(INT((AP6)/1),256)/2^7),2)*MOD(INT(MOD(INT((AL6)/1),256)/2^7),2)*128)*1+(MOD(INT(MOD(INT((AP6)/256),256)/2^0),2)*MOD(INT(MOD(INT((AL6)/256),256)/2^0),2)*1+MOD(INT(MOD(INT((AP6)/256),256)/2^1),2)*MOD(INT(MOD(INT((AL6)/256),256)/2^1),2)*2+MOD(INT(MOD(INT((AP6)/256),256)/2^2),2)*MOD(INT(MOD(INT((AL6)/256),256)/2^2),2)*4+MOD(INT(MOD(INT((AP6)/256),256)/2^3),2)*MOD(INT(MOD(INT((AL6)/256),256)/2^3),2)*8+MOD(INT(MOD(INT((AP6)/256),256)/2^4),2)*MOD(INT(MOD(INT((AL6)/256),256)/2^4),2)*16+MOD(INT(MOD(INT((AP6)/256),256)/2^5),2)*MOD(INT(MOD(INT((AL6)/256),256)/2^5),2)*32+MOD(INT(MOD(INT((AP6)/256),256)/2^6),2)*MOD(INT(MOD(INT((AL6)/256),256)/2^6),2)*64+MOD(INT(MOD(INT((AP6)/256),256)/2^7),2)*MOD(INT(MOD(INT((AL6)/256),256)/2^7),2)*128)*256+(MOD(INT(MOD(INT((AP6)/65536),256)/2^0),2)*MOD(INT(MOD(INT((AL6)/65536),256)/2^0),2)*1+MOD(INT(MOD(INT((AP6)/65536),256)/2^1),2)*MOD(INT(MOD(INT((AL6)/65536),256)/2^1),2)*2+MOD(INT(MOD(INT((AP6)/65536),256)/2^2),2)*MOD(INT(MOD(INT((AL6)/65536),256)/2^2),2)*4+MOD(INT(MOD(INT((AP6)/65536),256)/2^3),2)*MOD(INT(MOD(INT((AL6)/65536),256)/2^3),2)*8+MOD(INT(MOD(INT((AP6)/65536),256)/2^4),2)*MOD(INT(MOD(INT((AL6)/65536),256)/2^4),2)*16+MOD(INT(MOD(INT((AP6)/65536),256)/2^5),2)*MOD(INT(MOD(INT((AL6)/65536),256)/2^5),2)*32+MOD(INT(MOD(INT((AP6)/65536),256)/2^6),2)*MOD(INT(MOD(INT((AL6)/65536),256)/2^6),2)*64+MOD(INT(MOD(INT((AP6)/65536),256)/2^7),2)*MOD(INT(MOD(INT((AL6)/65536),256)/2^7),2)*128)*65536+(MOD(INT(MOD(INT((AP6)/16777216),256)/2^0),2)*MOD(INT(MOD(INT((AL6)/16777216),256)/2^0),2)*1+MOD(INT(MOD(INT((AP6)/16777216),256)/2^1),2)*MOD(INT(MOD(INT((AL6)/16777216),256)/2^1),2)*2+MOD(INT(MOD(INT((AP6)/16777216),256)/2^2),2)*MOD(INT(MOD(INT((AL6)/16777216),256)/2^2),2)*4+MOD(INT(MOD(INT((AP6)/16777216),256)/2^3),2)*MOD(INT(MOD(INT((AL6)/16777216),256)/2^3),2)*8+MOD(INT(MOD(INT((AP6)/16777216),256)/2^4),2)*MOD(INT(MOD(INT((AL6)/16777216),256)/2^4),2)*16+MOD(INT(MOD(INT((AP6)/16777216),256)/2^5),2)*MOD(INT(MOD(INT((AL6)/16777216),256)/2^5),2)*32+MOD(INT(MOD(INT((AP6)/16777216),256)/2^6),2)*MOD(INT(MOD(INT((AL6)/16777216),256)/2^6),2)*64+MOD(INT(MOD(INT((AP6)/16777216),256)/2^7),2)*MOD(INT(MOD(INT((AL6)/16777216),256)/2^7),2)*128)*16777216) -> 269751236 | AS6: =MOD(AO6+AK6-2*AQ6,4294967296) -> 147118934 | AT6: =MOD(AP6+AL6-2*AR6,4294967296) -> 2865237034 | AU6: =((MOD(INT(MOD(INT((K5)/1),256)/2^0),2)*MOD(INT(MOD(INT((M5)/1),256)/2^0),2)*1+MOD(INT(MOD(INT((K5)/1),256)/2^1),2)*MOD(INT(MOD(INT((M5)/1),256)/2^1),2)*2+MOD(INT(MOD(INT((K5)/1),256)/2^2),2)*MOD(INT(MOD(INT((M5)/1),256)/2^2),2)*4+MOD(INT(MOD(INT((K5)/1),256)/2^3),2)*MOD(INT(MOD(INT((M5)/1),256)/2^3),2)*8+MOD(INT(MOD(INT((K5)/1),256)/2^4),2)*MOD(INT(MOD(INT((M5)/1),256)/2^4),2)*16+MOD(INT(MOD(INT((K5)/1),256)/2^5),2)*MOD(INT(MOD(INT((M5)/1),256)/2^5),2)*32+MOD(INT(MOD(INT((K5)/1),256)/2^6),2)*MOD(INT(MOD(INT((M5)/1),256)/2^6),2)*64+MOD(INT(MOD(INT((K5)/1),256)/2^7),2)*MOD(INT(MOD(INT((M5)/1),256)/2^7),2)*128)*1+(MOD(INT(MOD(INT((K5)/256),256)/2^0),2)*MOD(INT(MOD(INT((M5)/256),256)/2^0),2)*1+MOD(INT(MOD(INT((K5)/256),256)/2^1),2)*MOD(INT(MOD(INT((M5)/256),256)/2^1),2)*2+MOD(INT(MOD(INT((K5)/256),256)/2^2),2)*MOD(INT(MOD(INT((M5)/256),256)/2^2),2)*4+MOD(INT(MOD(INT((K5)/256),256)/2^3),2)*MOD(INT(MOD(INT((M5)/256),256)/2^3),2)*8+MOD(INT(MOD(INT((K5)/256),256)/2^4),2)*MOD(INT(MOD(INT((M5)/256),256)/2^4),2)*16+MOD(INT(MOD(INT((K5)/256),256)/2^5),2)*MOD(INT(MOD(INT((M5)/256),256)/2^5),2)*32+MOD(INT(MOD(INT((K5)/256),256)/2^6),2)*MOD(INT(MOD(INT((M5)/256),256)/2^6),2)*64+MOD(INT(MOD(INT((K5)/256),256)/2^7),2)*MOD(INT(MOD(INT((M5)/256),256)/2^7),2)*128)*256+(MOD(INT(MOD(INT((K5)/65536),256)/2^0),2)*MOD(INT(MOD(INT((M5)/65536),256)/2^0),2)*1+MOD(INT(MOD(INT((K5)/65536),256)/2^1),2)*MOD(INT(MOD(INT((M5)/65536),256)/2^1),2)*2+MOD(INT(MOD(INT((K5)/65536),256)/2^2),2)*MOD(INT(MOD(INT((M5)/65536),256)/2^2),2)*4+MOD(INT(MOD(INT((K5)/65536),256)/2^3),2)*MOD(INT(MOD(INT((M5)/65536),256)/2^3),2)*8+MOD(INT(MOD(INT((K5)/65536),256)/2^4),2)*MOD(INT(MOD(INT((M5)/65536),256)/2^4),2)*16+MOD(INT(MOD(INT((K5)/65536),256)/2^5),2)*MOD(INT(MOD(INT((M5)/65536),256)/2^5),2)*32+MOD(INT(MOD(INT((K5)/65536),256)/2^6),2)*MOD(INT(MOD(INT((M5)/65536),256)/2^6),2)*64+MOD(INT(MOD(INT((K5)/65536),256)/2^7),2)*MOD(INT(MOD(INT((M5)/65536),256)/2^7),2)*128)*65536+(MOD(INT(MOD(INT((K5)/16777216),256)/2^0),2)*MOD(INT(MOD(INT((M5)/16777216),256)/2^0),2)*1+MOD(INT(MOD(INT((K5)/16777216),256)/2^1),2)*MOD(INT(MOD(INT((M5)/16777216),256)/2^1),2)*2+MOD(INT(MOD(INT((K5)/16777216),256)/2^2),2)*MOD(INT(MOD(INT((M5)/16777216),256)/2^2),2)*4+MOD(INT(MOD(INT((K5)/16777216),256)/2^3),2)*MOD(INT(MOD(INT((M5)/16777216),256)/2^3),2)*8+MOD(INT(MOD(INT((K5)/16777216),256)/2^4),2)*MOD(INT(MOD(INT((M5)/16777216),256)/2^4),2)*16+MOD(INT(MOD(INT((K5)/16777216),256)/2^5),2)*MOD(INT(MOD(INT((M5)/16777216),256)/2^5),2)*32+MOD(INT(MOD(INT((K5)/16777216),256)/2^6),2)*MOD(INT(MOD(INT((M5)/16777216),256)/2^6),2)*64+MOD(INT(MOD(INT((K5)/16777216),256)/2^7),2)*MOD(INT(MOD(INT((M5)/16777216),256)/2^7),2)*128)*16777216) -> 285491212 | AV6: =((MOD(INT(MOD(INT((L5)/1),256)/2^0),2)*MOD(INT(MOD(INT((N5)/1),256)/2^0),2)*1+MOD(INT(MOD(INT((L5)/1),256)/2^1),2)*MOD(INT(MOD(INT((N5)/1),256)/2^1),2)*2+MOD(INT(MOD(INT((L5)/1),256)/2^2),2)*MOD(INT(MOD(INT((N5)/1),256)/2^2),2)*4+MOD(INT(MOD(INT((L5)/1),256)/2^3),2)*MOD(INT(MOD(INT((N5)/1),256)/2^3),2)*8+MOD(INT(MOD(INT((L5)/1),256)/2^4),2)*MOD(INT(MOD(INT((N5)/1),256)/2^4),2)*16+MOD(INT(MOD(INT((L5)/1),256)/2^5),2)*MOD(INT(MOD(INT((N5)/1),256)/2^5),2)*32+MOD(INT(MOD(INT((L5)/1),256)/2^6),2)*MOD(INT(MOD(INT((N5)/1),256)/2^6),2)*64+MOD(INT(MOD(INT((L5)/1),256)/2^7),2)*MOD(INT(MOD(INT((N5)/1),256)/2^7),2)*128)*1+(MOD(INT(MOD(INT((L5)/256),256)/2^0),2)*MOD(INT(MOD(INT((N5)/256),256)/2^0),2)*1+MOD(INT(MOD(INT((L5)/256),256)/2^1),2)*MOD(INT(MOD(INT((N5)/256),256)/2^1),2)*2+MOD(INT(MOD(INT((L5)/256),256)/2^2),2)*MOD(INT(MOD(INT((N5)/256),256)/2^2),2)*4+MOD(INT(MOD(INT((L5)/256),256)/2^3),2)*MOD(INT(MOD(INT((N5)/256),256)/2^3),2)*8+MOD(INT(MOD(INT((L5)/256),256)/2^4),2)*MOD(INT(MOD(INT((N5)/256),256)/2^4),2)*16+MOD(INT(MOD(INT((L5)/256),256)/2^5),2)*MOD(INT(MOD(INT((N5)/256),256)/2^5),2)*32+MOD(INT(MOD(INT((L5)/256),256)/2^6),2)*MOD(INT(MOD(INT((N5)/256),256)/2^6),2)*64+MOD(INT(MOD(INT((L5)/256),256)/2^7),2)*MOD(INT(MOD(INT((N5)/256),256)/2^7),2)*128)*256+(MOD(INT(MOD(INT((L5)/65536),256)/2^0),2)*MOD(INT(MOD(INT((N5)/65536),256)/2^0),2)*1+MOD(INT(MOD(INT((L5)/65536),256)/2^1),2)*MOD(INT(MOD(INT((N5)/65536),256)/2^1),2)*2+MOD(INT(MOD(INT((L5)/65536),256)/2^2),2)*MOD(INT(MOD(INT((N5)/65536),256)/2^2),2)*4+MOD(INT(MOD(INT((L5)/65536),256)/2^3),2)*MOD(INT(MOD(INT((N5)/65536),256)/2^3),2)*8+MOD(INT(MOD(INT((L5)/65536),256)/2^4),2)*MOD(INT(MOD(INT((N5)/65536),256)/2^4),2)*16+MOD(INT(MOD(INT((L5)/65536),256)/2^5),2)*MOD(INT(MOD(INT((N5)/65536),256)/2^5),2)*32+MOD(INT(MOD(INT((L5)/65536),256)/2^6),2)*MOD(INT(MOD(INT((N5)/65536),256)/2^6),2)*64+MOD(INT(MOD(INT((L5)/65536),256)/2^7),2)*MOD(INT(MOD(INT((N5)/65536),256)/2^7),2)*128)*65536+(MOD(INT(MOD(INT((L5)/16777216),256)/2^0),2)*MOD(INT(MOD(INT((N5)/16777216),256)/2^0),2)*1+MOD(INT(MOD(INT((L5)/16777216),256)/2^1),2)*MOD(INT(MOD(INT((N5)/16777216),256)/2^1),2)*2+MOD(INT(MOD(INT((L5)/16777216),256)/2^2),2)*MOD(INT(MOD(INT((N5)/16777216),256)/2^2),2)*4+MOD(INT(MOD(INT((L5)/16777216),256)/2^3),2)*MOD(INT(MOD(INT((N5)/16777216),256)/2^3),2)*8+MOD(INT(MOD(INT((L5)/16777216),256)/2^4),2)*MOD(INT(MOD(INT((N5)/16777216),256)/2^4),2)*16+MOD(INT(MOD(INT((L5)/16777216),256)/2^5),2)*MOD(INT(MOD(INT((N5)/16777216),256)/2^5),2)*32+MOD(INT(MOD(INT((L5)/16777216),256)/2^6),2)*MOD(INT(MOD(INT((N5)/16777216),256)/2^6),2)*64+MOD(INT(MOD(INT((L5)/16777216),256)/2^7),2)*MOD(INT(MOD(INT((N5)/16777216),256)/2^7),2)*128)*16777216) -> 690356241 | AW6: =((MOD(INT(MOD(INT(((4294967295-K5))/1),256)/2^0),2)*MOD(INT(MOD(INT((O5)/1),256)/2^0),2)*1+MOD(INT(MOD(INT(((4294967295-K5))/1),256)/2^1),2)*MOD(INT(MOD(INT((O5)/1),256)/2^1),2)*2+MOD(INT(MOD(INT(((4294967295-K5))/1),256)/2^2),2)*MOD(INT(MOD(INT((O5)/1),256)/2^2),2)*4+MOD(INT(MOD(INT(((4294967295-K5))/1),256)/2^3),2)*MOD(INT(MOD(INT((O5)/1),256)/2^3),2)*8+MOD(INT(MOD(INT(((4294967295-K5))/1),256)/2^4),2)*MOD(INT(MOD(INT((O5)/1),256)/2^4),2)*16+MOD(INT(MOD(INT(((4294967295-K5))/1),256)/2^5),2)*MOD(INT(MOD(INT((O5)/1),256)/2^5),2)*32+MOD(INT(MOD(INT(((4294967295-K5))/1),256)/2^6),2)*MOD(INT(MOD(INT((O5)/1),256)/2^6),2)*64+MOD(INT(MOD(INT(((4294967295-K5))/1),256)/2^7),2)*MOD(INT(MOD(INT((O5)/1),256)/2^7),2)*128)*1+(MOD(INT(MOD(INT(((4294967295-K5))/256),256)/2^0),2)*MOD(INT(MOD(INT((O5)/256),256)/2^0),2)*1+MOD(INT(MOD(INT(((4294967295-K5))/256),256)/2^1),2)*MOD(INT(MOD(INT((O5)/256),256)/2^1),2)*2+MOD(INT(MOD(INT(((4294967295-K5))/256),256)/2^2),2)*MOD(INT(MOD(INT((O5)/256),256)/2^2),2)*4+MOD(INT(MOD(INT(((4294967295-K5))/256),256)/2^3),2)*MOD(INT(MOD(INT((O5)/256),256)/2^3),2)*8+MOD(INT(MOD(INT(((4294967295-K5))/256),256)/2^4),2)*MOD(INT(MOD(INT((O5)/256),256)/2^4),2)*16+MOD(INT(MOD(INT(((4294967295-K5))/256),256)/2^5),2)*MOD(INT(MOD(INT((O5)/256),256)/2^5),2)*32+MOD(INT(MOD(INT(((4294967295-K5))/256),256)/2^6),2)*MOD(INT(MOD(INT((O5)/256),256)/2^6),2)*64+MOD(INT(MOD(INT(((4294967295-K5))/256),256)/2^7),2)*MOD(INT(MOD(INT((O5)/256),256)/2^7),2)*128)*256+(MOD(INT(MOD(INT(((4294967295-K5))/65536),256)/2^0),2)*MOD(INT(MOD(INT((O5)/65536),256)/2^0),2)*1+MOD(INT(MOD(INT(((4294967295-K5))/65536),256)/2^1),2)*MOD(INT(MOD(INT((O5)/65536),256)/2^1),2)*2+MOD(INT(MOD(INT(((4294967295-K5))/65536),256)/2^2),2)*MOD(INT(MOD(INT((O5)/65536),256)/2^2),2)*4+MOD(INT(MOD(INT(((4294967295-K5))/65536),256)/2^3),2)*MOD(INT(MOD(INT((O5)/65536),256)/2^3),2)*8+MOD(INT(MOD(INT(((4294967295-K5))/65536),256)/2^4),2)*MOD(INT(MOD(INT((O5)/65536),256)/2^4),2)*16+MOD(INT(MOD(INT(((4294967295-K5))/65536),256)/2^5),2)*MOD(INT(MOD(INT((O5)/65536),256)/2^5),2)*32+MOD(INT(MOD(INT(((4294967295-K5))/65536),256)/2^6),2)*MOD(INT(MOD(INT((O5)/65536),256)/2^6),2)*64+MOD(INT(MOD(INT(((4294967295-K5))/65536),256)/2^7),2)*MOD(INT(MOD(INT((O5)/65536),256)/2^7),2)*128)*65536+(MOD(INT(MOD(INT(((4294967295-K5))/16777216),256)/2^0),2)*MOD(INT(MOD(INT((O5)/16777216),256)/2^0),2)*1+MOD(INT(MOD(INT(((4294967295-K5))/16777216),256)/2^1),2)*MOD(INT(MOD(INT((O5)/16777216),256)/2^1),2)*2+MOD(INT(MOD(INT(((4294967295-K5))/16777216),256)/2^2),2)*MOD(INT(MOD(INT((O5)/16777216),256)/2^2),2)*4+MOD(INT(MOD(INT(((4294967295-K5))/16777216),256)/2^3),2)*MOD(INT(MOD(INT((O5)/16777216),256)/2^3),2)*8+MOD(INT(MOD(INT(((4294967295-K5))/16777216),256)/2^4),2)*MOD(INT(MOD(INT((O5)/16777216),256)/2^4),2)*16+MOD(INT(MOD(INT(((4294967295-K5))/16777216),256)/2^5),2)*MOD(INT(MOD(INT((O5)/16777216),256)/2^5),2)*32+MOD(INT(MOD(INT(((4294967295-K5))/16777216),256)/2^6),2)*MOD(INT(MOD(INT((O5)/16777216),256)/2^6),2)*64+MOD(INT(MOD(INT(((4294967295-K5))/16777216),256)/2^7),2)*MOD(INT(MOD(INT((O5)/16777216),256)/2^7),2)*128)*16777216) -> 243370368 | AX6: =((MOD(INT(MOD(INT(((4294967295-L5))/1),256)/2^0),2)*MOD(INT(MOD(INT((P5)/1),256)/2^0),2)*1+MOD(INT(MOD(INT(((4294967295-L5))/1),256)/2^1),2)*MOD(INT(MOD(INT((P5)/1),256)/2^1),2)*2+MOD(INT(MOD(INT(((4294967295-L5))/1),256)/2^2),2)*MOD(INT(MOD(INT((P5)/1),256)/2^2),2)*4+MOD(INT(MOD(INT(((4294967295-L5))/1),256)/2^3),2)*MOD(INT(MOD(INT((P5)/1),256)/2^3),2)*8+MOD(INT(MOD(INT(((4294967295-L5))/1),256)/2^4),2)*MOD(INT(MOD(INT((P5)/1),256)/2^4),2)*16+MOD(INT(MOD(INT(((4294967295-L5))/1),256)/2^5),2)*MOD(INT(MOD(INT((P5)/1),256)/2^5),2)*32+MOD(INT(MOD(INT(((4294967295-L5))/1),256)/2^6),2)*MOD(INT(MOD(INT((P5)/1),256)/2^6),2)*64+MOD(INT(MOD(INT(((4294967295-L5))/1),256)/2^7),2)*MOD(INT(MOD(INT((P5)/1),256)/2^7),2)*128)*1+(MOD(INT(MOD(INT(((4294967295-L5))/256),256)/2^0),2)*MOD(INT(MOD(INT((P5)/256),256)/2^0),2)*1+MOD(INT(MOD(INT(((4294967295-L5))/256),256)/2^1),2)*MOD(INT(MOD(INT((P5)/256),256)/2^1),2)*2+MOD(INT(MOD(INT(((4294967295-L5))/256),256)/2^2),2)*MOD(INT(MOD(INT((P5)/256),256)/2^2),2)*4+MOD(INT(MOD(INT(((4294967295-L5))/256),256)/2^3),2)*MOD(INT(MOD(INT((P5)/256),256)/2^3),2)*8+MOD(INT(MOD(INT(((4294967295-L5))/256),256)/2^4),2)*MOD(INT(MOD(INT((P5)/256),256)/2^4),2)*16+MOD(INT(MOD(INT(((4294967295-L5))/256),256)/2^5),2)*MOD(INT(MOD(INT((P5)/256),256)/2^5),2)*32+MOD(INT(MOD(INT(((4294967295-L5))/256),256)/2^6),2)*MOD(INT(MOD(INT((P5)/256),256)/2^6),2)*64+MOD(INT(MOD(INT(((4294967295-L5))/256),256)/2^7),2)*MOD(INT(MOD(INT((P5)/256),256)/2^7),2)*128)*256+(MOD(INT(MOD(INT(((4294967295-L5))/65536),256)/2^0),2)*MOD(INT(MOD(INT((P5)/65536),256)/2^0),2)*1+MOD(INT(MOD(INT(((4294967295-L5))/65536),256)/2^1),2)*MOD(INT(MOD(INT((P5)/65536),256)/2^1),2)*2+MOD(INT(MOD(INT(((4294967295-L5))/65536),256)/2^2),2)*MOD(INT(MOD(INT((P5)/65536),256)/2^2),2)*4+MOD(INT(MOD(INT(((4294967295-L5))/65536),256)/2^3),2)*MOD(INT(MOD(INT((P5)/65536),256)/2^3),2)*8+MOD(INT(MOD(INT(((4294967295-L5))/65536),256)/2^4),2)*MOD(INT(MOD(INT((P5)/65536),256)/2^4),2)*16+MOD(INT(MOD(INT(((4294967295-L5))/65536),256)/2^5),2)*MOD(INT(MOD(INT((P5)/65536),256)/2^5),2)*32+MOD(INT(MOD(INT(((4294967295-L5))/65536),256)/2^6),2)*MOD(INT(MOD(INT((P5)/65536),256)/2^6),2)*64+MOD(INT(MOD(INT(((4294967295-L5))/65536),256)/2^7),2)*MOD(INT(MOD(INT((P5)/65536),256)/2^7),2)*128)*65536+(MOD(INT(MOD(INT(((4294967295-L5))/16777216),256)/2^0),2)*MOD(INT(MOD(INT((P5)/16777216),256)/2^0),2)*1+MOD(INT(MOD(INT(((4294967295-L5))/16777216),256)/2^1),2)*MOD(INT(MOD(INT((P5)/16777216),256)/2^1),2)*2+MOD(INT(MOD(INT(((4294967295-L5))/16777216),256)/2^2),2)*MOD(INT(MOD(INT((P5)/16777216),256)/2^2),2)*4+MOD(INT(MOD(INT(((4294967295-L5))/16777216),256)/2^3),2)*MOD(INT(MOD(INT((P5)/16777216),256)/2^3),2)*8+MOD(INT(MOD(INT(((4294967295-L5))/16777216),256)/2^4),2)*MOD(INT(MOD(INT((P5)/16777216),256)/2^4),2)*16+MOD(INT(MOD(INT(((4294967295-L5))/16777216),256)/2^5),2)*MOD(INT(MOD(INT((P5)/16777216),256)/2^5),2)*32+MOD(INT(MOD(INT(((4294967295-L5))/16777216),256)/2^6),2)*MOD(INT(MOD(INT((P5)/16777216),256)/2^6),2)*64+MOD(INT(MOD(INT(((4294967295-L5))/16777216),256)/2^7),2)*MOD(INT(MOD(INT((P5)/16777216),256)/2^7),2)*128)*16777216) -> 1375812906 | BA6: =MOD(AU6+AW6,4294967296) -> 528861580 | BB6: =MOD(AV6+AX6,4294967296) -> 2066169147 | BC6: =((MOD(INT(MOD(INT((C5)/1),256)/2^0),2)*MOD(INT(MOD(INT((E5)/1),256)/2^0),2)*1+MOD(INT(MOD(INT((C5)/1),256)/2^1),2)*MOD(INT(MOD(INT((E5)/1),256)/2^1),2)*2+MOD(INT(MOD(INT((C5)/1),256)/2^2),2)*MOD(INT(MOD(INT((E5)/1),256)/2^2),2)*4+MOD(INT(MOD(INT((C5)/1),256)/2^3),2)*MOD(INT(MOD(INT((E5)/1),256)/2^3),2)*8+MOD(INT(MOD(INT((C5)/1),256)/2^4),2)*MOD(INT(MOD(INT((E5)/1),256)/2^4),2)*16+MOD(INT(MOD(INT((C5)/1),256)/2^5),2)*MOD(INT(MOD(INT((E5)/1),256)/2^5),2)*32+MOD(INT(MOD(INT((C5)/1),256)/2^6),2)*MOD(INT(MOD(INT((E5)/1),256)/2^6),2)*64+MOD(INT(MOD(INT((C5)/1),256)/2^7),2)*MOD(INT(MOD(INT((E5)/1),256)/2^7),2)*128)*1+(MOD(INT(MOD(INT((C5)/256),256)/2^0),2)*MOD(INT(MOD(INT((E5)/256),256)/2^0),2)*1+MOD(INT(MOD(INT((C5)/256),256)/2^1),2)*MOD(INT(MOD(INT((E5)/256),256)/2^1),2)*2+MOD(INT(MOD(INT((C5)/256),256)/2^2),2)*MOD(INT(MOD(INT((E5)/256),256)/2^2),2)*4+MOD(INT(MOD(INT((C5)/256),256)/2^3),2)*MOD(INT(MOD(INT((E5)/256),256)/2^3),2)*8+MOD(INT(MOD(INT((C5)/256),256)/2^4),2)*MOD(INT(MOD(INT((E5)/256),256)/2^4),2)*16+MOD(INT(MOD(INT((C5)/256),256)/2^5),2)*MOD(INT(MOD(INT((E5)/256),256)/2^5),2)*32+MOD(INT(MOD(INT((C5)/256),256)/2^6),2)*MOD(INT(MOD(INT((E5)/256),256)/2^6),2)*64+MOD(INT(MOD(INT((C5)/256),256)/2^7),2)*MOD(INT(MOD(INT((E5)/256),256)/2^7),2)*128)*256+(MOD(INT(MOD(INT((C5)/65536),256)/2^0),2)*MOD(INT(MOD(INT((E5)/65536),256)/2^0),2)*1+MOD(INT(MOD(INT((C5)/65536),256)/2^1),2)*MOD(INT(MOD(INT((E5)/65536),256)/2^1),2)*2+MOD(INT(MOD(INT((C5)/65536),256)/2^2),2)*MOD(INT(MOD(INT((E5)/65536),256)/2^2),2)*4+MOD(INT(MOD(INT((C5)/65536),256)/2^3),2)*MOD(INT(MOD(INT((E5)/65536),256)/2^3),2)*8+MOD(INT(MOD(INT((C5)/65536),256)/2^4),2)*MOD(INT(MOD(INT((E5)/65536),256)/2^4),2)*16+MOD(INT(MOD(INT((C5)/65536),256)/2^5),2)*MOD(INT(MOD(INT((E5)/65536),256)/2^5),2)*32+MOD(INT(MOD(INT((C5)/65536),256)/2^6),2)*MOD(INT(MOD(INT((E5)/65536),256)/2^6),2)*64+MOD(INT(MOD(INT((C5)/65536),256)/2^7),2)*MOD(INT(MOD(INT((E5)/65536),256)/2^7),2)*128)*65536+(MOD(INT(MOD(INT((C5)/16777216),256)/2^0),2)*MOD(INT(MOD(INT((E5)/16777216),256)/2^0),2)*1+MOD(INT(MOD(INT((C5)/16777216),256)/2^1),2)*MOD(INT(MOD(INT((E5)/16777216),256)/2^1),2)*2+MOD(INT(MOD(INT((C5)/16777216),256)/2^2),2)*MOD(INT(MOD(INT((E5)/16777216),256)/2^2),2)*4+MOD(INT(MOD(INT((C5)/16777216),256)/2^3),2)*MOD(INT(MOD(INT((E5)/16777216),256)/2^3),2)*8+MOD(INT(MOD(INT((C5)/16777216),256)/2^4),2)*MOD(INT(MOD(INT((E5)/16777216),256)/2^4),2)*16+MOD(INT(MOD(INT((C5)/16777216),256)/2^5),2)*MOD(INT(MOD(INT((E5)/16777216),256)/2^5),2)*32+MOD(INT(MOD(INT((C5)/16777216),256)/2^6),2)*MOD(INT(MOD(INT((E5)/16777216),256)/2^6),2)*64+MOD(INT(MOD(INT((C5)/16777216),256)/2^7),2)*MOD(INT(MOD(INT((E5)/16777216),256)/2^7),2)*128)*16777216) -> 704751109 | BD6: =((MOD(INT(MOD(INT((D5)/1),256)/2^0),2)*MOD(INT(MOD(INT((F5)/1),256)/2^0),2)*1+MOD(INT(MOD(INT((D5)/1),256)/2^1),2)*MOD(INT(MOD(INT((F5)/1),256)/2^1),2)*2+MOD(INT(MOD(INT((D5)/1),256)/2^2),2)*MOD(INT(MOD(INT((F5)/1),256)/2^2),2)*4+MOD(INT(MOD(INT((D5)/1),256)/2^3),2)*MOD(INT(MOD(INT((F5)/1),256)/2^3),2)*8+MOD(INT(MOD(INT((D5)/1),256)/2^4),2)*MOD(INT(MOD(INT((F5)/1),256)/2^4),2)*16+MOD(INT(MOD(INT((D5)/1),256)/2^5),2)*MOD(INT(MOD(INT((F5)/1),256)/2^5),2)*32+MOD(INT(MOD(INT((D5)/1),256)/2^6),2)*MOD(INT(MOD(INT((F5)/1),256)/2^6),2)*64+MOD(INT(MOD(INT((D5)/1),256)/2^7),2)*MOD(INT(MOD(INT((F5)/1),256)/2^7),2)*128)*1+(MOD(INT(MOD(INT((D5)/256),256)/2^0),2)*MOD(INT(MOD(INT((F5)/256),256)/2^0),2)*1+MOD(INT(MOD(INT((D5)/256),256)/2^1),2)*MOD(INT(MOD(INT((F5)/256),256)/2^1),2)*2+MOD(INT(MOD(INT((D5)/256),256)/2^2),2)*MOD(INT(MOD(INT((F5)/256),256)/2^2),2)*4+MOD(INT(MOD(INT((D5)/256),256)/2^3),2)*MOD(INT(MOD(INT((F5)/256),256)/2^3),2)*8+MOD(INT(MOD(INT((D5)/256),256)/2^4),2)*MOD(INT(MOD(INT((F5)/256),256)/2^4),2)*16+MOD(INT(MOD(INT((D5)/256),256)/2^5),2)*MOD(INT(MOD(INT((F5)/256),256)/2^5),2)*32+MOD(INT(MOD(INT((D5)/256),256)/2^6),2)*MOD(INT(MOD(INT((F5)/256),256)/2^6),2)*64+MOD(INT(MOD(INT((D5)/256),256)/2^7),2)*MOD(INT(MOD(INT((F5)/256),256)/2^7),2)*128)*256+(MOD(INT(MOD(INT((D5)/65536),256)/2^0),2)*MOD(INT(MOD(INT((F5)/65536),256)/2^0),2)*1+MOD(INT(MOD(INT((D5)/65536),256)/2^1),2)*MOD(INT(MOD(INT((F5)/65536),256)/2^1),2)*2+MOD(INT(MOD(INT((D5)/65536),256)/2^2),2)*MOD(INT(MOD(INT((F5)/65536),256)/2^2),2)*4+MOD(INT(MOD(INT((D5)/65536),256)/2^3),2)*MOD(INT(MOD(INT((F5)/65536),256)/2^3),2)*8+MOD(INT(MOD(INT((D5)/65536),256)/2^4),2)*MOD(INT(MOD(INT((F5)/65536),256)/2^4),2)*16+MOD(INT(MOD(INT((D5)/65536),256)/2^5),2)*MOD(INT(MOD(INT((F5)/65536),256)/2^5),2)*32+MOD(INT(MOD(INT((D5)/65536),256)/2^6),2)*MOD(INT(MOD(INT((F5)/65536),256)/2^6),2)*64+MOD(INT(MOD(INT((D5)/65536),256)/2^7),2)*MOD(INT(MOD(INT((F5)/65536),256)/2^7),2)*128)*65536+(MOD(INT(MOD(INT((D5)/16777216),256)/2^0),2)*MOD(INT(MOD(INT((F5)/16777216),256)/2^0),2)*1+MOD(INT(MOD(INT((D5)/16777216),256)/2^1),2)*MOD(INT(MOD(INT((F5)/16777216),256)/2^1),2)*2+MOD(INT(MOD(INT((D5)/16777216),256)/2^2),2)*MOD(INT(MOD(INT((F5)/16777216),256)/2^2),2)*4+MOD(INT(MOD(INT((D5)/16777216),256)/2^3),2)*MOD(INT(MOD(INT((F5)/16777216),256)/2^3),2)*8+MOD(INT(MOD(INT((D5)/16777216),256)/2^4),2)*MOD(INT(MOD(INT((F5)/16777216),256)/2^4),2)*16+MOD(INT(MOD(INT((D5)/16777216),256)/2^5),2)*MOD(INT(MOD(INT((F5)/16777216),256)/2^5),2)*32+MOD(INT(MOD(INT((D5)/16777216),256)/2^6),2)*MOD(INT(MOD(INT((F5)/16777216),256)/2^6),2)*64+MOD(INT(MOD(INT((D5)/16777216),256)/2^7),2)*MOD(INT(MOD(INT((F5)/16777216),256)/2^7),2)*128)*16777216) -> 2156429576 | BE6: =((MOD(INT(MOD(INT((C5)/1),256)/2^0),2)*MOD(INT(MOD(INT((G5)/1),256)/2^0),2)*1+MOD(INT(MOD(INT((C5)/1),256)/2^1),2)*MOD(INT(MOD(INT((G5)/1),256)/2^1),2)*2+MOD(INT(MOD(INT((C5)/1),256)/2^2),2)*MOD(INT(MOD(INT((G5)/1),256)/2^2),2)*4+MOD(INT(MOD(INT((C5)/1),256)/2^3),2)*MOD(INT(MOD(INT((G5)/1),256)/2^3),2)*8+MOD(INT(MOD(INT((C5)/1),256)/2^4),2)*MOD(INT(MOD(INT((G5)/1),256)/2^4),2)*16+MOD(INT(MOD(INT((C5)/1),256)/2^5),2)*MOD(INT(MOD(INT((G5)/1),256)/2^5),2)*32+MOD(INT(MOD(INT((C5)/1),256)/2^6),2)*MOD(INT(MOD(INT((G5)/1),256)/2^6),2)*64+MOD(INT(MOD(INT((C5)/1),256)/2^7),2)*MOD(INT(MOD(INT((G5)/1),256)/2^7),2)*128)*1+(MOD(INT(MOD(INT((C5)/256),256)/2^0),2)*MOD(INT(MOD(INT((G5)/256),256)/2^0),2)*1+MOD(INT(MOD(INT((C5)/256),256)/2^1),2)*MOD(INT(MOD(INT((G5)/256),256)/2^1),2)*2+MOD(INT(MOD(INT((C5)/256),256)/2^2),2)*MOD(INT(MOD(INT((G5)/256),256)/2^2),2)*4+MOD(INT(MOD(INT((C5)/256),256)/2^3),2)*MOD(INT(MOD(INT((G5)/256),256)/2^3),2)*8+MOD(INT(MOD(INT((C5)/256),256)/2^4),2)*MOD(INT(MOD(INT((G5)/256),256)/2^4),2)*16+MOD(INT(MOD(INT((C5)/256),256)/2^5),2)*MOD(INT(MOD(INT((G5)/256),256)/2^5),2)*32+MOD(INT(MOD(INT((C5)/256),256)/2^6),2)*MOD(INT(MOD(INT((G5)/256),256)/2^6),2)*64+MOD(INT(MOD(INT((C5)/256),256)/2^7),2)*MOD(INT(MOD(INT((G5)/256),256)/2^7),2)*128)*256+(MOD(INT(MOD(INT((C5)/65536),256)/2^0),2)*MOD(INT(MOD(INT((G5)/65536),256)/2^0),2)*1+MOD(INT(MOD(INT((C5)/65536),256)/2^1),2)*MOD(INT(MOD(INT((G5)/65536),256)/2^1),2)*2+MOD(INT(MOD(INT((C5)/65536),256)/2^2),2)*MOD(INT(MOD(INT((G5)/65536),256)/2^2),2)*4+MOD(INT(MOD(INT((C5)/65536),256)/2^3),2)*MOD(INT(MOD(INT((G5)/65536),256)/2^3),2)*8+MOD(INT(MOD(INT((C5)/65536),256)/2^4),2)*MOD(INT(MOD(INT((G5)/65536),256)/2^4),2)*16+MOD(INT(MOD(INT((C5)/65536),256)/2^5),2)*MOD(INT(MOD(INT((G5)/65536),256)/2^5),2)*32+MOD(INT(MOD(INT((C5)/65536),256)/2^6),2)*MOD(INT(MOD(INT((G5)/65536),256)/2^6),2)*64+MOD(INT(MOD(INT((C5)/65536),256)/2^7),2)*MOD(INT(MOD(INT((G5)/65536),256)/2^7),2)*128)*65536+(MOD(INT(MOD(INT((C5)/16777216),256)/2^0),2)*MOD(INT(MOD(INT((G5)/16777216),256)/2^0),2)*1+MOD(INT(MOD(INT((C5)/16777216),256)/2^1),2)*MOD(INT(MOD(INT((G5)/16777216),256)/2^1),2)*2+MOD(INT(MOD(INT((C5)/16777216),256)/2^2),2)*MOD(INT(MOD(INT((G5)/16777216),256)/2^2),2)*4+MOD(INT(MOD(INT((C5)/16777216),256)/2^3),2)*MOD(INT(MOD(INT((G5)/16777216),256)/2^3),2)*8+MOD(INT(MOD(INT((C5)/16777216),256)/2^4),2)*MOD(INT(MOD(INT((G5)/16777216),256)/2^4),2)*16+MOD(INT(MOD(INT((C5)/16777216),256)/2^5),2)*MOD(INT(MOD(INT((G5)/16777216),256)/2^5),2)*32+MOD(INT(MOD(INT((C5)/16777216),256)/2^6),2)*MOD(INT(MOD(INT((G5)/16777216),256)/2^6),2)*64+MOD(INT(MOD(INT((C5)/16777216),256)/2^7),2)*MOD(INT(MOD(INT((G5)/16777216),256)/2^7),2)*128)*16777216) -> 671670882 | BF6: =((MOD(INT(MOD(INT((D5)/1),256)/2^0),2)*MOD(INT(MOD(INT((H5)/1),256)/2^0),2)*1+MOD(INT(MOD(INT((D5)/1),256)/2^1),2)*MOD(INT(MOD(INT((H5)/1),256)/2^1),2)*2+MOD(INT(MOD(INT((D5)/1),256)/2^2),2)*MOD(INT(MOD(INT((H5)/1),256)/2^2),2)*4+MOD(INT(MOD(INT((D5)/1),256)/2^3),2)*MOD(INT(MOD(INT((H5)/1),256)/2^3),2)*8+MOD(INT(MOD(INT((D5)/1),256)/2^4),2)*MOD(INT(MOD(INT((H5)/1),256)/2^4),2)*16+MOD(INT(MOD(INT((D5)/1),256)/2^5),2)*MOD(INT(MOD(INT((H5)/1),256)/2^5),2)*32+MOD(INT(MOD(INT((D5)/1),256)/2^6),2)*MOD(INT(MOD(INT((H5)/1),256)/2^6),2)*64+MOD(INT(MOD(INT((D5)/1),256)/2^7),2)*MOD(INT(MOD(INT((H5)/1),256)/2^7),2)*128)*1+(MOD(INT(MOD(INT((D5)/256),256)/2^0),2)*MOD(INT(MOD(INT((H5)/256),256)/2^0),2)*1+MOD(INT(MOD(INT((D5)/256),256)/2^1),2)*MOD(INT(MOD(INT((H5)/256),256)/2^1),2)*2+MOD(INT(MOD(INT((D5)/256),256)/2^2),2)*MOD(INT(MOD(INT((H5)/256),256)/2^2),2)*4+MOD(INT(MOD(INT((D5)/256),256)/2^3),2)*MOD(INT(MOD(INT((H5)/256),256)/2^3),2)*8+MOD(INT(MOD(INT((D5)/256),256)/2^4),2)*MOD(INT(MOD(INT((H5)/256),256)/2^4),2)*16+MOD(INT(MOD(INT((D5)/256),256)/2^5),2)*MOD(INT(MOD(INT((H5)/256),256)/2^5),2)*32+MOD(INT(MOD(INT((D5)/256),256)/2^6),2)*MOD(INT(MOD(INT((H5)/256),256)/2^6),2)*64+MOD(INT(MOD(INT((D5)/256),256)/2^7),2)*MOD(INT(MOD(INT((H5)/256),256)/2^7),2)*128)*256+(MOD(INT(MOD(INT((D5)/65536),256)/2^0),2)*MOD(INT(MOD(INT((H5)/65536),256)/2^0),2)*1+MOD(INT(MOD(INT((D5)/65536),256)/2^1),2)*MOD(INT(MOD(INT((H5)/65536),256)/2^1),2)*2+MOD(INT(MOD(INT((D5)/65536),256)/2^2),2)*MOD(INT(MOD(INT((H5)/65536),256)/2^2),2)*4+MOD(INT(MOD(INT((D5)/65536),256)/2^3),2)*MOD(INT(MOD(INT((H5)/65536),256)/2^3),2)*8+MOD(INT(MOD(INT((D5)/65536),256)/2^4),2)*MOD(INT(MOD(INT((H5)/65536),256)/2^4),2)*16+MOD(INT(MOD(INT((D5)/65536),256)/2^5),2)*MOD(INT(MOD(INT((H5)/65536),256)/2^5),2)*32+MOD(INT(MOD(INT((D5)/65536),256)/2^6),2)*MOD(INT(MOD(INT((H5)/65536),256)/2^6),2)*64+MOD(INT(MOD(INT((D5)/65536),256)/2^7),2)*MOD(INT(MOD(INT((H5)/65536),256)/2^7),2)*128)*65536+(MOD(INT(MOD(INT((D5)/16777216),256)/2^0),2)*MOD(INT(MOD(INT((H5)/16777216),256)/2^0),2)*1+MOD(INT(MOD(INT((D5)/16777216),256)/2^1),2)*MOD(INT(MOD(INT((H5)/16777216),256)/2^1),2)*2+MOD(INT(MOD(INT((D5)/16777216),256)/2^2),2)*MOD(INT(MOD(INT((H5)/16777216),256)/2^2),2)*4+MOD(INT(MOD(INT((D5)/16777216),256)/2^3),2)*MOD(INT(MOD(INT((H5)/16777216),256)/2^3),2)*8+MOD(INT(MOD(INT((D5)/16777216),256)/2^4),2)*MOD(INT(MOD(INT((H5)/16777216),256)/2^4),2)*16+MOD(INT(MOD(INT((D5)/16777216),256)/2^5),2)*MOD(INT(MOD(INT((H5)/16777216),256)/2^5),2)*32+MOD(INT(MOD(INT((D5)/16777216),256)/2^6),2)*MOD(INT(MOD(INT((H5)/16777216),256)/2^6),2)*64+MOD(INT(MOD(INT((D5)/16777216),256)/2^7),2)*MOD(INT(MOD(INT((H5)/16777216),256)/2^7),2)*128)*16777216) -> 4069836808 | BG6: =((MOD(INT(MOD(INT((E5)/1),256)/2^0),2)*MOD(INT(MOD(INT((G5)/1),256)/2^0),2)*1+MOD(INT(MOD(INT((E5)/1),256)/2^1),2)*MOD(INT(MOD(INT((G5)/1),256)/2^1),2)*2+MOD(INT(MOD(INT((E5)/1),256)/2^2),2)*MOD(INT(MOD(INT((G5)/1),256)/2^2),2)*4+MOD(INT(MOD(INT((E5)/1),256)/2^3),2)*MOD(INT(MOD(INT((G5)/1),256)/2^3),2)*8+MOD(INT(MOD(INT((E5)/1),256)/2^4),2)*MOD(INT(MOD(INT((G5)/1),256)/2^4),2)*16+MOD(INT(MOD(INT((E5)/1),256)/2^5),2)*MOD(INT(MOD(INT((G5)/1),256)/2^5),2)*32+MOD(INT(MOD(INT((E5)/1),256)/2^6),2)*MOD(INT(MOD(INT((G5)/1),256)/2^6),2)*64+MOD(INT(MOD(INT((E5)/1),256)/2^7),2)*MOD(INT(MOD(INT((G5)/1),256)/2^7),2)*128)*1+(MOD(INT(MOD(INT((E5)/256),256)/2^0),2)*MOD(INT(MOD(INT((G5)/256),256)/2^0),2)*1+MOD(INT(MOD(INT((E5)/256),256)/2^1),2)*MOD(INT(MOD(INT((G5)/256),256)/2^1),2)*2+MOD(INT(MOD(INT((E5)/256),256)/2^2),2)*MOD(INT(MOD(INT((G5)/256),256)/2^2),2)*4+MOD(INT(MOD(INT((E5)/256),256)/2^3),2)*MOD(INT(MOD(INT((G5)/256),256)/2^3),2)*8+MOD(INT(MOD(INT((E5)/256),256)/2^4),2)*MOD(INT(MOD(INT((G5)/256),256)/2^4),2)*16+MOD(INT(MOD(INT((E5)/256),256)/2^5),2)*MOD(INT(MOD(INT((G5)/256),256)/2^5),2)*32+MOD(INT(MOD(INT((E5)/256),256)/2^6),2)*MOD(INT(MOD(INT((G5)/256),256)/2^6),2)*64+MOD(INT(MOD(INT((E5)/256),256)/2^7),2)*MOD(INT(MOD(INT((G5)/256),256)/2^7),2)*128)*256+(MOD(INT(MOD(INT((E5)/65536),256)/2^0),2)*MOD(INT(MOD(INT((G5)/65536),256)/2^0),2)*1+MOD(INT(MOD(INT((E5)/65536),256)/2^1),2)*MOD(INT(MOD(INT((G5)/65536),256)/2^1),2)*2+MOD(INT(MOD(INT((E5)/65536),256)/2^2),2)*MOD(INT(MOD(INT((G5)/65536),256)/2^2),2)*4+MOD(INT(MOD(INT((E5)/65536),256)/2^3),2)*MOD(INT(MOD(INT((G5)/65536),256)/2^3),2)*8+MOD(INT(MOD(INT((E5)/65536),256)/2^4),2)*MOD(INT(MOD(INT((G5)/65536),256)/2^4),2)*16+MOD(INT(MOD(INT((E5)/65536),256)/2^5),2)*MOD(INT(MOD(INT((G5)/65536),256)/2^5),2)*32+MOD(INT(MOD(INT((E5)/65536),256)/2^6),2)*MOD(INT(MOD(INT((G5)/65536),256)/2^6),2)*64+MOD(INT(MOD(INT((E5)/65536),256)/2^7),2)*MOD(INT(MOD(INT((G5)/65536),256)/2^7),2)*128)*65536+(MOD(INT(MOD(INT((E5)/16777216),256)/2^0),2)*MOD(INT(MOD(INT((G5)/16777216),256)/2^0),2)*1+MOD(INT(MOD(INT((E5)/16777216),256)/2^1),2)*MOD(INT(MOD(INT((G5)/16777216),256)/2^1),2)*2+MOD(INT(MOD(INT((E5)/16777216),256)/2^2),2)*MOD(INT(MOD(INT((G5)/16777216),256)/2^2),2)*4+MOD(INT(MOD(INT((E5)/16777216),256)/2^3),2)*MOD(INT(MOD(INT((G5)/16777216),256)/2^3),2)*8+MOD(INT(MOD(INT((E5)/16777216),256)/2^4),2)*MOD(INT(MOD(INT((G5)/16777216),256)/2^4),2)*16+MOD(INT(MOD(INT((E5)/16777216),256)/2^5),2)*MOD(INT(MOD(INT((G5)/16777216),256)/2^5),2)*32+MOD(INT(MOD(INT((E5)/16777216),256)/2^6),2)*MOD(INT(MOD(INT((G5)/16777216),256)/2^6),2)*64+MOD(INT(MOD(INT((E5)/16777216),256)/2^7),2)*MOD(INT(MOD(INT((G5)/16777216),256)/2^7),2)*128)*16777216) -> 946250240 | BH6: =((MOD(INT(MOD(INT((F5)/1),256)/2^0),2)*MOD(INT(MOD(INT((H5)/1),256)/2^0),2)*1+MOD(INT(MOD(INT((F5)/1),256)/2^1),2)*MOD(INT(MOD(INT((H5)/1),256)/2^1),2)*2+MOD(INT(MOD(INT((F5)/1),256)/2^2),2)*MOD(INT(MOD(INT((H5)/1),256)/2^2),2)*4+MOD(INT(MOD(INT((F5)/1),256)/2^3),2)*MOD(INT(MOD(INT((H5)/1),256)/2^3),2)*8+MOD(INT(MOD(INT((F5)/1),256)/2^4),2)*MOD(INT(MOD(INT((H5)/1),256)/2^4),2)*16+MOD(INT(MOD(INT((F5)/1),256)/2^5),2)*MOD(INT(MOD(INT((H5)/1),256)/2^5),2)*32+MOD(INT(MOD(INT((F5)/1),256)/2^6),2)*MOD(INT(MOD(INT((H5)/1),256)/2^6),2)*64+MOD(INT(MOD(INT((F5)/1),256)/2^7),2)*MOD(INT(MOD(INT((H5)/1),256)/2^7),2)*128)*1+(MOD(INT(MOD(INT((F5)/256),256)/2^0),2)*MOD(INT(MOD(INT((H5)/256),256)/2^0),2)*1+MOD(INT(MOD(INT((F5)/256),256)/2^1),2)*MOD(INT(MOD(INT((H5)/256),256)/2^1),2)*2+MOD(INT(MOD(INT((F5)/256),256)/2^2),2)*MOD(INT(MOD(INT((H5)/256),256)/2^2),2)*4+MOD(INT(MOD(INT((F5)/256),256)/2^3),2)*MOD(INT(MOD(INT((H5)/256),256)/2^3),2)*8+MOD(INT(MOD(INT((F5)/256),256)/2^4),2)*MOD(INT(MOD(INT((H5)/256),256)/2^4),2)*16+MOD(INT(MOD(INT((F5)/256),256)/2^5),2)*MOD(INT(MOD(INT((H5)/256),256)/2^5),2)*32+MOD(INT(MOD(INT((F5)/256),256)/2^6),2)*MOD(INT(MOD(INT((H5)/256),256)/2^6),2)*64+MOD(INT(MOD(INT((F5)/256),256)/2^7),2)*MOD(INT(MOD(INT((H5)/256),256)/2^7),2)*128)*256+(MOD(INT(MOD(INT((F5)/65536),256)/2^0),2)*MOD(INT(MOD(INT((H5)/65536),256)/2^0),2)*1+MOD(INT(MOD(INT((F5)/65536),256)/2^1),2)*MOD(INT(MOD(INT((H5)/65536),256)/2^1),2)*2+MOD(INT(MOD(INT((F5)/65536),256)/2^2),2)*MOD(INT(MOD(INT((H5)/65536),256)/2^2),2)*4+MOD(INT(MOD(INT((F5)/65536),256)/2^3),2)*MOD(INT(MOD(INT((H5)/65536),256)/2^3),2)*8+MOD(INT(MOD(INT((F5)/65536),256)/2^4),2)*MOD(INT(MOD(INT((H5)/65536),256)/2^4),2)*16+MOD(INT(MOD(INT((F5)/65536),256)/2^5),2)*MOD(INT(MOD(INT((H5)/65536),256)/2^5),2)*32+MOD(INT(MOD(INT((F5)/65536),256)/2^6),2)*MOD(INT(MOD(INT((H5)/65536),256)/2^6),2)*64+MOD(INT(MOD(INT((F5)/65536),256)/2^7),2)*MOD(INT(MOD(INT((H5)/65536),256)/2^7),2)*128)*65536+(MOD(INT(MOD(INT((F5)/16777216),256)/2^0),2)*MOD(INT(MOD(INT((H5)/16777216),256)/2^0),2)*1+MOD(INT(MOD(INT((F5)/16777216),256)/2^1),2)*MOD(INT(MOD(INT((H5)/16777216),256)/2^1),2)*2+MOD(INT(MOD(INT((F5)/16777216),256)/2^2),2)*MOD(INT(MOD(INT((H5)/16777216),256)/2^2),2)*4+MOD(INT(MOD(INT((F5)/16777216),256)/2^3),2)*MOD(INT(MOD(INT((H5)/16777216),256)/2^3),2)*8+MOD(INT(MOD(INT((F5)/16777216),256)/2^4),2)*MOD(INT(MOD(INT((H5)/16777216),256)/2^4),2)*16+MOD(INT(MOD(INT((F5)/16777216),256)/2^5),2)*MOD(INT(MOD(INT((H5)/16777216),256)/2^5),2)*32+MOD(INT(MOD(INT((F5)/16777216),256)/2^6),2)*MOD(INT(MOD(INT((H5)/16777216),256)/2^6),2)*64+MOD(INT(MOD(INT((F5)/16777216),256)/2^7),2)*MOD(INT(MOD(INT((H5)/16777216),256)/2^7),2)*128)*16777216) -> 2223022123 | BI6: =((MOD(INT(MOD(INT((BC6)/1),256)/2^0),2)*MOD(INT(MOD(INT((BG6)/1),256)/2^0),2)*1+MOD(INT(MOD(INT((BC6)/1),256)/2^1),2)*MOD(INT(MOD(INT((BG6)/1),256)/2^1),2)*2+MOD(INT(MOD(INT((BC6)/1),256)/2^2),2)*MOD(INT(MOD(INT((BG6)/1),256)/2^2),2)*4+MOD(INT(MOD(INT((BC6)/1),256)/2^3),2)*MOD(INT(MOD(INT((BG6)/1),256)/2^3),2)*8+MOD(INT(MOD(INT((BC6)/1),256)/2^4),2)*MOD(INT(MOD(INT((BG6)/1),256)/2^4),2)*16+MOD(INT(MOD(INT((BC6)/1),256)/2^5),2)*MOD(INT(MOD(INT((BG6)/1),256)/2^5),2)*32+MOD(INT(MOD(INT((BC6)/1),256)/2^6),2)*MOD(INT(MOD(INT((BG6)/1),256)/2^6),2)*64+MOD(INT(MOD(INT((BC6)/1),256)/2^7),2)*MOD(INT(MOD(INT((BG6)/1),256)/2^7),2)*128)*1+(MOD(INT(MOD(INT((BC6)/256),256)/2^0),2)*MOD(INT(MOD(INT((BG6)/256),256)/2^0),2)*1+MOD(INT(MOD(INT((BC6)/256),256)/2^1),2)*MOD(INT(MOD(INT((BG6)/256),256)/2^1),2)*2+MOD(INT(MOD(INT((BC6)/256),256)/2^2),2)*MOD(INT(MOD(INT((BG6)/256),256)/2^2),2)*4+MOD(INT(MOD(INT((BC6)/256),256)/2^3),2)*MOD(INT(MOD(INT((BG6)/256),256)/2^3),2)*8+MOD(INT(MOD(INT((BC6)/256),256)/2^4),2)*MOD(INT(MOD(INT((BG6)/256),256)/2^4),2)*16+MOD(INT(MOD(INT((BC6)/256),256)/2^5),2)*MOD(INT(MOD(INT((BG6)/256),256)/2^5),2)*32+MOD(INT(MOD(INT((BC6)/256),256)/2^6),2)*MOD(INT(MOD(INT((BG6)/256),256)/2^6),2)*64+MOD(INT(MOD(INT((BC6)/256),256)/2^7),2)*MOD(INT(MOD(INT((BG6)/256),256)/2^7),2)*128)*256+(MOD(INT(MOD(INT((BC6)/65536),256)/2^0),2)*MOD(INT(MOD(INT((BG6)/65536),256)/2^0),2)*1+MOD(INT(MOD(INT((BC6)/65536),256)/2^1),2)*MOD(INT(MOD(INT((BG6)/65536),256)/2^1),2)*2+MOD(INT(MOD(INT((BC6)/65536),256)/2^2),2)*MOD(INT(MOD(INT((BG6)/65536),256)/2^2),2)*4+MOD(INT(MOD(INT((BC6)/65536),256)/2^3),2)*MOD(INT(MOD(INT((BG6)/65536),256)/2^3),2)*8+MOD(INT(MOD(INT((BC6)/65536),256)/2^4),2)*MOD(INT(MOD(INT((BG6)/65536),256)/2^4),2)*16+MOD(INT(MOD(INT((BC6)/65536),256)/2^5),2)*MOD(INT(MOD(INT((BG6)/65536),256)/2^5),2)*32+MOD(INT(MOD(INT((BC6)/65536),256)/2^6),2)*MOD(INT(MOD(INT((BG6)/65536),256)/2^6),2)*64+MOD(INT(MOD(INT((BC6)/65536),256)/2^7),2)*MOD(INT(MOD(INT((BG6)/65536),256)/2^7),2)*128)*65536+(MOD(INT(MOD(INT((BC6)/16777216),256)/2^0),2)*MOD(INT(MOD(INT((BG6)/16777216),256)/2^0),2)*1+MOD(INT(MOD(INT((BC6)/16777216),256)/2^1),2)*MOD(INT(MOD(INT((BG6)/16777216),256)/2^1),2)*2+MOD(INT(MOD(INT((BC6)/16777216),256)/2^2),2)*MOD(INT(MOD(INT((BG6)/16777216),256)/2^2),2)*4+MOD(INT(MOD(INT((BC6)/16777216),256)/2^3),2)*MOD(INT(MOD(INT((BG6)/16777216),256)/2^3),2)*8+MOD(INT(MOD(INT((BC6)/16777216),256)/2^4),2)*MOD(INT(MOD(INT((BG6)/16777216),256)/2^4),2)*16+MOD(INT(MOD(INT((BC6)/16777216),256)/2^5),2)*MOD(INT(MOD(INT((BG6)/16777216),256)/2^5),2)*32+MOD(INT(MOD(INT((BC6)/16777216),256)/2^6),2)*MOD(INT(MOD(INT((BG6)/16777216),256)/2^6),2)*64+MOD(INT(MOD(INT((BC6)/16777216),256)/2^7),2)*MOD(INT(MOD(INT((BG6)/16777216),256)/2^7),2)*128)*16777216) -> 671130112 | BJ6: =((MOD(INT(MOD(INT((BD6)/1),256)/2^0),2)*MOD(INT(MOD(INT((BH6)/1),256)/2^0),2)*1+MOD(INT(MOD(INT((BD6)/1),256)/2^1),2)*MOD(INT(MOD(INT((BH6)/1),256)/2^1),2)*2+MOD(INT(MOD(INT((BD6)/1),256)/2^2),2)*MOD(INT(MOD(INT((BH6)/1),256)/2^2),2)*4+MOD(INT(MOD(INT((BD6)/1),256)/2^3),2)*MOD(INT(MOD(INT((BH6)/1),256)/2^3),2)*8+MOD(INT(MOD(INT((BD6)/1),256)/2^4),2)*MOD(INT(MOD(INT((BH6)/1),256)/2^4),2)*16+MOD(INT(MOD(INT((BD6)/1),256)/2^5),2)*MOD(INT(MOD(INT((BH6)/1),256)/2^5),2)*32+MOD(INT(MOD(INT((BD6)/1),256)/2^6),2)*MOD(INT(MOD(INT((BH6)/1),256)/2^6),2)*64+MOD(INT(MOD(INT((BD6)/1),256)/2^7),2)*MOD(INT(MOD(INT((BH6)/1),256)/2^7),2)*128)*1+(MOD(INT(MOD(INT((BD6)/256),256)/2^0),2)*MOD(INT(MOD(INT((BH6)/256),256)/2^0),2)*1+MOD(INT(MOD(INT((BD6)/256),256)/2^1),2)*MOD(INT(MOD(INT((BH6)/256),256)/2^1),2)*2+MOD(INT(MOD(INT((BD6)/256),256)/2^2),2)*MOD(INT(MOD(INT((BH6)/256),256)/2^2),2)*4+MOD(INT(MOD(INT((BD6)/256),256)/2^3),2)*MOD(INT(MOD(INT((BH6)/256),256)/2^3),2)*8+MOD(INT(MOD(INT((BD6)/256),256)/2^4),2)*MOD(INT(MOD(INT((BH6)/256),256)/2^4),2)*16+MOD(INT(MOD(INT((BD6)/256),256)/2^5),2)*MOD(INT(MOD(INT((BH6)/256),256)/2^5),2)*32+MOD(INT(MOD(INT((BD6)/256),256)/2^6),2)*MOD(INT(MOD(INT((BH6)/256),256)/2^6),2)*64+MOD(INT(MOD(INT((BD6)/256),256)/2^7),2)*MOD(INT(MOD(INT((BH6)/256),256)/2^7),2)*128)*256+(MOD(INT(MOD(INT((BD6)/65536),256)/2^0),2)*MOD(INT(MOD(INT((BH6)/65536),256)/2^0),2)*1+MOD(INT(MOD(INT((BD6)/65536),256)/2^1),2)*MOD(INT(MOD(INT((BH6)/65536),256)/2^1),2)*2+MOD(INT(MOD(INT((BD6)/65536),256)/2^2),2)*MOD(INT(MOD(INT((BH6)/65536),256)/2^2),2)*4+MOD(INT(MOD(INT((BD6)/65536),256)/2^3),2)*MOD(INT(MOD(INT((BH6)/65536),256)/2^3),2)*8+MOD(INT(MOD(INT((BD6)/65536),256)/2^4),2)*MOD(INT(MOD(INT((BH6)/65536),256)/2^4),2)*16+MOD(INT(MOD(INT((BD6)/65536),256)/2^5),2)*MOD(INT(MOD(INT((BH6)/65536),256)/2^5),2)*32+MOD(INT(MOD(INT((BD6)/65536),256)/2^6),2)*MOD(INT(MOD(INT((BH6)/65536),256)/2^6),2)*64+MOD(INT(MOD(INT((BD6)/65536),256)/2^7),2)*MOD(INT(MOD(INT((BH6)/65536),256)/2^7),2)*128)*65536+(MOD(INT(MOD(INT((BD6)/16777216),256)/2^0),2)*MOD(INT(MOD(INT((BH6)/16777216),256)/2^0),2)*1+MOD(INT(MOD(INT((BD6)/16777216),256)/2^1),2)*MOD(INT(MOD(INT((BH6)/16777216),256)/2^1),2)*2+MOD(INT(MOD(INT((BD6)/16777216),256)/2^2),2)*MOD(INT(MOD(INT((BH6)/16777216),256)/2^2),2)*4+MOD(INT(MOD(INT((BD6)/16777216),256)/2^3),2)*MOD(INT(MOD(INT((BH6)/16777216),256)/2^3),2)*8+MOD(INT(MOD(INT((BD6)/16777216),256)/2^4),2)*MOD(INT(MOD(INT((BH6)/16777216),256)/2^4),2)*16+MOD(INT(MOD(INT((BD6)/16777216),256)/2^5),2)*MOD(INT(MOD(INT((BH6)/16777216),256)/2^5),2)*32+MOD(INT(MOD(INT((BD6)/16777216),256)/2^6),2)*MOD(INT(MOD(INT((BH6)/16777216),256)/2^6),2)*64+MOD(INT(MOD(INT((BD6)/16777216),256)/2^7),2)*MOD(INT(MOD(INT((BH6)/16777216),256)/2^7),2)*128)*16777216) -> 2155905032 | BK6: =MOD(BC6+BE6+BG6-2*BI6,4294967296) -> 980412007 | BL6: =MOD(BD6+BF6+BH6-2*BJ6,4294967296) -> 4137478443 | BM6: =MOD(R5+AF6+BB6+'📦 Константы SHA-512'!D4+BI200,4294967296) -> 2333599904 | BN6: =INT((R5+AF6+BB6+'📦 Константы SHA-512'!D4+BI200)/4294967296) -> 2 | BO6: =MOD(Q5+AE6+BA6+'📦 Константы SHA-512'!C4+BH200+BN6,4294967296) -> 3128825318 | BP6: BM6 | BQ6: =MOD(AT6+BL6,4294967296) -> 2707748181 | BR6: =INT((AT6+BL6)/4294967296) -> 1 | BS6: =MOD(AS6+BK6+BR6,4294967296) -> 1127530942 | BU6: =MOD(I5+BO6+INT((J5+BM6)/4294967296),4294967296) -> 1607338784 | BV6: =MOD(J5+BM6,4294967296) -> 3929350033 | BW6: =MOD(BO6+BS6+INT((BM6+BQ6)/4294967296),4294967296) -> 4256356261 | BX6: =MOD(BM6+BQ6,4294967296) -> 746380789
B7: 2 | C7: =BW7 -> 3444353901 | D7: =BX7 -> 603681408 | E7: =C6 -> 4256356261 | F7: =D6 -> 746380789 | G7: =E6 -> 1779033703 | H7: =F6 -> 4089235720 | I7: =G6 -> 3144134277 | J7: =H6 -> 2227873595 | K7: =BU7 -> 1208854177 | L7: =BV7 -> 769192798 | M7: =K6 -> 1607338784 | N7: =L6 -> 3929350033 | O7: =M6 -> 1359893119 | P7: =N6 -> 2917565137 | Q7: =O6 -> 2600822924 | R7: =P6 -> 725511199 | S7: =MOD(INT(K6/2^14)+MOD(L6,2^14)*2^18,4294967296) -> 2118483768 | T7: =MOD(INT(L6/2^14)+MOD(K6,2^14)*2^18,4294967296) -> 746825940 | U7: =MOD(INT(K6/2^18)+MOD(L6,2^18)*2^14,4294967296) -> 1206147059 | V7: =MOD(INT(L6/2^18)+MOD(K6,2^18)*2^14,4294967296) -> 2194160269 | W7: =MOD(INT(L6/2^9)+MOD(K6,2^9)*2^23,4294967296) -> 2423593615 | X7: =MOD(INT(K6/2^9)+MOD(L6,2^9)*2^23,4294967296) -> 3366971141 | Y7: =((MOD(INT(MOD(INT((S7)/1),256)/2^0),2)*MOD(INT(MOD(INT((U7)/1),256)/2^0),2)*1+MOD(INT(MOD(INT((S7)/1),256)/2^1),2)*MOD(INT(MOD(INT((U7)/1),256)/2^1),2)*2+MOD(INT(MOD(INT((S7)/1),256)/2^2),2)*MOD(INT(MOD(INT((U7)/1),256)/2^2),2)*4+MOD(INT(MOD(INT((S7)/1),256)/2^3),2)*MOD(INT(MOD(INT((U7)/1),256)/2^3),2)*8+MOD(INT(MOD(INT((S7)/1),256)/2^4),2)*MOD(INT(MOD(INT((U7)/1),256)/2^4),2)*16+MOD(INT(MOD(INT((S7)/1),256)/2^5),2)*MOD(INT(MOD(INT((U7)/1),256)/2^5),2)*32+MOD(INT(MOD(INT((S7)/1),256)/2^6),2)*MOD(INT(MOD(INT((U7)/1),256)/2^6),2)*64+MOD(INT(MOD(INT((S7)/1),256)/2^7),2)*MOD(INT(MOD(INT((U7)/1),256)/2^7),2)*128)*1+(MOD(INT(MOD(INT((S7)/256),256)/2^0),2)*MOD(INT(MOD(INT((U7)/256),256)/2^0),2)*1+MOD(INT(MOD(INT((S7)/256),256)/2^1),2)*MOD(INT(MOD(INT((U7)/256),256)/2^1),2)*2+MOD(INT(MOD(INT((S7)/256),256)/2^2),2)*MOD(INT(MOD(INT((U7)/256),256)/2^2),2)*4+MOD(INT(MOD(INT((S7)/256),256)/2^3),2)*MOD(INT(MOD(INT((U7)/256),256)/2^3),2)*8+MOD(INT(MOD(INT((S7)/256),256)/2^4),2)*MOD(INT(MOD(INT((U7)/256),256)/2^4),2)*16+MOD(INT(MOD(INT((S7)/256),256)/2^5),2)*MOD(INT(MOD(INT((U7)/256),256)/2^5),2)*32+MOD(INT(MOD(INT((S7)/256),256)/2^6),2)*MOD(INT(MOD(INT((U7)/256),256)/2^6),2)*64+MOD(INT(MOD(INT((S7)/256),256)/2^7),2)*MOD(INT(MOD(INT((U7)/256),256)/2^7),2)*128)*256+(MOD(INT(MOD(INT((S7)/65536),256)/2^0),2)*MOD(INT(MOD(INT((U7)/65536),256)/2^0),2)*1+MOD(INT(MOD(INT((S7)/65536),256)/2^1),2)*MOD(INT(MOD(INT((U7)/65536),256)/2^1),2)*2+MOD(INT(MOD(INT((S7)/65536),256)/2^2),2)*MOD(INT(MOD(INT((U7)/65536),256)/2^2),2)*4+MOD(INT(MOD(INT((S7)/65536),256)/2^3),2)*MOD(INT(MOD(INT((U7)/65536),256)/2^3),2)*8+MOD(INT(MOD(INT((S7)/65536),256)/2^4),2)*MOD(INT(MOD(INT((U7)/65536),256)/2^4),2)*16+MOD(INT(MOD(INT((S7)/65536),256)/2^5),2)*MOD(INT(MOD(INT((U7)/65536),256)/2^5),2)*32+MOD(INT(MOD(INT((S7)/65536),256)/2^6),2)*MOD(INT(MOD(INT((U7)/65536),256)/2^6),2)*64+MOD(INT(MOD(INT((S7)/65536),256)/2^7),2)*MOD(INT(MOD(INT((U7)/65536),256)/2^7),2)*128)*65536+(MOD(INT(MOD(INT((S7)/16777216),256)/2^0),2)*MOD(INT(MOD(INT((U7)/16777216),256)/2^0),2)*1+MOD(INT(MOD(INT((S7)/16777216),256)/2^1),2)*MOD(INT(MOD(INT((U7)/16777216),256)/2^1),2)*2+MOD(INT(MOD(INT((S7)/16777216),256)/2^2),2)*MOD(INT(MOD(INT((U7)/16777216),256)/2^2),2)*4+MOD(INT(MOD(INT((S7)/16777216),256)/2^3),2)*MOD(INT(MOD(INT((U7)/16777216),256)/2^3),2)*8+MOD(INT(MOD(INT((S7)/16777216),256)/2^4),2)*MOD(INT(MOD(INT((U7)/16777216),256)/2^4),2)*16+MOD(INT(MOD(INT((S7)/16777216),256)/2^5),2)*MOD(INT(MOD(INT((U7)/16777216),256)/2^5),2)*32+MOD(INT(MOD(INT((S7)/16777216),256)/2^6),2)*MOD(INT(MOD(INT((U7)/16777216),256)/2^6),2)*64+MOD(INT(MOD(INT((S7)/16777216),256)/2^7),2)*MOD(INT(MOD(INT((U7)/16777216),256)/2^7),2)*128)*16777216) -> 1178883888 | Z7: =((MOD(INT(MOD(INT((T7)/1),256)/2^0),2)*MOD(INT(MOD(INT((V7)/1),256)/2^0),2)*1+MOD(INT(MOD(INT((T7)/1),256)/2^1),2)*MOD(INT(MOD(INT((V7)/1),256)/2^1),2)*2+MOD(INT(MOD(INT((T7)/1),256)/2^2),2)*MOD(INT(MOD(INT((V7)/1),256)/2^2),2)*4+MOD(INT(MOD(INT((T7)/1),256)/2^3),2)*MOD(INT(MOD(INT((V7)/1),256)/2^3),2)*8+MOD(INT(MOD(INT((T7)/1),256)/2^4),2)*MOD(INT(MOD(INT((V7)/1),256)/2^4),2)*16+MOD(INT(MOD(INT((T7)/1),256)/2^5),2)*MOD(INT(MOD(INT((V7)/1),256)/2^5),2)*32+MOD(INT(MOD(INT((T7)/1),256)/2^6),2)*MOD(INT(MOD(INT((V7)/1),256)/2^6),2)*64+MOD(INT(MOD(INT((T7)/1),256)/2^7),2)*MOD(INT(MOD(INT((V7)/1),256)/2^7),2)*128)*1+(MOD(INT(MOD(INT((T7)/256),256)/2^0),2)*MOD(INT(MOD(INT((V7)/256),256)/2^0),2)*1+MOD(INT(MOD(INT((T7)/256),256)/2^1),2)*MOD(INT(MOD(INT((V7)/256),256)/2^1),2)*2+MOD(INT(MOD(INT((T7)/256),256)/2^2),2)*MOD(INT(MOD(INT((V7)/256),256)/2^2),2)*4+MOD(INT(MOD(INT((T7)/256),256)/2^3),2)*MOD(INT(MOD(INT((V7)/256),256)/2^3),2)*8+MOD(INT(MOD(INT((T7)/256),256)/2^4),2)*MOD(INT(MOD(INT((V7)/256),256)/2^4),2)*16+MOD(INT(MOD(INT((T7)/256),256)/2^5),2)*MOD(INT(MOD(INT((V7)/256),256)/2^5),2)*32+MOD(INT(MOD(INT((T7)/256),256)/2^6),2)*MOD(INT(MOD(INT((V7)/256),256)/2^6),2)*64+MOD(INT(MOD(INT((T7)/256),256)/2^7),2)*MOD(INT(MOD(INT((V7)/256),256)/2^7),2)*128)*256+(MOD(INT(MOD(INT((T7)/65536),256)/2^0),2)*MOD(INT(MOD(INT((V7)/65536),256)/2^0),2)*1+MOD(INT(MOD(INT((T7)/65536),256)/2^1),2)*MOD(INT(MOD(INT((V7)/65536),256)/2^1),2)*2+MOD(INT(MOD(INT((T7)/65536),256)/2^2),2)*MOD(INT(MOD(INT((V7)/65536),256)/2^2),2)*4+MOD(INT(MOD(INT((T7)/65536),256)/2^3),2)*MOD(INT(MOD(INT((V7)/65536),256)/2^3),2)*8+MOD(INT(MOD(INT((T7)/65536),256)/2^4),2)*MOD(INT(MOD(INT((V7)/65536),256)/2^4),2)*16+MOD(INT(MOD(INT((T7)/65536),256)/2^5),2)*MOD(INT(MOD(INT((V7)/65536),256)/2^5),2)*32+MOD(INT(MOD(INT((T7)/65536),256)/2^6),2)*MOD(INT(MOD(INT((V7)/65536),256)/2^6),2)*64+MOD(INT(MOD(INT((T7)/65536),256)/2^7),2)*MOD(INT(MOD(INT((V7)/65536),256)/2^7),2)*128)*65536+(MOD(INT(MOD(INT((T7)/16777216),256)/2^0),2)*MOD(INT(MOD(INT((V7)/16777216),256)/2^0),2)*1+MOD(INT(MOD(INT((T7)/16777216),256)/2^1),2)*MOD(INT(MOD(INT((V7)/16777216),256)/2^1),2)*2+MOD(INT(MOD(INT((T7)/16777216),256)/2^2),2)*MOD(INT(MOD(INT((V7)/16777216),256)/2^2),2)*4+MOD(INT(MOD(INT((T7)/16777216),256)/2^3),2)*MOD(INT(MOD(INT((V7)/16777216),256)/2^3),2)*8+MOD(INT(MOD(INT((T7)/16777216),256)/2^4),2)*MOD(INT(MOD(INT((V7)/16777216),256)/2^4),2)*16+MOD(INT(MOD(INT((T7)/16777216),256)/2^5),2)*MOD(INT(MOD(INT((V7)/16777216),256)/2^5),2)*32+MOD(INT(MOD(INT((T7)/16777216),256)/2^6),2)*MOD(INT(MOD(INT((V7)/16777216),256)/2^6),2)*64+MOD(INT(MOD(INT((T7)/16777216),256)/2^7),2)*MOD(INT(MOD(INT((V7)/16777216),256)/2^7),2)*128)*16777216) -> 8398980 | AA7: =MOD(S7+U7-2*Y7,4294967296) -> 966863051 | AB7: =MOD(T7+V7-2*Z7,4294967296) -> 2924188249 | AC7: =((MOD(INT(MOD(INT((AA7)/1),256)/2^0),2)*MOD(INT(MOD(INT((W7)/1),256)/2^0),2)*1+MOD(INT(MOD(INT((AA7)/1),256)/2^1),2)*MOD(INT(MOD(INT((W7)/1),256)/2^1),2)*2+MOD(INT(MOD(INT((AA7)/1),256)/2^2),2)*MOD(INT(MOD(INT((W7)/1),256)/2^2),2)*4+MOD(INT(MOD(INT((AA7)/1),256)/2^3),2)*MOD(INT(MOD(INT((W7)/1),256)/2^3),2)*8+MOD(INT(MOD(INT((AA7)/1),256)/2^4),2)*MOD(INT(MOD(INT((W7)/1),256)/2^4),2)*16+MOD(INT(MOD(INT((AA7)/1),256)/2^5),2)*MOD(INT(MOD(INT((W7)/1),256)/2^5),2)*32+MOD(INT(MOD(INT((AA7)/1),256)/2^6),2)*MOD(INT(MOD(INT((W7)/1),256)/2^6),2)*64+MOD(INT(MOD(INT((AA7)/1),256)/2^7),2)*MOD(INT(MOD(INT((W7)/1),256)/2^7),2)*128)*1+(MOD(INT(MOD(INT((AA7)/256),256)/2^0),2)*MOD(INT(MOD(INT((W7)/256),256)/2^0),2)*1+MOD(INT(MOD(INT((AA7)/256),256)/2^1),2)*MOD(INT(MOD(INT((W7)/256),256)/2^1),2)*2+MOD(INT(MOD(INT((AA7)/256),256)/2^2),2)*MOD(INT(MOD(INT((W7)/256),256)/2^2),2)*4+MOD(INT(MOD(INT((AA7)/256),256)/2^3),2)*MOD(INT(MOD(INT((W7)/256),256)/2^3),2)*8+MOD(INT(MOD(INT((AA7)/256),256)/2^4),2)*MOD(INT(MOD(INT((W7)/256),256)/2^4),2)*16+MOD(INT(MOD(INT((AA7)/256),256)/2^5),2)*MOD(INT(MOD(INT((W7)/256),256)/2^5),2)*32+MOD(INT(MOD(INT((AA7)/256),256)/2^6),2)*MOD(INT(MOD(INT((W7)/256),256)/2^6),2)*64+MOD(INT(MOD(INT((AA7)/256),256)/2^7),2)*MOD(INT(MOD(INT((W7)/256),256)/2^7),2)*128)*256+(MOD(INT(MOD(INT((AA7)/65536),256)/2^0),2)*MOD(INT(MOD(INT((W7)/65536),256)/2^0),2)*1+MOD(INT(MOD(INT((AA7)/65536),256)/2^1),2)*MOD(INT(MOD(INT((W7)/65536),256)/2^1),2)*2+MOD(INT(MOD(INT((AA7)/65536),256)/2^2),2)*MOD(INT(MOD(INT((W7)/65536),256)/2^2),2)*4+MOD(INT(MOD(INT((AA7)/65536),256)/2^3),2)*MOD(INT(MOD(INT((W7)/65536),256)/2^3),2)*8+MOD(INT(MOD(INT((AA7)/65536),256)/2^4),2)*MOD(INT(MOD(INT((W7)/65536),256)/2^4),2)*16+MOD(INT(MOD(INT((AA7)/65536),256)/2^5),2)*MOD(INT(MOD(INT((W7)/65536),256)/2^5),2)*32+MOD(INT(MOD(INT((AA7)/65536),256)/2^6),2)*MOD(INT(MOD(INT((W7)/65536),256)/2^6),2)*64+MOD(INT(MOD(INT((AA7)/65536),256)/2^7),2)*MOD(INT(MOD(INT((W7)/65536),256)/2^7),2)*128)*65536+(MOD(INT(MOD(INT((AA7)/16777216),256)/2^0),2)*MOD(INT(MOD(INT((W7)/16777216),256)/2^0),2)*1+MOD(INT(MOD(INT((AA7)/16777216),256)/2^1),2)*MOD(INT(MOD(INT((W7)/16777216),256)/2^1),2)*2+MOD(INT(MOD(INT((AA7)/16777216),256)/2^2),2)*MOD(INT(MOD(INT((W7)/16777216),256)/2^2),2)*4+MOD(INT(MOD(INT((AA7)/16777216),256)/2^3),2)*MOD(INT(MOD(INT((W7)/16777216),256)/2^3),2)*8+MOD(INT(MOD(INT((AA7)/16777216),256)/2^4),2)*MOD(INT(MOD(INT((W7)/16777216),256)/2^4),2)*16+MOD(INT(MOD(INT((AA7)/16777216),256)/2^5),2)*MOD(INT(MOD(INT((W7)/16777216),256)/2^5),2)*32+MOD(INT(MOD(INT((AA7)/16777216),256)/2^6),2)*MOD(INT(MOD(INT((W7)/16777216),256)/2^6),2)*64+MOD(INT(MOD(INT((AA7)/16777216),256)/2^7),2)*MOD(INT(MOD(INT((W7)/16777216),256)/2^7),2)*128)*16777216) -> 270600331 | AD7: =((MOD(INT(MOD(INT((AB7)/1),256)/2^0),2)*MOD(INT(MOD(INT((X7)/1),256)/2^0),2)*1+MOD(INT(MOD(INT((AB7)/1),256)/2^1),2)*MOD(INT(MOD(INT((X7)/1),256)/2^1),2)*2+MOD(INT(MOD(INT((AB7)/1),256)/2^2),2)*MOD(INT(MOD(INT((X7)/1),256)/2^2),2)*4+MOD(INT(MOD(INT((AB7)/1),256)/2^3),2)*MOD(INT(MOD(INT((X7)/1),256)/2^3),2)*8+MOD(INT(MOD(INT((AB7)/1),256)/2^4),2)*MOD(INT(MOD(INT((X7)/1),256)/2^4),2)*16+MOD(INT(MOD(INT((AB7)/1),256)/2^5),2)*MOD(INT(MOD(INT((X7)/1),256)/2^5),2)*32+MOD(INT(MOD(INT((AB7)/1),256)/2^6),2)*MOD(INT(MOD(INT((X7)/1),256)/2^6),2)*64+MOD(INT(MOD(INT((AB7)/1),256)/2^7),2)*MOD(INT(MOD(INT((X7)/1),256)/2^7),2)*128)*1+(MOD(INT(MOD(INT((AB7)/256),256)/2^0),2)*MOD(INT(MOD(INT((X7)/256),256)/2^0),2)*1+MOD(INT(MOD(INT((AB7)/256),256)/2^1),2)*MOD(INT(MOD(INT((X7)/256),256)/2^1),2)*2+MOD(INT(MOD(INT((AB7)/256),256)/2^2),2)*MOD(INT(MOD(INT((X7)/256),256)/2^2),2)*4+MOD(INT(MOD(INT((AB7)/256),256)/2^3),2)*MOD(INT(MOD(INT((X7)/256),256)/2^3),2)*8+MOD(INT(MOD(INT((AB7)/256),256)/2^4),2)*MOD(INT(MOD(INT((X7)/256),256)/2^4),2)*16+MOD(INT(MOD(INT((AB7)/256),256)/2^5),2)*MOD(INT(MOD(INT((X7)/256),256)/2^5),2)*32+MOD(INT(MOD(INT((AB7)/256),256)/2^6),2)*MOD(INT(MOD(INT((X7)/256),256)/2^6),2)*64+MOD(INT(MOD(INT((AB7)/256),256)/2^7),2)*MOD(INT(MOD(INT((X7)/256),256)/2^7),2)*128)*256+(MOD(INT(MOD(INT((AB7)/65536),256)/2^0),2)*MOD(INT(MOD(INT((X7)/65536),256)/2^0),2)*1+MOD(INT(MOD(INT((AB7)/65536),256)/2^1),2)*MOD(INT(MOD(INT((X7)/65536),256)/2^1),2)*2+MOD(INT(MOD(INT((AB7)/65536),256)/2^2),2)*MOD(INT(MOD(INT((X7)/65536),256)/2^2),2)*4+MOD(INT(MOD(INT((AB7)/65536),256)/2^3),2)*MOD(INT(MOD(INT((X7)/65536),256)/2^3),2)*8+MOD(INT(MOD(INT((AB7)/65536),256)/2^4),2)*MOD(INT(MOD(INT((X7)/65536),256)/2^4),2)*16+MOD(INT(MOD(INT((AB7)/65536),256)/2^5),2)*MOD(INT(MOD(INT((X7)/65536),256)/2^5),2)*32+MOD(INT(MOD(INT((AB7)/65536),256)/2^6),2)*MOD(INT(MOD(INT((X7)/65536),256)/2^6),2)*64+MOD(INT(MOD(INT((AB7)/65536),256)/2^7),2)*MOD(INT(MOD(INT((X7)/65536),256)/2^7),2)*128)*65536+(MOD(INT(MOD(INT((AB7)/16777216),256)/2^0),2)*MOD(INT(MOD(INT((X7)/16777216),256)/2^0),2)*1+MOD(INT(MOD(INT((AB7)/16777216),256)/2^1),2)*MOD(INT(MOD(INT((X7)/16777216),256)/2^1),2)*2+MOD(INT(MOD(INT((AB7)/16777216),256)/2^2),2)*MOD(INT(MOD(INT((X7)/16777216),256)/2^2),2)*4+MOD(INT(MOD(INT((AB7)/16777216),256)/2^3),2)*MOD(INT(MOD(INT((X7)/16777216),256)/2^3),2)*8+MOD(INT(MOD(INT((AB7)/16777216),256)/2^4),2)*MOD(INT(MOD(INT((X7)/16777216),256)/2^4),2)*16+MOD(INT(MOD(INT((AB7)/16777216),256)/2^5),2)*MOD(INT(MOD(INT((X7)/16777216),256)/2^5),2)*32+MOD(INT(MOD(INT((AB7)/16777216),256)/2^6),2)*MOD(INT(MOD(INT((X7)/16777216),256)/2^6),2)*64+MOD(INT(MOD(INT((AB7)/16777216),256)/2^7),2)*MOD(INT(MOD(INT((X7)/16777216),256)/2^7),2)*128)*16777216) -> 2282455553 | AE7: =MOD(AA7+W7-2*AC7,4294967296) -> 2849256004 | AF7: =MOD(AB7+X7-2*AD7,4294967296) -> 1726248284 | AG7: =MOD(INT(C6/2^28)+MOD(D6,2^28)*2^4,4294967296) -> 3352158047 | AH7: =MOD(INT(D6/2^28)+MOD(C6,2^28)*2^4,4294967296) -> 3677190738 | AI7: =MOD(INT(D6/2^2)+MOD(C6,2^2)*2^30,4294967296) -> 1260337021 | AJ7: =MOD(INT(C6/2^2)+MOD(D6,2^2)*2^30,4294967296) -> 2137830889 | AK7: =MOD(INT(D6/2^7)+MOD(C6,2^7)*2^25,4294967296) -> 1247345083 | AL7: =MOD(INT(C6/2^7)+MOD(D6,2^7)*2^25,4294967296) -> 3959121327 | AM7: =((MOD(INT(MOD(INT((AG7)/1),256)/2^0),2)*MOD(INT(MOD(INT((AI7)/1),256)/2^0),2)*1+MOD(INT(MOD(INT((AG7)/1),256)/2^1),2)*MOD(INT(MOD(INT((AI7)/1),256)/2^1),2)*2+MOD(INT(MOD(INT((AG7)/1),256)/2^2),2)*MOD(INT(MOD(INT((AI7)/1),256)/2^2),2)*4+MOD(INT(MOD(INT((AG7)/1),256)/2^3),2)*MOD(INT(MOD(INT((AI7)/1),256)/2^3),2)*8+MOD(INT(MOD(INT((AG7)/1),256)/2^4),2)*MOD(INT(MOD(INT((AI7)/1),256)/2^4),2)*16+MOD(INT(MOD(INT((AG7)/1),256)/2^5),2)*MOD(INT(MOD(INT((AI7)/1),256)/2^5),2)*32+MOD(INT(MOD(INT((AG7)/1),256)/2^6),2)*MOD(INT(MOD(INT((AI7)/1),256)/2^6),2)*64+MOD(INT(MOD(INT((AG7)/1),256)/2^7),2)*MOD(INT(MOD(INT((AI7)/1),256)/2^7),2)*128)*1+(MOD(INT(MOD(INT((AG7)/256),256)/2^0),2)*MOD(INT(MOD(INT((AI7)/256),256)/2^0),2)*1+MOD(INT(MOD(INT((AG7)/256),256)/2^1),2)*MOD(INT(MOD(INT((AI7)/256),256)/2^1),2)*2+MOD(INT(MOD(INT((AG7)/256),256)/2^2),2)*MOD(INT(MOD(INT((AI7)/256),256)/2^2),2)*4+MOD(INT(MOD(INT((AG7)/256),256)/2^3),2)*MOD(INT(MOD(INT((AI7)/256),256)/2^3),2)*8+MOD(INT(MOD(INT((AG7)/256),256)/2^4),2)*MOD(INT(MOD(INT((AI7)/256),256)/2^4),2)*16+MOD(INT(MOD(INT((AG7)/256),256)/2^5),2)*MOD(INT(MOD(INT((AI7)/256),256)/2^5),2)*32+MOD(INT(MOD(INT((AG7)/256),256)/2^6),2)*MOD(INT(MOD(INT((AI7)/256),256)/2^6),2)*64+MOD(INT(MOD(INT((AG7)/256),256)/2^7),2)*MOD(INT(MOD(INT((AI7)/256),256)/2^7),2)*128)*256+(MOD(INT(MOD(INT((AG7)/65536),256)/2^0),2)*MOD(INT(MOD(INT((AI7)/65536),256)/2^0),2)*1+MOD(INT(MOD(INT((AG7)/65536),256)/2^1),2)*MOD(INT(MOD(INT((AI7)/65536),256)/2^1),2)*2+MOD(INT(MOD(INT((AG7)/65536),256)/2^2),2)*MOD(INT(MOD(INT((AI7)/65536),256)/2^2),2)*4+MOD(INT(MOD(INT((AG7)/65536),256)/2^3),2)*MOD(INT(MOD(INT((AI7)/65536),256)/2^3),2)*8+MOD(INT(MOD(INT((AG7)/65536),256)/2^4),2)*MOD(INT(MOD(INT((AI7)/65536),256)/2^4),2)*16+MOD(INT(MOD(INT((AG7)/65536),256)/2^5),2)*MOD(INT(MOD(INT((AI7)/65536),256)/2^5),2)*32+MOD(INT(MOD(INT((AG7)/65536),256)/2^6),2)*MOD(INT(MOD(INT((AI7)/65536),256)/2^6),2)*64+MOD(INT(MOD(INT((AG7)/65536),256)/2^7),2)*MOD(INT(MOD(INT((AI7)/65536),256)/2^7),2)*128)*65536+(MOD(INT(MOD(INT((AG7)/16777216),256)/2^0),2)*MOD(INT(MOD(INT((AI7)/16777216),256)/2^0),2)*1+MOD(INT(MOD(INT((AG7)/16777216),256)/2^1),2)*MOD(INT(MOD(INT((AI7)/16777216),256)/2^1),2)*2+MOD(INT(MOD(INT((AG7)/16777216),256)/2^2),2)*MOD(INT(MOD(INT((AI7)/16777216),256)/2^2),2)*4+MOD(INT(MOD(INT((AG7)/16777216),256)/2^3),2)*MOD(INT(MOD(INT((AI7)/16777216),256)/2^3),2)*8+MOD(INT(MOD(INT((AG7)/16777216),256)/2^4),2)*MOD(INT(MOD(INT((AI7)/16777216),256)/2^4),2)*16+MOD(INT(MOD(INT((AG7)/16777216),256)/2^5),2)*MOD(INT(MOD(INT((AI7)/16777216),256)/2^5),2)*32+MOD(INT(MOD(INT((AG7)/16777216),256)/2^6),2)*MOD(INT(MOD(INT((AI7)/16777216),256)/2^6),2)*64+MOD(INT(MOD(INT((AG7)/16777216),256)/2^7),2)*MOD(INT(MOD(INT((AI7)/16777216),256)/2^7),2)*128)*16777216) -> 1124931421 | AN7: =((MOD(INT(MOD(INT((AH7)/1),256)/2^0),2)*MOD(INT(MOD(INT((AJ7)/1),256)/2^0),2)*1+MOD(INT(MOD(INT((AH7)/1),256)/2^1),2)*MOD(INT(MOD(INT((AJ7)/1),256)/2^1),2)*2+MOD(INT(MOD(INT((AH7)/1),256)/2^2),2)*MOD(INT(MOD(INT((AJ7)/1),256)/2^2),2)*4+MOD(INT(MOD(INT((AH7)/1),256)/2^3),2)*MOD(INT(MOD(INT((AJ7)/1),256)/2^3),2)*8+MOD(INT(MOD(INT((AH7)/1),256)/2^4),2)*MOD(INT(MOD(INT((AJ7)/1),256)/2^4),2)*16+MOD(INT(MOD(INT((AH7)/1),256)/2^5),2)*MOD(INT(MOD(INT((AJ7)/1),256)/2^5),2)*32+MOD(INT(MOD(INT((AH7)/1),256)/2^6),2)*MOD(INT(MOD(INT((AJ7)/1),256)/2^6),2)*64+MOD(INT(MOD(INT((AH7)/1),256)/2^7),2)*MOD(INT(MOD(INT((AJ7)/1),256)/2^7),2)*128)*1+(MOD(INT(MOD(INT((AH7)/256),256)/2^0),2)*MOD(INT(MOD(INT((AJ7)/256),256)/2^0),2)*1+MOD(INT(MOD(INT((AH7)/256),256)/2^1),2)*MOD(INT(MOD(INT((AJ7)/256),256)/2^1),2)*2+MOD(INT(MOD(INT((AH7)/256),256)/2^2),2)*MOD(INT(MOD(INT((AJ7)/256),256)/2^2),2)*4+MOD(INT(MOD(INT((AH7)/256),256)/2^3),2)*MOD(INT(MOD(INT((AJ7)/256),256)/2^3),2)*8+MOD(INT(MOD(INT((AH7)/256),256)/2^4),2)*MOD(INT(MOD(INT((AJ7)/256),256)/2^4),2)*16+MOD(INT(MOD(INT((AH7)/256),256)/2^5),2)*MOD(INT(MOD(INT((AJ7)/256),256)/2^5),2)*32+MOD(INT(MOD(INT((AH7)/256),256)/2^6),2)*MOD(INT(MOD(INT((AJ7)/256),256)/2^6),2)*64+MOD(INT(MOD(INT((AH7)/256),256)/2^7),2)*MOD(INT(MOD(INT((AJ7)/256),256)/2^7),2)*128)*256+(MOD(INT(MOD(INT((AH7)/65536),256)/2^0),2)*MOD(INT(MOD(INT((AJ7)/65536),256)/2^0),2)*1+MOD(INT(MOD(INT((AH7)/65536),256)/2^1),2)*MOD(INT(MOD(INT((AJ7)/65536),256)/2^1),2)*2+MOD(INT(MOD(INT((AH7)/65536),256)/2^2),2)*MOD(INT(MOD(INT((AJ7)/65536),256)/2^2),2)*4+MOD(INT(MOD(INT((AH7)/65536),256)/2^3),2)*MOD(INT(MOD(INT((AJ7)/65536),256)/2^3),2)*8+MOD(INT(MOD(INT((AH7)/65536),256)/2^4),2)*MOD(INT(MOD(INT((AJ7)/65536),256)/2^4),2)*16+MOD(INT(MOD(INT((AH7)/65536),256)/2^5),2)*MOD(INT(MOD(INT((AJ7)/65536),256)/2^5),2)*32+MOD(INT(MOD(INT((AH7)/65536),256)/2^6),2)*MOD(INT(MOD(INT((AJ7)/65536),256)/2^6),2)*64+MOD(INT(MOD(INT((AH7)/65536),256)/2^7),2)*MOD(INT(MOD(INT((AJ7)/65536),256)/2^7),2)*128)*65536+(MOD(INT(MOD(INT((AH7)/16777216),256)/2^0),2)*MOD(INT(MOD(INT((AJ7)/16777216),256)/2^0),2)*1+MOD(INT(MOD(INT((AH7)/16777216),256)/2^1),2)*MOD(INT(MOD(INT((AJ7)/16777216),256)/2^1),2)*2+MOD(INT(MOD(INT((AH7)/16777216),256)/2^2),2)*MOD(INT(MOD(INT((AJ7)/16777216),256)/2^2),2)*4+MOD(INT(MOD(INT((AH7)/16777216),256)/2^3),2)*MOD(INT(MOD(INT((AJ7)/16777216),256)/2^3),2)*8+MOD(INT(MOD(INT((AH7)/16777216),256)/2^4),2)*MOD(INT(MOD(INT((AJ7)/16777216),256)/2^4),2)*16+MOD(INT(MOD(INT((AH7)/16777216),256)/2^5),2)*MOD(INT(MOD(INT((AJ7)/16777216),256)/2^5),2)*32+MOD(INT(MOD(INT((AH7)/16777216),256)/2^6),2)*MOD(INT(MOD(INT((AJ7)/16777216),256)/2^6),2)*64+MOD(INT(MOD(INT((AH7)/16777216),256)/2^7),2)*MOD(INT(MOD(INT((AJ7)/16777216),256)/2^7),2)*128)*16777216) -> 1529622592 | AO7: =MOD(AG7+AI7-2*AM7,4294967296) -> 2362632226 | AP7: =MOD(AH7+AJ7-2*AN7,4294967296) -> 2755776443 | AQ7: =((MOD(INT(MOD(INT((AO7)/1),256)/2^0),2)*MOD(INT(MOD(INT((AK7)/1),256)/2^0),2)*1+MOD(INT(MOD(INT((AO7)/1),256)/2^1),2)*MOD(INT(MOD(INT((AK7)/1),256)/2^1),2)*2+MOD(INT(MOD(INT((AO7)/1),256)/2^2),2)*MOD(INT(MOD(INT((AK7)/1),256)/2^2),2)*4+MOD(INT(MOD(INT((AO7)/1),256)/2^3),2)*MOD(INT(MOD(INT((AK7)/1),256)/2^3),2)*8+MOD(INT(MOD(INT((AO7)/1),256)/2^4),2)*MOD(INT(MOD(INT((AK7)/1),256)/2^4),2)*16+MOD(INT(MOD(INT((AO7)/1),256)/2^5),2)*MOD(INT(MOD(INT((AK7)/1),256)/2^5),2)*32+MOD(INT(MOD(INT((AO7)/1),256)/2^6),2)*MOD(INT(MOD(INT((AK7)/1),256)/2^6),2)*64+MOD(INT(MOD(INT((AO7)/1),256)/2^7),2)*MOD(INT(MOD(INT((AK7)/1),256)/2^7),2)*128)*1+(MOD(INT(MOD(INT((AO7)/256),256)/2^0),2)*MOD(INT(MOD(INT((AK7)/256),256)/2^0),2)*1+MOD(INT(MOD(INT((AO7)/256),256)/2^1),2)*MOD(INT(MOD(INT((AK7)/256),256)/2^1),2)*2+MOD(INT(MOD(INT((AO7)/256),256)/2^2),2)*MOD(INT(MOD(INT((AK7)/256),256)/2^2),2)*4+MOD(INT(MOD(INT((AO7)/256),256)/2^3),2)*MOD(INT(MOD(INT((AK7)/256),256)/2^3),2)*8+MOD(INT(MOD(INT((AO7)/256),256)/2^4),2)*MOD(INT(MOD(INT((AK7)/256),256)/2^4),2)*16+MOD(INT(MOD(INT((AO7)/256),256)/2^5),2)*MOD(INT(MOD(INT((AK7)/256),256)/2^5),2)*32+MOD(INT(MOD(INT((AO7)/256),256)/2^6),2)*MOD(INT(MOD(INT((AK7)/256),256)/2^6),2)*64+MOD(INT(MOD(INT((AO7)/256),256)/2^7),2)*MOD(INT(MOD(INT((AK7)/256),256)/2^7),2)*128)*256+(MOD(INT(MOD(INT((AO7)/65536),256)/2^0),2)*MOD(INT(MOD(INT((AK7)/65536),256)/2^0),2)*1+MOD(INT(MOD(INT((AO7)/65536),256)/2^1),2)*MOD(INT(MOD(INT((AK7)/65536),256)/2^1),2)*2+MOD(INT(MOD(INT((AO7)/65536),256)/2^2),2)*MOD(INT(MOD(INT((AK7)/65536),256)/2^2),2)*4+MOD(INT(MOD(INT((AO7)/65536),256)/2^3),2)*MOD(INT(MOD(INT((AK7)/65536),256)/2^3),2)*8+MOD(INT(MOD(INT((AO7)/65536),256)/2^4),2)*MOD(INT(MOD(INT((AK7)/65536),256)/2^4),2)*16+MOD(INT(MOD(INT((AO7)/65536),256)/2^5),2)*MOD(INT(MOD(INT((AK7)/65536),256)/2^5),2)*32+MOD(INT(MOD(INT((AO7)/65536),256)/2^6),2)*MOD(INT(MOD(INT((AK7)/65536),256)/2^6),2)*64+MOD(INT(MOD(INT((AO7)/65536),256)/2^7),2)*MOD(INT(MOD(INT((AK7)/65536),256)/2^7),2)*128)*65536+(MOD(INT(MOD(INT((AO7)/16777216),256)/2^0),2)*MOD(INT(MOD(INT((AK7)/16777216),256)/2^0),2)*1+MOD(INT(MOD(INT((AO7)/16777216),256)/2^1),2)*MOD(INT(MOD(INT((AK7)/16777216),256)/2^1),2)*2+MOD(INT(MOD(INT((AO7)/16777216),256)/2^2),2)*MOD(INT(MOD(INT((AK7)/16777216),256)/2^2),2)*4+MOD(INT(MOD(INT((AO7)/16777216),256)/2^3),2)*MOD(INT(MOD(INT((AK7)/16777216),256)/2^3),2)*8+MOD(INT(MOD(INT((AO7)/16777216),256)/2^4),2)*MOD(INT(MOD(INT((AK7)/16777216),256)/2^4),2)*16+MOD(INT(MOD(INT((AO7)/16777216),256)/2^5),2)*MOD(INT(MOD(INT((AK7)/16777216),256)/2^5),2)*32+MOD(INT(MOD(INT((AO7)/16777216),256)/2^6),2)*MOD(INT(MOD(INT((AK7)/16777216),256)/2^6),2)*64+MOD(INT(MOD(INT((AO7)/16777216),256)/2^7),2)*MOD(INT(MOD(INT((AK7)/16777216),256)/2^7),2)*128)*16777216) -> 139520034 | AR7: =((MOD(INT(MOD(INT((AP7)/1),256)/2^0),2)*MOD(INT(MOD(INT((AL7)/1),256)/2^0),2)*1+MOD(INT(MOD(INT((AP7)/1),256)/2^1),2)*MOD(INT(MOD(INT((AL7)/1),256)/2^1),2)*2+MOD(INT(MOD(INT((AP7)/1),256)/2^2),2)*MOD(INT(MOD(INT((AL7)/1),256)/2^2),2)*4+MOD(INT(MOD(INT((AP7)/1),256)/2^3),2)*MOD(INT(MOD(INT((AL7)/1),256)/2^3),2)*8+MOD(INT(MOD(INT((AP7)/1),256)/2^4),2)*MOD(INT(MOD(INT((AL7)/1),256)/2^4),2)*16+MOD(INT(MOD(INT((AP7)/1),256)/2^5),2)*MOD(INT(MOD(INT((AL7)/1),256)/2^5),2)*32+MOD(INT(MOD(INT((AP7)/1),256)/2^6),2)*MOD(INT(MOD(INT((AL7)/1),256)/2^6),2)*64+MOD(INT(MOD(INT((AP7)/1),256)/2^7),2)*MOD(INT(MOD(INT((AL7)/1),256)/2^7),2)*128)*1+(MOD(INT(MOD(INT((AP7)/256),256)/2^0),2)*MOD(INT(MOD(INT((AL7)/256),256)/2^0),2)*1+MOD(INT(MOD(INT((AP7)/256),256)/2^1),2)*MOD(INT(MOD(INT((AL7)/256),256)/2^1),2)*2+MOD(INT(MOD(INT((AP7)/256),256)/2^2),2)*MOD(INT(MOD(INT((AL7)/256),256)/2^2),2)*4+MOD(INT(MOD(INT((AP7)/256),256)/2^3),2)*MOD(INT(MOD(INT((AL7)/256),256)/2^3),2)*8+MOD(INT(MOD(INT((AP7)/256),256)/2^4),2)*MOD(INT(MOD(INT((AL7)/256),256)/2^4),2)*16+MOD(INT(MOD(INT((AP7)/256),256)/2^5),2)*MOD(INT(MOD(INT((AL7)/256),256)/2^5),2)*32+MOD(INT(MOD(INT((AP7)/256),256)/2^6),2)*MOD(INT(MOD(INT((AL7)/256),256)/2^6),2)*64+MOD(INT(MOD(INT((AP7)/256),256)/2^7),2)*MOD(INT(MOD(INT((AL7)/256),256)/2^7),2)*128)*256+(MOD(INT(MOD(INT((AP7)/65536),256)/2^0),2)*MOD(INT(MOD(INT((AL7)/65536),256)/2^0),2)*1+MOD(INT(MOD(INT((AP7)/65536),256)/2^1),2)*MOD(INT(MOD(INT((AL7)/65536),256)/2^1),2)*2+MOD(INT(MOD(INT((AP7)/65536),256)/2^2),2)*MOD(INT(MOD(INT((AL7)/65536),256)/2^2),2)*4+MOD(INT(MOD(INT((AP7)/65536),256)/2^3),2)*MOD(INT(MOD(INT((AL7)/65536),256)/2^3),2)*8+MOD(INT(MOD(INT((AP7)/65536),256)/2^4),2)*MOD(INT(MOD(INT((AL7)/65536),256)/2^4),2)*16+MOD(INT(MOD(INT((AP7)/65536),256)/2^5),2)*MOD(INT(MOD(INT((AL7)/65536),256)/2^5),2)*32+MOD(INT(MOD(INT((AP7)/65536),256)/2^6),2)*MOD(INT(MOD(INT((AL7)/65536),256)/2^6),2)*64+MOD(INT(MOD(INT((AP7)/65536),256)/2^7),2)*MOD(INT(MOD(INT((AL7)/65536),256)/2^7),2)*128)*65536+(MOD(INT(MOD(INT((AP7)/16777216),256)/2^0),2)*MOD(INT(MOD(INT((AL7)/16777216),256)/2^0),2)*1+MOD(INT(MOD(INT((AP7)/16777216),256)/2^1),2)*MOD(INT(MOD(INT((AL7)/16777216),256)/2^1),2)*2+MOD(INT(MOD(INT((AP7)/16777216),256)/2^2),2)*MOD(INT(MOD(INT((AL7)/16777216),256)/2^2),2)*4+MOD(INT(MOD(INT((AP7)/16777216),256)/2^3),2)*MOD(INT(MOD(INT((AL7)/16777216),256)/2^3),2)*8+MOD(INT(MOD(INT((AP7)/16777216),256)/2^4),2)*MOD(INT(MOD(INT((AL7)/16777216),256)/2^4),2)*16+MOD(INT(MOD(INT((AP7)/16777216),256)/2^5),2)*MOD(INT(MOD(INT((AL7)/16777216),256)/2^5),2)*32+MOD(INT(MOD(INT((AP7)/16777216),256)/2^6),2)*MOD(INT(MOD(INT((AL7)/16777216),256)/2^6),2)*64+MOD(INT(MOD(INT((AP7)/16777216),256)/2^7),2)*MOD(INT(MOD(INT((AL7)/16777216),256)/2^7),2)*128)*16777216) -> 2688632235 | AS7: =MOD(AO7+AK7-2*AQ7,4294967296) -> 3330937241 | AT7: =MOD(AP7+AL7-2*AR7,4294967296) -> 1337633300 | AU7: =((MOD(INT(MOD(INT((K6)/1),256)/2^0),2)*MOD(INT(MOD(INT((M6)/1),256)/2^0),2)*1+MOD(INT(MOD(INT((K6)/1),256)/2^1),2)*MOD(INT(MOD(INT((M6)/1),256)/2^1),2)*2+MOD(INT(MOD(INT((K6)/1),256)/2^2),2)*MOD(INT(MOD(INT((M6)/1),256)/2^2),2)*4+MOD(INT(MOD(INT((K6)/1),256)/2^3),2)*MOD(INT(MOD(INT((M6)/1),256)/2^3),2)*8+MOD(INT(MOD(INT((K6)/1),256)/2^4),2)*MOD(INT(MOD(INT((M6)/1),256)/2^4),2)*16+MOD(INT(MOD(INT((K6)/1),256)/2^5),2)*MOD(INT(MOD(INT((M6)/1),256)/2^5),2)*32+MOD(INT(MOD(INT((K6)/1),256)/2^6),2)*MOD(INT(MOD(INT((M6)/1),256)/2^6),2)*64+MOD(INT(MOD(INT((K6)/1),256)/2^7),2)*MOD(INT(MOD(INT((M6)/1),256)/2^7),2)*128)*1+(MOD(INT(MOD(INT((K6)/256),256)/2^0),2)*MOD(INT(MOD(INT((M6)/256),256)/2^0),2)*1+MOD(INT(MOD(INT((K6)/256),256)/2^1),2)*MOD(INT(MOD(INT((M6)/256),256)/2^1),2)*2+MOD(INT(MOD(INT((K6)/256),256)/2^2),2)*MOD(INT(MOD(INT((M6)/256),256)/2^2),2)*4+MOD(INT(MOD(INT((K6)/256),256)/2^3),2)*MOD(INT(MOD(INT((M6)/256),256)/2^3),2)*8+MOD(INT(MOD(INT((K6)/256),256)/2^4),2)*MOD(INT(MOD(INT((M6)/256),256)/2^4),2)*16+MOD(INT(MOD(INT((K6)/256),256)/2^5),2)*MOD(INT(MOD(INT((M6)/256),256)/2^5),2)*32+MOD(INT(MOD(INT((K6)/256),256)/2^6),2)*MOD(INT(MOD(INT((M6)/256),256)/2^6),2)*64+MOD(INT(MOD(INT((K6)/256),256)/2^7),2)*MOD(INT(MOD(INT((M6)/256),256)/2^7),2)*128)*256+(MOD(INT(MOD(INT((K6)/65536),256)/2^0),2)*MOD(INT(MOD(INT((M6)/65536),256)/2^0),2)*1+MOD(INT(MOD(INT((K6)/65536),256)/2^1),2)*MOD(INT(MOD(INT((M6)/65536),256)/2^1),2)*2+MOD(INT(MOD(INT((K6)/65536),256)/2^2),2)*MOD(INT(MOD(INT((M6)/65536),256)/2^2),2)*4+MOD(INT(MOD(INT((K6)/65536),256)/2^3),2)*MOD(INT(MOD(INT((M6)/65536),256)/2^3),2)*8+MOD(INT(MOD(INT((K6)/65536),256)/2^4),2)*MOD(INT(MOD(INT((M6)/65536),256)/2^4),2)*16+MOD(INT(MOD(INT((K6)/65536),256)/2^5),2)*MOD(INT(MOD(INT((M6)/65536),256)/2^5),2)*32+MOD(INT(MOD(INT((K6)/65536),256)/2^6),2)*MOD(INT(MOD(INT((M6)/65536),256)/2^6),2)*64+MOD(INT(MOD(INT((K6)/65536),256)/2^7),2)*MOD(INT(MOD(INT((M6)/65536),256)/2^7),2)*128)*65536+(MOD(INT(MOD(INT((K6)/16777216),256)/2^0),2)*MOD(INT(MOD(INT((M6)/16777216),256)/2^0),2)*1+MOD(INT(MOD(INT((K6)/16777216),256)/2^1),2)*MOD(INT(MOD(INT((M6)/16777216),256)/2^1),2)*2+MOD(INT(MOD(INT((K6)/16777216),256)/2^2),2)*MOD(INT(MOD(INT((M6)/16777216),256)/2^2),2)*4+MOD(INT(MOD(INT((K6)/16777216),256)/2^3),2)*MOD(INT(MOD(INT((M6)/16777216),256)/2^3),2)*8+MOD(INT(MOD(INT((K6)/16777216),256)/2^4),2)*MOD(INT(MOD(INT((M6)/16777216),256)/2^4),2)*16+MOD(INT(MOD(INT((K6)/16777216),256)/2^5),2)*MOD(INT(MOD(INT((M6)/16777216),256)/2^5),2)*32+MOD(INT(MOD(INT((K6)/16777216),256)/2^6),2)*MOD(INT(MOD(INT((M6)/16777216),256)/2^6),2)*64+MOD(INT(MOD(INT((K6)/16777216),256)/2^7),2)*MOD(INT(MOD(INT((M6)/16777216),256)/2^7),2)*128)*16777216) -> 1359872544 | AV7: =((MOD(INT(MOD(INT((L6)/1),256)/2^0),2)*MOD(INT(MOD(INT((N6)/1),256)/2^0),2)*1+MOD(INT(MOD(INT((L6)/1),256)/2^1),2)*MOD(INT(MOD(INT((N6)/1),256)/2^1),2)*2+MOD(INT(MOD(INT((L6)/1),256)/2^2),2)*MOD(INT(MOD(INT((N6)/1),256)/2^2),2)*4+MOD(INT(MOD(INT((L6)/1),256)/2^3),2)*MOD(INT(MOD(INT((N6)/1),256)/2^3),2)*8+MOD(INT(MOD(INT((L6)/1),256)/2^4),2)*MOD(INT(MOD(INT((N6)/1),256)/2^4),2)*16+MOD(INT(MOD(INT((L6)/1),256)/2^5),2)*MOD(INT(MOD(INT((N6)/1),256)/2^5),2)*32+MOD(INT(MOD(INT((L6)/1),256)/2^6),2)*MOD(INT(MOD(INT((N6)/1),256)/2^6),2)*64+MOD(INT(MOD(INT((L6)/1),256)/2^7),2)*MOD(INT(MOD(INT((N6)/1),256)/2^7),2)*128)*1+(MOD(INT(MOD(INT((L6)/256),256)/2^0),2)*MOD(INT(MOD(INT((N6)/256),256)/2^0),2)*1+MOD(INT(MOD(INT((L6)/256),256)/2^1),2)*MOD(INT(MOD(INT((N6)/256),256)/2^1),2)*2+MOD(INT(MOD(INT((L6)/256),256)/2^2),2)*MOD(INT(MOD(INT((N6)/256),256)/2^2),2)*4+MOD(INT(MOD(INT((L6)/256),256)/2^3),2)*MOD(INT(MOD(INT((N6)/256),256)/2^3),2)*8+MOD(INT(MOD(INT((L6)/256),256)/2^4),2)*MOD(INT(MOD(INT((N6)/256),256)/2^4),2)*16+MOD(INT(MOD(INT((L6)/256),256)/2^5),2)*MOD(INT(MOD(INT((N6)/256),256)/2^5),2)*32+MOD(INT(MOD(INT((L6)/256),256)/2^6),2)*MOD(INT(MOD(INT((N6)/256),256)/2^6),2)*64+MOD(INT(MOD(INT((L6)/256),256)/2^7),2)*MOD(INT(MOD(INT((N6)/256),256)/2^7),2)*128)*256+(MOD(INT(MOD(INT((L6)/65536),256)/2^0),2)*MOD(INT(MOD(INT((N6)/65536),256)/2^0),2)*1+MOD(INT(MOD(INT((L6)/65536),256)/2^1),2)*MOD(INT(MOD(INT((N6)/65536),256)/2^1),2)*2+MOD(INT(MOD(INT((L6)/65536),256)/2^2),2)*MOD(INT(MOD(INT((N6)/65536),256)/2^2),2)*4+MOD(INT(MOD(INT((L6)/65536),256)/2^3),2)*MOD(INT(MOD(INT((N6)/65536),256)/2^3),2)*8+MOD(INT(MOD(INT((L6)/65536),256)/2^4),2)*MOD(INT(MOD(INT((N6)/65536),256)/2^4),2)*16+MOD(INT(MOD(INT((L6)/65536),256)/2^5),2)*MOD(INT(MOD(INT((N6)/65536),256)/2^5),2)*32+MOD(INT(MOD(INT((L6)/65536),256)/2^6),2)*MOD(INT(MOD(INT((N6)/65536),256)/2^6),2)*64+MOD(INT(MOD(INT((L6)/65536),256)/2^7),2)*MOD(INT(MOD(INT((N6)/65536),256)/2^7),2)*128)*65536+(MOD(INT(MOD(INT((L6)/16777216),256)/2^0),2)*MOD(INT(MOD(INT((N6)/16777216),256)/2^0),2)*1+MOD(INT(MOD(INT((L6)/16777216),256)/2^1),2)*MOD(INT(MOD(INT((N6)/16777216),256)/2^1),2)*2+MOD(INT(MOD(INT((L6)/16777216),256)/2^2),2)*MOD(INT(MOD(INT((N6)/16777216),256)/2^2),2)*4+MOD(INT(MOD(INT((L6)/16777216),256)/2^3),2)*MOD(INT(MOD(INT((N6)/16777216),256)/2^3),2)*8+MOD(INT(MOD(INT((L6)/16777216),256)/2^4),2)*MOD(INT(MOD(INT((N6)/16777216),256)/2^4),2)*16+MOD(INT(MOD(INT((L6)/16777216),256)/2^5),2)*MOD(INT(MOD(INT((N6)/16777216),256)/2^5),2)*32+MOD(INT(MOD(INT((L6)/16777216),256)/2^6),2)*MOD(INT(MOD(INT((N6)/16777216),256)/2^6),2)*64+MOD(INT(MOD(INT((L6)/16777216),256)/2^7),2)*MOD(INT(MOD(INT((N6)/16777216),256)/2^7),2)*128)*16777216) -> 2820932241 | AW7: =((MOD(INT(MOD(INT(((4294967295-K6))/1),256)/2^0),2)*MOD(INT(MOD(INT((O6)/1),256)/2^0),2)*1+MOD(INT(MOD(INT(((4294967295-K6))/1),256)/2^1),2)*MOD(INT(MOD(INT((O6)/1),256)/2^1),2)*2+MOD(INT(MOD(INT(((4294967295-K6))/1),256)/2^2),2)*MOD(INT(MOD(INT((O6)/1),256)/2^2),2)*4+MOD(INT(MOD(INT(((4294967295-K6))/1),256)/2^3),2)*MOD(INT(MOD(INT((O6)/1),256)/2^3),2)*8+MOD(INT(MOD(INT(((4294967295-K6))/1),256)/2^4),2)*MOD(INT(MOD(INT((O6)/1),256)/2^4),2)*16+MOD(INT(MOD(INT(((4294967295-K6))/1),256)/2^5),2)*MOD(INT(MOD(INT((O6)/1),256)/2^5),2)*32+MOD(INT(MOD(INT(((4294967295-K6))/1),256)/2^6),2)*MOD(INT(MOD(INT((O6)/1),256)/2^6),2)*64+MOD(INT(MOD(INT(((4294967295-K6))/1),256)/2^7),2)*MOD(INT(MOD(INT((O6)/1),256)/2^7),2)*128)*1+(MOD(INT(MOD(INT(((4294967295-K6))/256),256)/2^0),2)*MOD(INT(MOD(INT((O6)/256),256)/2^0),2)*1+MOD(INT(MOD(INT(((4294967295-K6))/256),256)/2^1),2)*MOD(INT(MOD(INT((O6)/256),256)/2^1),2)*2+MOD(INT(MOD(INT(((4294967295-K6))/256),256)/2^2),2)*MOD(INT(MOD(INT((O6)/256),256)/2^2),2)*4+MOD(INT(MOD(INT(((4294967295-K6))/256),256)/2^3),2)*MOD(INT(MOD(INT((O6)/256),256)/2^3),2)*8+MOD(INT(MOD(INT(((4294967295-K6))/256),256)/2^4),2)*MOD(INT(MOD(INT((O6)/256),256)/2^4),2)*16+MOD(INT(MOD(INT(((4294967295-K6))/256),256)/2^5),2)*MOD(INT(MOD(INT((O6)/256),256)/2^5),2)*32+MOD(INT(MOD(INT(((4294967295-K6))/256),256)/2^6),2)*MOD(INT(MOD(INT((O6)/256),256)/2^6),2)*64+MOD(INT(MOD(INT(((4294967295-K6))/256),256)/2^7),2)*MOD(INT(MOD(INT((O6)/256),256)/2^7),2)*128)*256+(MOD(INT(MOD(INT(((4294967295-K6))/65536),256)/2^0),2)*MOD(INT(MOD(INT((O6)/65536),256)/2^0),2)*1+MOD(INT(MOD(INT(((4294967295-K6))/65536),256)/2^1),2)*MOD(INT(MOD(INT((O6)/65536),256)/2^1),2)*2+MOD(INT(MOD(INT(((4294967295-K6))/65536),256)/2^2),2)*MOD(INT(MOD(INT((O6)/65536),256)/2^2),2)*4+MOD(INT(MOD(INT(((4294967295-K6))/65536),256)/2^3),2)*MOD(INT(MOD(INT((O6)/65536),256)/2^3),2)*8+MOD(INT(MOD(INT(((4294967295-K6))/65536),256)/2^4),2)*MOD(INT(MOD(INT((O6)/65536),256)/2^4),2)*16+MOD(INT(MOD(INT(((4294967295-K6))/65536),256)/2^5),2)*MOD(INT(MOD(INT((O6)/65536),256)/2^5),2)*32+MOD(INT(MOD(INT(((4294967295-K6))/65536),256)/2^6),2)*MOD(INT(MOD(INT((O6)/65536),256)/2^6),2)*64+MOD(INT(MOD(INT(((4294967295-K6))/65536),256)/2^7),2)*MOD(INT(MOD(INT((O6)/65536),256)/2^7),2)*128)*65536+(MOD(INT(MOD(INT(((4294967295-K6))/16777216),256)/2^0),2)*MOD(INT(MOD(INT((O6)/16777216),256)/2^0),2)*1+MOD(INT(MOD(INT(((4294967295-K6))/16777216),256)/2^1),2)*MOD(INT(MOD(INT((O6)/16777216),256)/2^1),2)*2+MOD(INT(MOD(INT(((4294967295-K6))/16777216),256)/2^2),2)*MOD(INT(MOD(INT((O6)/16777216),256)/2^2),2)*4+MOD(INT(MOD(INT(((4294967295-K6))/16777216),256)/2^3),2)*MOD(INT(MOD(INT((O6)/16777216),256)/2^3),2)*8+MOD(INT(MOD(INT(((4294967295-K6))/16777216),256)/2^4),2)*MOD(INT(MOD(INT((O6)/16777216),256)/2^4),2)*16+MOD(INT(MOD(INT(((4294967295-K6))/16777216),256)/2^5),2)*MOD(INT(MOD(INT((O6)/16777216),256)/2^5),2)*32+MOD(INT(MOD(INT(((4294967295-K6))/16777216),256)/2^6),2)*MOD(INT(MOD(INT((O6)/16777216),256)/2^6),2)*64+MOD(INT(MOD(INT(((4294967295-K6))/16777216),256)/2^7),2)*MOD(INT(MOD(INT((O6)/16777216),256)/2^7),2)*128)*16777216) -> 2147573900 | AX7: =((MOD(INT(MOD(INT(((4294967295-L6))/1),256)/2^0),2)*MOD(INT(MOD(INT((P6)/1),256)/2^0),2)*1+MOD(INT(MOD(INT(((4294967295-L6))/1),256)/2^1),2)*MOD(INT(MOD(INT((P6)/1),256)/2^1),2)*2+MOD(INT(MOD(INT(((4294967295-L6))/1),256)/2^2),2)*MOD(INT(MOD(INT((P6)/1),256)/2^2),2)*4+MOD(INT(MOD(INT(((4294967295-L6))/1),256)/2^3),2)*MOD(INT(MOD(INT((P6)/1),256)/2^3),2)*8+MOD(INT(MOD(INT(((4294967295-L6))/1),256)/2^4),2)*MOD(INT(MOD(INT((P6)/1),256)/2^4),2)*16+MOD(INT(MOD(INT(((4294967295-L6))/1),256)/2^5),2)*MOD(INT(MOD(INT((P6)/1),256)/2^5),2)*32+MOD(INT(MOD(INT(((4294967295-L6))/1),256)/2^6),2)*MOD(INT(MOD(INT((P6)/1),256)/2^6),2)*64+MOD(INT(MOD(INT(((4294967295-L6))/1),256)/2^7),2)*MOD(INT(MOD(INT((P6)/1),256)/2^7),2)*128)*1+(MOD(INT(MOD(INT(((4294967295-L6))/256),256)/2^0),2)*MOD(INT(MOD(INT((P6)/256),256)/2^0),2)*1+MOD(INT(MOD(INT(((4294967295-L6))/256),256)/2^1),2)*MOD(INT(MOD(INT((P6)/256),256)/2^1),2)*2+MOD(INT(MOD(INT(((4294967295-L6))/256),256)/2^2),2)*MOD(INT(MOD(INT((P6)/256),256)/2^2),2)*4+MOD(INT(MOD(INT(((4294967295-L6))/256),256)/2^3),2)*MOD(INT(MOD(INT((P6)/256),256)/2^3),2)*8+MOD(INT(MOD(INT(((4294967295-L6))/256),256)/2^4),2)*MOD(INT(MOD(INT((P6)/256),256)/2^4),2)*16+MOD(INT(MOD(INT(((4294967295-L6))/256),256)/2^5),2)*MOD(INT(MOD(INT((P6)/256),256)/2^5),2)*32+MOD(INT(MOD(INT(((4294967295-L6))/256),256)/2^6),2)*MOD(INT(MOD(INT((P6)/256),256)/2^6),2)*64+MOD(INT(MOD(INT(((4294967295-L6))/256),256)/2^7),2)*MOD(INT(MOD(INT((P6)/256),256)/2^7),2)*128)*256+(MOD(INT(MOD(INT(((4294967295-L6))/65536),256)/2^0),2)*MOD(INT(MOD(INT((P6)/65536),256)/2^0),2)*1+MOD(INT(MOD(INT(((4294967295-L6))/65536),256)/2^1),2)*MOD(INT(MOD(INT((P6)/65536),256)/2^1),2)*2+MOD(INT(MOD(INT(((4294967295-L6))/65536),256)/2^2),2)*MOD(INT(MOD(INT((P6)/65536),256)/2^2),2)*4+MOD(INT(MOD(INT(((4294967295-L6))/65536),256)/2^3),2)*MOD(INT(MOD(INT((P6)/65536),256)/2^3),2)*8+MOD(INT(MOD(INT(((4294967295-L6))/65536),256)/2^4),2)*MOD(INT(MOD(INT((P6)/65536),256)/2^4),2)*16+MOD(INT(MOD(INT(((4294967295-L6))/65536),256)/2^5),2)*MOD(INT(MOD(INT((P6)/65536),256)/2^5),2)*32+MOD(INT(MOD(INT(((4294967295-L6))/65536),256)/2^6),2)*MOD(INT(MOD(INT((P6)/65536),256)/2^6),2)*64+MOD(INT(MOD(INT(((4294967295-L6))/65536),256)/2^7),2)*MOD(INT(MOD(INT((P6)/65536),256)/2^7),2)*128)*65536+(MOD(INT(MOD(INT(((4294967295-L6))/16777216),256)/2^0),2)*MOD(INT(MOD(INT((P6)/16777216),256)/2^0),2)*1+MOD(INT(MOD(INT(((4294967295-L6))/16777216),256)/2^1),2)*MOD(INT(MOD(INT((P6)/16777216),256)/2^1),2)*2+MOD(INT(MOD(INT(((4294967295-L6))/16777216),256)/2^2),2)*MOD(INT(MOD(INT((P6)/16777216),256)/2^2),2)*4+MOD(INT(MOD(INT(((4294967295-L6))/16777216),256)/2^3),2)*MOD(INT(MOD(INT((P6)/16777216),256)/2^3),2)*8+MOD(INT(MOD(INT(((4294967295-L6))/16777216),256)/2^4),2)*MOD(INT(MOD(INT((P6)/16777216),256)/2^4),2)*16+MOD(INT(MOD(INT(((4294967295-L6))/16777216),256)/2^5),2)*MOD(INT(MOD(INT((P6)/16777216),256)/2^5),2)*32+MOD(INT(MOD(INT(((4294967295-L6))/16777216),256)/2^6),2)*MOD(INT(MOD(INT((P6)/16777216),256)/2^6),2)*64+MOD(INT(MOD(INT(((4294967295-L6))/16777216),256)/2^7),2)*MOD(INT(MOD(INT((P6)/16777216),256)/2^7),2)*128)*16777216) -> 17457166 | BA7: =MOD(AU7+AW7,4294967296) -> 3507446444 | BB7: =MOD(AV7+AX7,4294967296) -> 2838389407 | BC7: =((MOD(INT(MOD(INT((C6)/1),256)/2^0),2)*MOD(INT(MOD(INT((E6)/1),256)/2^0),2)*1+MOD(INT(MOD(INT((C6)/1),256)/2^1),2)*MOD(INT(MOD(INT((E6)/1),256)/2^1),2)*2+MOD(INT(MOD(INT((C6)/1),256)/2^2),2)*MOD(INT(MOD(INT((E6)/1),256)/2^2),2)*4+MOD(INT(MOD(INT((C6)/1),256)/2^3),2)*MOD(INT(MOD(INT((E6)/1),256)/2^3),2)*8+MOD(INT(MOD(INT((C6)/1),256)/2^4),2)*MOD(INT(MOD(INT((E6)/1),256)/2^4),2)*16+MOD(INT(MOD(INT((C6)/1),256)/2^5),2)*MOD(INT(MOD(INT((E6)/1),256)/2^5),2)*32+MOD(INT(MOD(INT((C6)/1),256)/2^6),2)*MOD(INT(MOD(INT((E6)/1),256)/2^6),2)*64+MOD(INT(MOD(INT((C6)/1),256)/2^7),2)*MOD(INT(MOD(INT((E6)/1),256)/2^7),2)*128)*1+(MOD(INT(MOD(INT((C6)/256),256)/2^0),2)*MOD(INT(MOD(INT((E6)/256),256)/2^0),2)*1+MOD(INT(MOD(INT((C6)/256),256)/2^1),2)*MOD(INT(MOD(INT((E6)/256),256)/2^1),2)*2+MOD(INT(MOD(INT((C6)/256),256)/2^2),2)*MOD(INT(MOD(INT((E6)/256),256)/2^2),2)*4+MOD(INT(MOD(INT((C6)/256),256)/2^3),2)*MOD(INT(MOD(INT((E6)/256),256)/2^3),2)*8+MOD(INT(MOD(INT((C6)/256),256)/2^4),2)*MOD(INT(MOD(INT((E6)/256),256)/2^4),2)*16+MOD(INT(MOD(INT((C6)/256),256)/2^5),2)*MOD(INT(MOD(INT((E6)/256),256)/2^5),2)*32+MOD(INT(MOD(INT((C6)/256),256)/2^6),2)*MOD(INT(MOD(INT((E6)/256),256)/2^6),2)*64+MOD(INT(MOD(INT((C6)/256),256)/2^7),2)*MOD(INT(MOD(INT((E6)/256),256)/2^7),2)*128)*256+(MOD(INT(MOD(INT((C6)/65536),256)/2^0),2)*MOD(INT(MOD(INT((E6)/65536),256)/2^0),2)*1+MOD(INT(MOD(INT((C6)/65536),256)/2^1),2)*MOD(INT(MOD(INT((E6)/65536),256)/2^1),2)*2+MOD(INT(MOD(INT((C6)/65536),256)/2^2),2)*MOD(INT(MOD(INT((E6)/65536),256)/2^2),2)*4+MOD(INT(MOD(INT((C6)/65536),256)/2^3),2)*MOD(INT(MOD(INT((E6)/65536),256)/2^3),2)*8+MOD(INT(MOD(INT((C6)/65536),256)/2^4),2)*MOD(INT(MOD(INT((E6)/65536),256)/2^4),2)*16+MOD(INT(MOD(INT((C6)/65536),256)/2^5),2)*MOD(INT(MOD(INT((E6)/65536),256)/2^5),2)*32+MOD(INT(MOD(INT((C6)/65536),256)/2^6),2)*MOD(INT(MOD(INT((E6)/65536),256)/2^6),2)*64+MOD(INT(MOD(INT((C6)/65536),256)/2^7),2)*MOD(INT(MOD(INT((E6)/65536),256)/2^7),2)*128)*65536+(MOD(INT(MOD(INT((C6)/16777216),256)/2^0),2)*MOD(INT(MOD(INT((E6)/16777216),256)/2^0),2)*1+MOD(INT(MOD(INT((C6)/16777216),256)/2^1),2)*MOD(INT(MOD(INT((E6)/16777216),256)/2^1),2)*2+MOD(INT(MOD(INT((C6)/16777216),256)/2^2),2)*MOD(INT(MOD(INT((E6)/16777216),256)/2^2),2)*4+MOD(INT(MOD(INT((C6)/16777216),256)/2^3),2)*MOD(INT(MOD(INT((E6)/16777216),256)/2^3),2)*8+MOD(INT(MOD(INT((C6)/16777216),256)/2^4),2)*MOD(INT(MOD(INT((E6)/16777216),256)/2^4),2)*16+MOD(INT(MOD(INT((C6)/16777216),256)/2^5),2)*MOD(INT(MOD(INT((E6)/16777216),256)/2^5),2)*32+MOD(INT(MOD(INT((C6)/16777216),256)/2^6),2)*MOD(INT(MOD(INT((E6)/16777216),256)/2^6),2)*64+MOD(INT(MOD(INT((C6)/16777216),256)/2^7),2)*MOD(INT(MOD(INT((E6)/16777216),256)/2^7),2)*128)*16777216) -> 1744881189 | BD7: =((MOD(INT(MOD(INT((D6)/1),256)/2^0),2)*MOD(INT(MOD(INT((F6)/1),256)/2^0),2)*1+MOD(INT(MOD(INT((D6)/1),256)/2^1),2)*MOD(INT(MOD(INT((F6)/1),256)/2^1),2)*2+MOD(INT(MOD(INT((D6)/1),256)/2^2),2)*MOD(INT(MOD(INT((F6)/1),256)/2^2),2)*4+MOD(INT(MOD(INT((D6)/1),256)/2^3),2)*MOD(INT(MOD(INT((F6)/1),256)/2^3),2)*8+MOD(INT(MOD(INT((D6)/1),256)/2^4),2)*MOD(INT(MOD(INT((F6)/1),256)/2^4),2)*16+MOD(INT(MOD(INT((D6)/1),256)/2^5),2)*MOD(INT(MOD(INT((F6)/1),256)/2^5),2)*32+MOD(INT(MOD(INT((D6)/1),256)/2^6),2)*MOD(INT(MOD(INT((F6)/1),256)/2^6),2)*64+MOD(INT(MOD(INT((D6)/1),256)/2^7),2)*MOD(INT(MOD(INT((F6)/1),256)/2^7),2)*128)*1+(MOD(INT(MOD(INT((D6)/256),256)/2^0),2)*MOD(INT(MOD(INT((F6)/256),256)/2^0),2)*1+MOD(INT(MOD(INT((D6)/256),256)/2^1),2)*MOD(INT(MOD(INT((F6)/256),256)/2^1),2)*2+MOD(INT(MOD(INT((D6)/256),256)/2^2),2)*MOD(INT(MOD(INT((F6)/256),256)/2^2),2)*4+MOD(INT(MOD(INT((D6)/256),256)/2^3),2)*MOD(INT(MOD(INT((F6)/256),256)/2^3),2)*8+MOD(INT(MOD(INT((D6)/256),256)/2^4),2)*MOD(INT(MOD(INT((F6)/256),256)/2^4),2)*16+MOD(INT(MOD(INT((D6)/256),256)/2^5),2)*MOD(INT(MOD(INT((F6)/256),256)/2^5),2)*32+MOD(INT(MOD(INT((D6)/256),256)/2^6),2)*MOD(INT(MOD(INT((F6)/256),256)/2^6),2)*64+MOD(INT(MOD(INT((D6)/256),256)/2^7),2)*MOD(INT(MOD(INT((F6)/256),256)/2^7),2)*128)*256+(MOD(INT(MOD(INT((D6)/65536),256)/2^0),2)*MOD(INT(MOD(INT((F6)/65536),256)/2^0),2)*1+MOD(INT(MOD(INT((D6)/65536),256)/2^1),2)*MOD(INT(MOD(INT((F6)/65536),256)/2^1),2)*2+MOD(INT(MOD(INT((D6)/65536),256)/2^2),2)*MOD(INT(MOD(INT((F6)/65536),256)/2^2),2)*4+MOD(INT(MOD(INT((D6)/65536),256)/2^3),2)*MOD(INT(MOD(INT((F6)/65536),256)/2^3),2)*8+MOD(INT(MOD(INT((D6)/65536),256)/2^4),2)*MOD(INT(MOD(INT((F6)/65536),256)/2^4),2)*16+MOD(INT(MOD(INT((D6)/65536),256)/2^5),2)*MOD(INT(MOD(INT((F6)/65536),256)/2^5),2)*32+MOD(INT(MOD(INT((D6)/65536),256)/2^6),2)*MOD(INT(MOD(INT((F6)/65536),256)/2^6),2)*64+MOD(INT(MOD(INT((D6)/65536),256)/2^7),2)*MOD(INT(MOD(INT((F6)/65536),256)/2^7),2)*128)*65536+(MOD(INT(MOD(INT((D6)/16777216),256)/2^0),2)*MOD(INT(MOD(INT((F6)/16777216),256)/2^0),2)*1+MOD(INT(MOD(INT((D6)/16777216),256)/2^1),2)*MOD(INT(MOD(INT((F6)/16777216),256)/2^1),2)*2+MOD(INT(MOD(INT((D6)/16777216),256)/2^2),2)*MOD(INT(MOD(INT((F6)/16777216),256)/2^2),2)*4+MOD(INT(MOD(INT((D6)/16777216),256)/2^3),2)*MOD(INT(MOD(INT((F6)/16777216),256)/2^3),2)*8+MOD(INT(MOD(INT((D6)/16777216),256)/2^4),2)*MOD(INT(MOD(INT((F6)/16777216),256)/2^4),2)*16+MOD(INT(MOD(INT((D6)/16777216),256)/2^5),2)*MOD(INT(MOD(INT((F6)/16777216),256)/2^5),2)*32+MOD(INT(MOD(INT((D6)/16777216),256)/2^6),2)*MOD(INT(MOD(INT((F6)/16777216),256)/2^6),2)*64+MOD(INT(MOD(INT((D6)/16777216),256)/2^7),2)*MOD(INT(MOD(INT((F6)/16777216),256)/2^7),2)*128)*16777216) -> 540854528 | BE7: =((MOD(INT(MOD(INT((C6)/1),256)/2^0),2)*MOD(INT(MOD(INT((G6)/1),256)/2^0),2)*1+MOD(INT(MOD(INT((C6)/1),256)/2^1),2)*MOD(INT(MOD(INT((G6)/1),256)/2^1),2)*2+MOD(INT(MOD(INT((C6)/1),256)/2^2),2)*MOD(INT(MOD(INT((G6)/1),256)/2^2),2)*4+MOD(INT(MOD(INT((C6)/1),256)/2^3),2)*MOD(INT(MOD(INT((G6)/1),256)/2^3),2)*8+MOD(INT(MOD(INT((C6)/1),256)/2^4),2)*MOD(INT(MOD(INT((G6)/1),256)/2^4),2)*16+MOD(INT(MOD(INT((C6)/1),256)/2^5),2)*MOD(INT(MOD(INT((G6)/1),256)/2^5),2)*32+MOD(INT(MOD(INT((C6)/1),256)/2^6),2)*MOD(INT(MOD(INT((G6)/1),256)/2^6),2)*64+MOD(INT(MOD(INT((C6)/1),256)/2^7),2)*MOD(INT(MOD(INT((G6)/1),256)/2^7),2)*128)*1+(MOD(INT(MOD(INT((C6)/256),256)/2^0),2)*MOD(INT(MOD(INT((G6)/256),256)/2^0),2)*1+MOD(INT(MOD(INT((C6)/256),256)/2^1),2)*MOD(INT(MOD(INT((G6)/256),256)/2^1),2)*2+MOD(INT(MOD(INT((C6)/256),256)/2^2),2)*MOD(INT(MOD(INT((G6)/256),256)/2^2),2)*4+MOD(INT(MOD(INT((C6)/256),256)/2^3),2)*MOD(INT(MOD(INT((G6)/256),256)/2^3),2)*8+MOD(INT(MOD(INT((C6)/256),256)/2^4),2)*MOD(INT(MOD(INT((G6)/256),256)/2^4),2)*16+MOD(INT(MOD(INT((C6)/256),256)/2^5),2)*MOD(INT(MOD(INT((G6)/256),256)/2^5),2)*32+MOD(INT(MOD(INT((C6)/256),256)/2^6),2)*MOD(INT(MOD(INT((G6)/256),256)/2^6),2)*64+MOD(INT(MOD(INT((C6)/256),256)/2^7),2)*MOD(INT(MOD(INT((G6)/256),256)/2^7),2)*128)*256+(MOD(INT(MOD(INT((C6)/65536),256)/2^0),2)*MOD(INT(MOD(INT((G6)/65536),256)/2^0),2)*1+MOD(INT(MOD(INT((C6)/65536),256)/2^1),2)*MOD(INT(MOD(INT((G6)/65536),256)/2^1),2)*2+MOD(INT(MOD(INT((C6)/65536),256)/2^2),2)*MOD(INT(MOD(INT((G6)/65536),256)/2^2),2)*4+MOD(INT(MOD(INT((C6)/65536),256)/2^3),2)*MOD(INT(MOD(INT((G6)/65536),256)/2^3),2)*8+MOD(INT(MOD(INT((C6)/65536),256)/2^4),2)*MOD(INT(MOD(INT((G6)/65536),256)/2^4),2)*16+MOD(INT(MOD(INT((C6)/65536),256)/2^5),2)*MOD(INT(MOD(INT((G6)/65536),256)/2^5),2)*32+MOD(INT(MOD(INT((C6)/65536),256)/2^6),2)*MOD(INT(MOD(INT((G6)/65536),256)/2^6),2)*64+MOD(INT(MOD(INT((C6)/65536),256)/2^7),2)*MOD(INT(MOD(INT((G6)/65536),256)/2^7),2)*128)*65536+(MOD(INT(MOD(INT((C6)/16777216),256)/2^0),2)*MOD(INT(MOD(INT((G6)/16777216),256)/2^0),2)*1+MOD(INT(MOD(INT((C6)/16777216),256)/2^1),2)*MOD(INT(MOD(INT((G6)/16777216),256)/2^1),2)*2+MOD(INT(MOD(INT((C6)/16777216),256)/2^2),2)*MOD(INT(MOD(INT((G6)/16777216),256)/2^2),2)*4+MOD(INT(MOD(INT((C6)/16777216),256)/2^3),2)*MOD(INT(MOD(INT((G6)/16777216),256)/2^3),2)*8+MOD(INT(MOD(INT((C6)/16777216),256)/2^4),2)*MOD(INT(MOD(INT((G6)/16777216),256)/2^4),2)*16+MOD(INT(MOD(INT((C6)/16777216),256)/2^5),2)*MOD(INT(MOD(INT((G6)/16777216),256)/2^5),2)*32+MOD(INT(MOD(INT((C6)/16777216),256)/2^6),2)*MOD(INT(MOD(INT((G6)/16777216),256)/2^6),2)*64+MOD(INT(MOD(INT((C6)/16777216),256)/2^7),2)*MOD(INT(MOD(INT((G6)/16777216),256)/2^7),2)*128)*16777216) -> 3106047621 | BF7: =((MOD(INT(MOD(INT((D6)/1),256)/2^0),2)*MOD(INT(MOD(INT((H6)/1),256)/2^0),2)*1+MOD(INT(MOD(INT((D6)/1),256)/2^1),2)*MOD(INT(MOD(INT((H6)/1),256)/2^1),2)*2+MOD(INT(MOD(INT((D6)/1),256)/2^2),2)*MOD(INT(MOD(INT((H6)/1),256)/2^2),2)*4+MOD(INT(MOD(INT((D6)/1),256)/2^3),2)*MOD(INT(MOD(INT((H6)/1),256)/2^3),2)*8+MOD(INT(MOD(INT((D6)/1),256)/2^4),2)*MOD(INT(MOD(INT((H6)/1),256)/2^4),2)*16+MOD(INT(MOD(INT((D6)/1),256)/2^5),2)*MOD(INT(MOD(INT((H6)/1),256)/2^5),2)*32+MOD(INT(MOD(INT((D6)/1),256)/2^6),2)*MOD(INT(MOD(INT((H6)/1),256)/2^6),2)*64+MOD(INT(MOD(INT((D6)/1),256)/2^7),2)*MOD(INT(MOD(INT((H6)/1),256)/2^7),2)*128)*1+(MOD(INT(MOD(INT((D6)/256),256)/2^0),2)*MOD(INT(MOD(INT((H6)/256),256)/2^0),2)*1+MOD(INT(MOD(INT((D6)/256),256)/2^1),2)*MOD(INT(MOD(INT((H6)/256),256)/2^1),2)*2+MOD(INT(MOD(INT((D6)/256),256)/2^2),2)*MOD(INT(MOD(INT((H6)/256),256)/2^2),2)*4+MOD(INT(MOD(INT((D6)/256),256)/2^3),2)*MOD(INT(MOD(INT((H6)/256),256)/2^3),2)*8+MOD(INT(MOD(INT((D6)/256),256)/2^4),2)*MOD(INT(MOD(INT((H6)/256),256)/2^4),2)*16+MOD(INT(MOD(INT((D6)/256),256)/2^5),2)*MOD(INT(MOD(INT((H6)/256),256)/2^5),2)*32+MOD(INT(MOD(INT((D6)/256),256)/2^6),2)*MOD(INT(MOD(INT((H6)/256),256)/2^6),2)*64+MOD(INT(MOD(INT((D6)/256),256)/2^7),2)*MOD(INT(MOD(INT((H6)/256),256)/2^7),2)*128)*256+(MOD(INT(MOD(INT((D6)/65536),256)/2^0),2)*MOD(INT(MOD(INT((H6)/65536),256)/2^0),2)*1+MOD(INT(MOD(INT((D6)/65536),256)/2^1),2)*MOD(INT(MOD(INT((H6)/65536),256)/2^1),2)*2+MOD(INT(MOD(INT((D6)/65536),256)/2^2),2)*MOD(INT(MOD(INT((H6)/65536),256)/2^2),2)*4+MOD(INT(MOD(INT((D6)/65536),256)/2^3),2)*MOD(INT(MOD(INT((H6)/65536),256)/2^3),2)*8+MOD(INT(MOD(INT((D6)/65536),256)/2^4),2)*MOD(INT(MOD(INT((H6)/65536),256)/2^4),2)*16+MOD(INT(MOD(INT((D6)/65536),256)/2^5),2)*MOD(INT(MOD(INT((H6)/65536),256)/2^5),2)*32+MOD(INT(MOD(INT((D6)/65536),256)/2^6),2)*MOD(INT(MOD(INT((H6)/65536),256)/2^6),2)*64+MOD(INT(MOD(INT((D6)/65536),256)/2^7),2)*MOD(INT(MOD(INT((H6)/65536),256)/2^7),2)*128)*65536+(MOD(INT(MOD(INT((D6)/16777216),256)/2^0),2)*MOD(INT(MOD(INT((H6)/16777216),256)/2^0),2)*1+MOD(INT(MOD(INT((D6)/16777216),256)/2^1),2)*MOD(INT(MOD(INT((H6)/16777216),256)/2^1),2)*2+MOD(INT(MOD(INT((D6)/16777216),256)/2^2),2)*MOD(INT(MOD(INT((H6)/16777216),256)/2^2),2)*4+MOD(INT(MOD(INT((D6)/16777216),256)/2^3),2)*MOD(INT(MOD(INT((H6)/16777216),256)/2^3),2)*8+MOD(INT(MOD(INT((D6)/16777216),256)/2^4),2)*MOD(INT(MOD(INT((H6)/16777216),256)/2^4),2)*16+MOD(INT(MOD(INT((D6)/16777216),256)/2^5),2)*MOD(INT(MOD(INT((H6)/16777216),256)/2^5),2)*32+MOD(INT(MOD(INT((D6)/16777216),256)/2^6),2)*MOD(INT(MOD(INT((H6)/16777216),256)/2^6),2)*64+MOD(INT(MOD(INT((D6)/16777216),256)/2^7),2)*MOD(INT(MOD(INT((H6)/16777216),256)/2^7),2)*128)*16777216) -> 71861553 | BG7: =((MOD(INT(MOD(INT((E6)/1),256)/2^0),2)*MOD(INT(MOD(INT((G6)/1),256)/2^0),2)*1+MOD(INT(MOD(INT((E6)/1),256)/2^1),2)*MOD(INT(MOD(INT((G6)/1),256)/2^1),2)*2+MOD(INT(MOD(INT((E6)/1),256)/2^2),2)*MOD(INT(MOD(INT((G6)/1),256)/2^2),2)*4+MOD(INT(MOD(INT((E6)/1),256)/2^3),2)*MOD(INT(MOD(INT((G6)/1),256)/2^3),2)*8+MOD(INT(MOD(INT((E6)/1),256)/2^4),2)*MOD(INT(MOD(INT((G6)/1),256)/2^4),2)*16+MOD(INT(MOD(INT((E6)/1),256)/2^5),2)*MOD(INT(MOD(INT((G6)/1),256)/2^5),2)*32+MOD(INT(MOD(INT((E6)/1),256)/2^6),2)*MOD(INT(MOD(INT((G6)/1),256)/2^6),2)*64+MOD(INT(MOD(INT((E6)/1),256)/2^7),2)*MOD(INT(MOD(INT((G6)/1),256)/2^7),2)*128)*1+(MOD(INT(MOD(INT((E6)/256),256)/2^0),2)*MOD(INT(MOD(INT((G6)/256),256)/2^0),2)*1+MOD(INT(MOD(INT((E6)/256),256)/2^1),2)*MOD(INT(MOD(INT((G6)/256),256)/2^1),2)*2+MOD(INT(MOD(INT((E6)/256),256)/2^2),2)*MOD(INT(MOD(INT((G6)/256),256)/2^2),2)*4+MOD(INT(MOD(INT((E6)/256),256)/2^3),2)*MOD(INT(MOD(INT((G6)/256),256)/2^3),2)*8+MOD(INT(MOD(INT((E6)/256),256)/2^4),2)*MOD(INT(MOD(INT((G6)/256),256)/2^4),2)*16+MOD(INT(MOD(INT((E6)/256),256)/2^5),2)*MOD(INT(MOD(INT((G6)/256),256)/2^5),2)*32+MOD(INT(MOD(INT((E6)/256),256)/2^6),2)*MOD(INT(MOD(INT((G6)/256),256)/2^6),2)*64+MOD(INT(MOD(INT((E6)/256),256)/2^7),2)*MOD(INT(MOD(INT((G6)/256),256)/2^7),2)*128)*256+(MOD(INT(MOD(INT((E6)/65536),256)/2^0),2)*MOD(INT(MOD(INT((G6)/65536),256)/2^0),2)*1+MOD(INT(MOD(INT((E6)/65536),256)/2^1),2)*MOD(INT(MOD(INT((G6)/65536),256)/2^1),2)*2+MOD(INT(MOD(INT((E6)/65536),256)/2^2),2)*MOD(INT(MOD(INT((G6)/65536),256)/2^2),2)*4+MOD(INT(MOD(INT((E6)/65536),256)/2^3),2)*MOD(INT(MOD(INT((G6)/65536),256)/2^3),2)*8+MOD(INT(MOD(INT((E6)/65536),256)/2^4),2)*MOD(INT(MOD(INT((G6)/65536),256)/2^4),2)*16+MOD(INT(MOD(INT((E6)/65536),256)/2^5),2)*MOD(INT(MOD(INT((G6)/65536),256)/2^5),2)*32+MOD(INT(MOD(INT((E6)/65536),256)/2^6),2)*MOD(INT(MOD(INT((G6)/65536),256)/2^6),2)*64+MOD(INT(MOD(INT((E6)/65536),256)/2^7),2)*MOD(INT(MOD(INT((G6)/65536),256)/2^7),2)*128)*65536+(MOD(INT(MOD(INT((E6)/16777216),256)/2^0),2)*MOD(INT(MOD(INT((G6)/16777216),256)/2^0),2)*1+MOD(INT(MOD(INT((E6)/16777216),256)/2^1),2)*MOD(INT(MOD(INT((G6)/16777216),256)/2^1),2)*2+MOD(INT(MOD(INT((E6)/16777216),256)/2^2),2)*MOD(INT(MOD(INT((G6)/16777216),256)/2^2),2)*4+MOD(INT(MOD(INT((E6)/16777216),256)/2^3),2)*MOD(INT(MOD(INT((G6)/16777216),256)/2^3),2)*8+MOD(INT(MOD(INT((E6)/16777216),256)/2^4),2)*MOD(INT(MOD(INT((G6)/16777216),256)/2^4),2)*16+MOD(INT(MOD(INT((E6)/16777216),256)/2^5),2)*MOD(INT(MOD(INT((G6)/16777216),256)/2^5),2)*32+MOD(INT(MOD(INT((E6)/16777216),256)/2^6),2)*MOD(INT(MOD(INT((G6)/16777216),256)/2^6),2)*64+MOD(INT(MOD(INT((E6)/16777216),256)/2^7),2)*MOD(INT(MOD(INT((G6)/16777216),256)/2^7),2)*128)*16777216) -> 704751109 | BH7: =((MOD(INT(MOD(INT((F6)/1),256)/2^0),2)*MOD(INT(MOD(INT((H6)/1),256)/2^0),2)*1+MOD(INT(MOD(INT((F6)/1),256)/2^1),2)*MOD(INT(MOD(INT((H6)/1),256)/2^1),2)*2+MOD(INT(MOD(INT((F6)/1),256)/2^2),2)*MOD(INT(MOD(INT((H6)/1),256)/2^2),2)*4+MOD(INT(MOD(INT((F6)/1),256)/2^3),2)*MOD(INT(MOD(INT((H6)/1),256)/2^3),2)*8+MOD(INT(MOD(INT((F6)/1),256)/2^4),2)*MOD(INT(MOD(INT((H6)/1),256)/2^4),2)*16+MOD(INT(MOD(INT((F6)/1),256)/2^5),2)*MOD(INT(MOD(INT((H6)/1),256)/2^5),2)*32+MOD(INT(MOD(INT((F6)/1),256)/2^6),2)*MOD(INT(MOD(INT((H6)/1),256)/2^6),2)*64+MOD(INT(MOD(INT((F6)/1),256)/2^7),2)*MOD(INT(MOD(INT((H6)/1),256)/2^7),2)*128)*1+(MOD(INT(MOD(INT((F6)/256),256)/2^0),2)*MOD(INT(MOD(INT((H6)/256),256)/2^0),2)*1+MOD(INT(MOD(INT((F6)/256),256)/2^1),2)*MOD(INT(MOD(INT((H6)/256),256)/2^1),2)*2+MOD(INT(MOD(INT((F6)/256),256)/2^2),2)*MOD(INT(MOD(INT((H6)/256),256)/2^2),2)*4+MOD(INT(MOD(INT((F6)/256),256)/2^3),2)*MOD(INT(MOD(INT((H6)/256),256)/2^3),2)*8+MOD(INT(MOD(INT((F6)/256),256)/2^4),2)*MOD(INT(MOD(INT((H6)/256),256)/2^4),2)*16+MOD(INT(MOD(INT((F6)/256),256)/2^5),2)*MOD(INT(MOD(INT((H6)/256),256)/2^5),2)*32+MOD(INT(MOD(INT((F6)/256),256)/2^6),2)*MOD(INT(MOD(INT((H6)/256),256)/2^6),2)*64+MOD(INT(MOD(INT((F6)/256),256)/2^7),2)*MOD(INT(MOD(INT((H6)/256),256)/2^7),2)*128)*256+(MOD(INT(MOD(INT((F6)/65536),256)/2^0),2)*MOD(INT(MOD(INT((H6)/65536),256)/2^0),2)*1+MOD(INT(MOD(INT((F6)/65536),256)/2^1),2)*MOD(INT(MOD(INT((H6)/65536),256)/2^1),2)*2+MOD(INT(MOD(INT((F6)/65536),256)/2^2),2)*MOD(INT(MOD(INT((H6)/65536),256)/2^2),2)*4+MOD(INT(MOD(INT((F6)/65536),256)/2^3),2)*MOD(INT(MOD(INT((H6)/65536),256)/2^3),2)*8+MOD(INT(MOD(INT((F6)/65536),256)/2^4),2)*MOD(INT(MOD(INT((H6)/65536),256)/2^4),2)*16+MOD(INT(MOD(INT((F6)/65536),256)/2^5),2)*MOD(INT(MOD(INT((H6)/65536),256)/2^5),2)*32+MOD(INT(MOD(INT((F6)/65536),256)/2^6),2)*MOD(INT(MOD(INT((H6)/65536),256)/2^6),2)*64+MOD(INT(MOD(INT((F6)/65536),256)/2^7),2)*MOD(INT(MOD(INT((H6)/65536),256)/2^7),2)*128)*65536+(MOD(INT(MOD(INT((F6)/16777216),256)/2^0),2)*MOD(INT(MOD(INT((H6)/16777216),256)/2^0),2)*1+MOD(INT(MOD(INT((F6)/16777216),256)/2^1),2)*MOD(INT(MOD(INT((H6)/16777216),256)/2^1),2)*2+MOD(INT(MOD(INT((F6)/16777216),256)/2^2),2)*MOD(INT(MOD(INT((H6)/16777216),256)/2^2),2)*4+MOD(INT(MOD(INT((F6)/16777216),256)/2^3),2)*MOD(INT(MOD(INT((H6)/16777216),256)/2^3),2)*8+MOD(INT(MOD(INT((F6)/16777216),256)/2^4),2)*MOD(INT(MOD(INT((H6)/16777216),256)/2^4),2)*16+MOD(INT(MOD(INT((F6)/16777216),256)/2^5),2)*MOD(INT(MOD(INT((H6)/16777216),256)/2^5),2)*32+MOD(INT(MOD(INT((F6)/16777216),256)/2^6),2)*MOD(INT(MOD(INT((H6)/16777216),256)/2^6),2)*64+MOD(INT(MOD(INT((F6)/16777216),256)/2^7),2)*MOD(INT(MOD(INT((H6)/16777216),256)/2^7),2)*128)*16777216) -> 2156429576 | BI7: =((MOD(INT(MOD(INT((BC7)/1),256)/2^0),2)*MOD(INT(MOD(INT((BG7)/1),256)/2^0),2)*1+MOD(INT(MOD(INT((BC7)/1),256)/2^1),2)*MOD(INT(MOD(INT((BG7)/1),256)/2^1),2)*2+MOD(INT(MOD(INT((BC7)/1),256)/2^2),2)*MOD(INT(MOD(INT((BG7)/1),256)/2^2),2)*4+MOD(INT(MOD(INT((BC7)/1),256)/2^3),2)*MOD(INT(MOD(INT((BG7)/1),256)/2^3),2)*8+MOD(INT(MOD(INT((BC7)/1),256)/2^4),2)*MOD(INT(MOD(INT((BG7)/1),256)/2^4),2)*16+MOD(INT(MOD(INT((BC7)/1),256)/2^5),2)*MOD(INT(MOD(INT((BG7)/1),256)/2^5),2)*32+MOD(INT(MOD(INT((BC7)/1),256)/2^6),2)*MOD(INT(MOD(INT((BG7)/1),256)/2^6),2)*64+MOD(INT(MOD(INT((BC7)/1),256)/2^7),2)*MOD(INT(MOD(INT((BG7)/1),256)/2^7),2)*128)*1+(MOD(INT(MOD(INT((BC7)/256),256)/2^0),2)*MOD(INT(MOD(INT((BG7)/256),256)/2^0),2)*1+MOD(INT(MOD(INT((BC7)/256),256)/2^1),2)*MOD(INT(MOD(INT((BG7)/256),256)/2^1),2)*2+MOD(INT(MOD(INT((BC7)/256),256)/2^2),2)*MOD(INT(MOD(INT((BG7)/256),256)/2^2),2)*4+MOD(INT(MOD(INT((BC7)/256),256)/2^3),2)*MOD(INT(MOD(INT((BG7)/256),256)/2^3),2)*8+MOD(INT(MOD(INT((BC7)/256),256)/2^4),2)*MOD(INT(MOD(INT((BG7)/256),256)/2^4),2)*16+MOD(INT(MOD(INT((BC7)/256),256)/2^5),2)*MOD(INT(MOD(INT((BG7)/256),256)/2^5),2)*32+MOD(INT(MOD(INT((BC7)/256),256)/2^6),2)*MOD(INT(MOD(INT((BG7)/256),256)/2^6),2)*64+MOD(INT(MOD(INT((BC7)/256),256)/2^7),2)*MOD(INT(MOD(INT((BG7)/256),256)/2^7),2)*128)*256+(MOD(INT(MOD(INT((BC7)/65536),256)/2^0),2)*MOD(INT(MOD(INT((BG7)/65536),256)/2^0),2)*1+MOD(INT(MOD(INT((BC7)/65536),256)/2^1),2)*MOD(INT(MOD(INT((BG7)/65536),256)/2^1),2)*2+MOD(INT(MOD(INT((BC7)/65536),256)/2^2),2)*MOD(INT(MOD(INT((BG7)/65536),256)/2^2),2)*4+MOD(INT(MOD(INT((BC7)/65536),256)/2^3),2)*MOD(INT(MOD(INT((BG7)/65536),256)/2^3),2)*8+MOD(INT(MOD(INT((BC7)/65536),256)/2^4),2)*MOD(INT(MOD(INT((BG7)/65536),256)/2^4),2)*16+MOD(INT(MOD(INT((BC7)/65536),256)/2^5),2)*MOD(INT(MOD(INT((BG7)/65536),256)/2^5),2)*32+MOD(INT(MOD(INT((BC7)/65536),256)/2^6),2)*MOD(INT(MOD(INT((BG7)/65536),256)/2^6),2)*64+MOD(INT(MOD(INT((BC7)/65536),256)/2^7),2)*MOD(INT(MOD(INT((BG7)/65536),256)/2^7),2)*128)*65536+(MOD(INT(MOD(INT((BC7)/16777216),256)/2^0),2)*MOD(INT(MOD(INT((BG7)/16777216),256)/2^0),2)*1+MOD(INT(MOD(INT((BC7)/16777216),256)/2^1),2)*MOD(INT(MOD(INT((BG7)/16777216),256)/2^1),2)*2+MOD(INT(MOD(INT((BC7)/16777216),256)/2^2),2)*MOD(INT(MOD(INT((BG7)/16777216),256)/2^2),2)*4+MOD(INT(MOD(INT((BC7)/16777216),256)/2^3),2)*MOD(INT(MOD(INT((BG7)/16777216),256)/2^3),2)*8+MOD(INT(MOD(INT((BC7)/16777216),256)/2^4),2)*MOD(INT(MOD(INT((BG7)/16777216),256)/2^4),2)*16+MOD(INT(MOD(INT((BC7)/16777216),256)/2^5),2)*MOD(INT(MOD(INT((BG7)/16777216),256)/2^5),2)*32+MOD(INT(MOD(INT((BC7)/16777216),256)/2^6),2)*MOD(INT(MOD(INT((BG7)/16777216),256)/2^6),2)*64+MOD(INT(MOD(INT((BC7)/16777216),256)/2^7),2)*MOD(INT(MOD(INT((BG7)/16777216),256)/2^7),2)*128)*16777216) -> 671122949 | BJ7: =((MOD(INT(MOD(INT((BD7)/1),256)/2^0),2)*MOD(INT(MOD(INT((BH7)/1),256)/2^0),2)*1+MOD(INT(MOD(INT((BD7)/1),256)/2^1),2)*MOD(INT(MOD(INT((BH7)/1),256)/2^1),2)*2+MOD(INT(MOD(INT((BD7)/1),256)/2^2),2)*MOD(INT(MOD(INT((BH7)/1),256)/2^2),2)*4+MOD(INT(MOD(INT((BD7)/1),256)/2^3),2)*MOD(INT(MOD(INT((BH7)/1),256)/2^3),2)*8+MOD(INT(MOD(INT((BD7)/1),256)/2^4),2)*MOD(INT(MOD(INT((BH7)/1),256)/2^4),2)*16+MOD(INT(MOD(INT((BD7)/1),256)/2^5),2)*MOD(INT(MOD(INT((BH7)/1),256)/2^5),2)*32+MOD(INT(MOD(INT((BD7)/1),256)/2^6),2)*MOD(INT(MOD(INT((BH7)/1),256)/2^6),2)*64+MOD(INT(MOD(INT((BD7)/1),256)/2^7),2)*MOD(INT(MOD(INT((BH7)/1),256)/2^7),2)*128)*1+(MOD(INT(MOD(INT((BD7)/256),256)/2^0),2)*MOD(INT(MOD(INT((BH7)/256),256)/2^0),2)*1+MOD(INT(MOD(INT((BD7)/256),256)/2^1),2)*MOD(INT(MOD(INT((BH7)/256),256)/2^1),2)*2+MOD(INT(MOD(INT((BD7)/256),256)/2^2),2)*MOD(INT(MOD(INT((BH7)/256),256)/2^2),2)*4+MOD(INT(MOD(INT((BD7)/256),256)/2^3),2)*MOD(INT(MOD(INT((BH7)/256),256)/2^3),2)*8+MOD(INT(MOD(INT((BD7)/256),256)/2^4),2)*MOD(INT(MOD(INT((BH7)/256),256)/2^4),2)*16+MOD(INT(MOD(INT((BD7)/256),256)/2^5),2)*MOD(INT(MOD(INT((BH7)/256),256)/2^5),2)*32+MOD(INT(MOD(INT((BD7)/256),256)/2^6),2)*MOD(INT(MOD(INT((BH7)/256),256)/2^6),2)*64+MOD(INT(MOD(INT((BD7)/256),256)/2^7),2)*MOD(INT(MOD(INT((BH7)/256),256)/2^7),2)*128)*256+(MOD(INT(MOD(INT((BD7)/65536),256)/2^0),2)*MOD(INT(MOD(INT((BH7)/65536),256)/2^0),2)*1+MOD(INT(MOD(INT((BD7)/65536),256)/2^1),2)*MOD(INT(MOD(INT((BH7)/65536),256)/2^1),2)*2+MOD(INT(MOD(INT((BD7)/65536),256)/2^2),2)*MOD(INT(MOD(INT((BH7)/65536),256)/2^2),2)*4+MOD(INT(MOD(INT((BD7)/65536),256)/2^3),2)*MOD(INT(MOD(INT((BH7)/65536),256)/2^3),2)*8+MOD(INT(MOD(INT((BD7)/65536),256)/2^4),2)*MOD(INT(MOD(INT((BH7)/65536),256)/2^4),2)*16+MOD(INT(MOD(INT((BD7)/65536),256)/2^5),2)*MOD(INT(MOD(INT((BH7)/65536),256)/2^5),2)*32+MOD(INT(MOD(INT((BD7)/65536),256)/2^6),2)*MOD(INT(MOD(INT((BH7)/65536),256)/2^6),2)*64+MOD(INT(MOD(INT((BD7)/65536),256)/2^7),2)*MOD(INT(MOD(INT((BH7)/65536),256)/2^7),2)*128)*65536+(MOD(INT(MOD(INT((BD7)/16777216),256)/2^0),2)*MOD(INT(MOD(INT((BH7)/16777216),256)/2^0),2)*1+MOD(INT(MOD(INT((BD7)/16777216),256)/2^1),2)*MOD(INT(MOD(INT((BH7)/16777216),256)/2^1),2)*2+MOD(INT(MOD(INT((BD7)/16777216),256)/2^2),2)*MOD(INT(MOD(INT((BH7)/16777216),256)/2^2),2)*4+MOD(INT(MOD(INT((BD7)/16777216),256)/2^3),2)*MOD(INT(MOD(INT((BH7)/16777216),256)/2^3),2)*8+MOD(INT(MOD(INT((BD7)/16777216),256)/2^4),2)*MOD(INT(MOD(INT((BH7)/16777216),256)/2^4),2)*16+MOD(INT(MOD(INT((BD7)/16777216),256)/2^5),2)*MOD(INT(MOD(INT((BH7)/16777216),256)/2^5),2)*32+MOD(INT(MOD(INT((BD7)/16777216),256)/2^6),2)*MOD(INT(MOD(INT((BH7)/16777216),256)/2^6),2)*64+MOD(INT(MOD(INT((BD7)/16777216),256)/2^7),2)*MOD(INT(MOD(INT((BH7)/16777216),256)/2^7),2)*128)*16777216) -> 557312 | BK7: =MOD(BC7+BE7+BG7-2*BI7,4294967296) -> 4213434021 | BL7: =MOD(BD7+BF7+BH7-2*BJ7,4294967296) -> 2768031033 | BM7: =MOD(R6+AF7+BB7+'📦 Константы SHA-512'!D5+BI201,4294967296) -> 792984371 | BN7: =INT((R6+AF7+BB7+'📦 Константы SHA-512'!D5+BI201)/4294967296) -> 2 | BO7: =MOD(Q6+AE7+BA7+'📦 Константы SHA-512'!C5+BH201+BN7,4294967296) -> 194949934 | BP7: BM7 | BQ7: =MOD(AT7+BL7,4294967296) -> 4105664333 | BR7: =INT((AT7+BL7)/4294967296) -> 0 | BS7: =MOD(AS7+BK7+BR7,4294967296) -> 3249403966 | BU7: =MOD(I6+BO7+INT((J6+BM7)/4294967296),4294967296) -> 1208854177 | BV7: =MOD(J6+BM7,4294967296) -> 769192798 | BW7: =MOD(BO7+BS7+INT((BM7+BQ7)/4294967296),4294967296) -> 3444353901 | BX7: =MOD(BM7+BQ7,4294967296) -> 603681408
B8: 3 | C8: =BW8 -> 3844341462 | D8: =BX8 -> 634033284 | E8: =C7 -> 3444353901 | F8: =D7 -> 603681408 | G8: =E7 -> 4256356261 | H8: =F7 -> 746380789 | I8: =G7 -> 1779033703 | J8: =H7 -> 4089235720 | K8: =BU8 -> 108315564 | L8: =BV8 -> 2694143200 | M8: =K7 -> 1208854177 | N8: =L7 -> 769192798 | O8: =M7 -> 1607338784 | P8: =N7 -> 3929350033 | Q8: =O7 -> 1359893119 | R8: =P7 -> 2917565137 | S8: =MOD(INT(K7/2^14)+MOD(L7,2^14)*2^18,4294967296) -> 3447267382 | T8: =MOD(INT(L7/2^14)+MOD(K7,2^14)*2^18,4294967296) -> 2592388963 | U8: =MOD(INT(K7/2^18)+MOD(L7,2^18)*2^14,4294967296) -> 1020760579 | V8: =MOD(INT(L7/2^18)+MOD(K7,2^18)*2^14,4294967296) -> 1772637046 | W8: =MOD(INT(L7/2^9)+MOD(K7,2^9)*2^23,4294967296) -> 1352068217 | X8: =MOD(INT(K7/2^9)+MOD(L7,2^9)*2^23,4294967296) -> 2938373843 | Y8: =((MOD(INT(MOD(INT((S8)/1),256)/2^0),2)*MOD(INT(MOD(INT((U8)/1),256)/2^0),2)*1+MOD(INT(MOD(INT((S8)/1),256)/2^1),2)*MOD(INT(MOD(INT((U8)/1),256)/2^1),2)*2+MOD(INT(MOD(INT((S8)/1),256)/2^2),2)*MOD(INT(MOD(INT((U8)/1),256)/2^2),2)*4+MOD(INT(MOD(INT((S8)/1),256)/2^3),2)*MOD(INT(MOD(INT((U8)/1),256)/2^3),2)*8+MOD(INT(MOD(INT((S8)/1),256)/2^4),2)*MOD(INT(MOD(INT((U8)/1),256)/2^4),2)*16+MOD(INT(MOD(INT((S8)/1),256)/2^5),2)*MOD(INT(MOD(INT((U8)/1),256)/2^5),2)*32+MOD(INT(MOD(INT((S8)/1),256)/2^6),2)*MOD(INT(MOD(INT((U8)/1),256)/2^6),2)*64+MOD(INT(MOD(INT((S8)/1),256)/2^7),2)*MOD(INT(MOD(INT((U8)/1),256)/2^7),2)*128)*1+(MOD(INT(MOD(INT((S8)/256),256)/2^0),2)*MOD(INT(MOD(INT((U8)/256),256)/2^0),2)*1+MOD(INT(MOD(INT((S8)/256),256)/2^1),2)*MOD(INT(MOD(INT((U8)/256),256)/2^1),2)*2+MOD(INT(MOD(INT((S8)/256),256)/2^2),2)*MOD(INT(MOD(INT((U8)/256),256)/2^2),2)*4+MOD(INT(MOD(INT((S8)/256),256)/2^3),2)*MOD(INT(MOD(INT((U8)/256),256)/2^3),2)*8+MOD(INT(MOD(INT((S8)/256),256)/2^4),2)*MOD(INT(MOD(INT((U8)/256),256)/2^4),2)*16+MOD(INT(MOD(INT((S8)/256),256)/2^5),2)*MOD(INT(MOD(INT((U8)/256),256)/2^5),2)*32+MOD(INT(MOD(INT((S8)/256),256)/2^6),2)*MOD(INT(MOD(INT((U8)/256),256)/2^6),2)*64+MOD(INT(MOD(INT((S8)/256),256)/2^7),2)*MOD(INT(MOD(INT((U8)/256),256)/2^7),2)*128)*256+(MOD(INT(MOD(INT((S8)/65536),256)/2^0),2)*MOD(INT(MOD(INT((U8)/65536),256)/2^0),2)*1+MOD(INT(MOD(INT((S8)/65536),256)/2^1),2)*MOD(INT(MOD(INT((U8)/65536),256)/2^1),2)*2+MOD(INT(MOD(INT((S8)/65536),256)/2^2),2)*MOD(INT(MOD(INT((U8)/65536),256)/2^2),2)*4+MOD(INT(MOD(INT((S8)/65536),256)/2^3),2)*MOD(INT(MOD(INT((U8)/65536),256)/2^3),2)*8+MOD(INT(MOD(INT((S8)/65536),256)/2^4),2)*MOD(INT(MOD(INT((U8)/65536),256)/2^4),2)*16+MOD(INT(MOD(INT((S8)/65536),256)/2^5),2)*MOD(INT(MOD(INT((U8)/65536),256)/2^5),2)*32+MOD(INT(MOD(INT((S8)/65536),256)/2^6),2)*MOD(INT(MOD(INT((U8)/65536),256)/2^6),2)*64+MOD(INT(MOD(INT((S8)/65536),256)/2^7),2)*MOD(INT(MOD(INT((U8)/65536),256)/2^7),2)*128)*65536+(MOD(INT(MOD(INT((S8)/16777216),256)/2^0),2)*MOD(INT(MOD(INT((U8)/16777216),256)/2^0),2)*1+MOD(INT(MOD(INT((S8)/16777216),256)/2^1),2)*MOD(INT(MOD(INT((U8)/16777216),256)/2^1),2)*2+MOD(INT(MOD(INT((S8)/16777216),256)/2^2),2)*MOD(INT(MOD(INT((U8)/16777216),256)/2^2),2)*4+MOD(INT(MOD(INT((S8)/16777216),256)/2^3),2)*MOD(INT(MOD(INT((U8)/16777216),256)/2^3),2)*8+MOD(INT(MOD(INT((S8)/16777216),256)/2^4),2)*MOD(INT(MOD(INT((U8)/16777216),256)/2^4),2)*16+MOD(INT(MOD(INT((S8)/16777216),256)/2^5),2)*MOD(INT(MOD(INT((U8)/16777216),256)/2^5),2)*32+MOD(INT(MOD(INT((S8)/16777216),256)/2^6),2)*MOD(INT(MOD(INT((U8)/16777216),256)/2^6),2)*64+MOD(INT(MOD(INT((S8)/16777216),256)/2^7),2)*MOD(INT(MOD(INT((U8)/16777216),256)/2^7),2)*128)*16777216) -> 206635010 | Z8: =((MOD(INT(MOD(INT((T8)/1),256)/2^0),2)*MOD(INT(MOD(INT((V8)/1),256)/2^0),2)*1+MOD(INT(MOD(INT((T8)/1),256)/2^1),2)*MOD(INT(MOD(INT((V8)/1),256)/2^1),2)*2+MOD(INT(MOD(INT((T8)/1),256)/2^2),2)*MOD(INT(MOD(INT((V8)/1),256)/2^2),2)*4+MOD(INT(MOD(INT((T8)/1),256)/2^3),2)*MOD(INT(MOD(INT((V8)/1),256)/2^3),2)*8+MOD(INT(MOD(INT((T8)/1),256)/2^4),2)*MOD(INT(MOD(INT((V8)/1),256)/2^4),2)*16+MOD(INT(MOD(INT((T8)/1),256)/2^5),2)*MOD(INT(MOD(INT((V8)/1),256)/2^5),2)*32+MOD(INT(MOD(INT((T8)/1),256)/2^6),2)*MOD(INT(MOD(INT((V8)/1),256)/2^6),2)*64+MOD(INT(MOD(INT((T8)/1),256)/2^7),2)*MOD(INT(MOD(INT((V8)/1),256)/2^7),2)*128)*1+(MOD(INT(MOD(INT((T8)/256),256)/2^0),2)*MOD(INT(MOD(INT((V8)/256),256)/2^0),2)*1+MOD(INT(MOD(INT((T8)/256),256)/2^1),2)*MOD(INT(MOD(INT((V8)/256),256)/2^1),2)*2+MOD(INT(MOD(INT((T8)/256),256)/2^2),2)*MOD(INT(MOD(INT((V8)/256),256)/2^2),2)*4+MOD(INT(MOD(INT((T8)/256),256)/2^3),2)*MOD(INT(MOD(INT((V8)/256),256)/2^3),2)*8+MOD(INT(MOD(INT((T8)/256),256)/2^4),2)*MOD(INT(MOD(INT((V8)/256),256)/2^4),2)*16+MOD(INT(MOD(INT((T8)/256),256)/2^5),2)*MOD(INT(MOD(INT((V8)/256),256)/2^5),2)*32+MOD(INT(MOD(INT((T8)/256),256)/2^6),2)*MOD(INT(MOD(INT((V8)/256),256)/2^6),2)*64+MOD(INT(MOD(INT((T8)/256),256)/2^7),2)*MOD(INT(MOD(INT((V8)/256),256)/2^7),2)*128)*256+(MOD(INT(MOD(INT((T8)/65536),256)/2^0),2)*MOD(INT(MOD(INT((V8)/65536),256)/2^0),2)*1+MOD(INT(MOD(INT((T8)/65536),256)/2^1),2)*MOD(INT(MOD(INT((V8)/65536),256)/2^1),2)*2+MOD(INT(MOD(INT((T8)/65536),256)/2^2),2)*MOD(INT(MOD(INT((V8)/65536),256)/2^2),2)*4+MOD(INT(MOD(INT((T8)/65536),256)/2^3),2)*MOD(INT(MOD(INT((V8)/65536),256)/2^3),2)*8+MOD(INT(MOD(INT((T8)/65536),256)/2^4),2)*MOD(INT(MOD(INT((V8)/65536),256)/2^4),2)*16+MOD(INT(MOD(INT((T8)/65536),256)/2^5),2)*MOD(INT(MOD(INT((V8)/65536),256)/2^5),2)*32+MOD(INT(MOD(INT((T8)/65536),256)/2^6),2)*MOD(INT(MOD(INT((V8)/65536),256)/2^6),2)*64+MOD(INT(MOD(INT((T8)/65536),256)/2^7),2)*MOD(INT(MOD(INT((V8)/65536),256)/2^7),2)*128)*65536+(MOD(INT(MOD(INT((T8)/16777216),256)/2^0),2)*MOD(INT(MOD(INT((V8)/16777216),256)/2^0),2)*1+MOD(INT(MOD(INT((T8)/16777216),256)/2^1),2)*MOD(INT(MOD(INT((V8)/16777216),256)/2^1),2)*2+MOD(INT(MOD(INT((T8)/16777216),256)/2^2),2)*MOD(INT(MOD(INT((V8)/16777216),256)/2^2),2)*4+MOD(INT(MOD(INT((T8)/16777216),256)/2^3),2)*MOD(INT(MOD(INT((V8)/16777216),256)/2^3),2)*8+MOD(INT(MOD(INT((T8)/16777216),256)/2^4),2)*MOD(INT(MOD(INT((V8)/16777216),256)/2^4),2)*16+MOD(INT(MOD(INT((T8)/16777216),256)/2^5),2)*MOD(INT(MOD(INT((V8)/16777216),256)/2^5),2)*32+MOD(INT(MOD(INT((T8)/16777216),256)/2^6),2)*MOD(INT(MOD(INT((V8)/16777216),256)/2^6),2)*64+MOD(INT(MOD(INT((T8)/16777216),256)/2^7),2)*MOD(INT(MOD(INT((V8)/16777216),256)/2^7),2)*128)*16777216) -> 142607202 | AA8: =MOD(S8+U8-2*Y8,4294967296) -> 4054757941 | AB8: =MOD(T8+V8-2*Z8,4294967296) -> 4079811605 | AC8: =((MOD(INT(MOD(INT((AA8)/1),256)/2^0),2)*MOD(INT(MOD(INT((W8)/1),256)/2^0),2)*1+MOD(INT(MOD(INT((AA8)/1),256)/2^1),2)*MOD(INT(MOD(INT((W8)/1),256)/2^1),2)*2+MOD(INT(MOD(INT((AA8)/1),256)/2^2),2)*MOD(INT(MOD(INT((W8)/1),256)/2^2),2)*4+MOD(INT(MOD(INT((AA8)/1),256)/2^3),2)*MOD(INT(MOD(INT((W8)/1),256)/2^3),2)*8+MOD(INT(MOD(INT((AA8)/1),256)/2^4),2)*MOD(INT(MOD(INT((W8)/1),256)/2^4),2)*16+MOD(INT(MOD(INT((AA8)/1),256)/2^5),2)*MOD(INT(MOD(INT((W8)/1),256)/2^5),2)*32+MOD(INT(MOD(INT((AA8)/1),256)/2^6),2)*MOD(INT(MOD(INT((W8)/1),256)/2^6),2)*64+MOD(INT(MOD(INT((AA8)/1),256)/2^7),2)*MOD(INT(MOD(INT((W8)/1),256)/2^7),2)*128)*1+(MOD(INT(MOD(INT((AA8)/256),256)/2^0),2)*MOD(INT(MOD(INT((W8)/256),256)/2^0),2)*1+MOD(INT(MOD(INT((AA8)/256),256)/2^1),2)*MOD(INT(MOD(INT((W8)/256),256)/2^1),2)*2+MOD(INT(MOD(INT((AA8)/256),256)/2^2),2)*MOD(INT(MOD(INT((W8)/256),256)/2^2),2)*4+MOD(INT(MOD(INT((AA8)/256),256)/2^3),2)*MOD(INT(MOD(INT((W8)/256),256)/2^3),2)*8+MOD(INT(MOD(INT((AA8)/256),256)/2^4),2)*MOD(INT(MOD(INT((W8)/256),256)/2^4),2)*16+MOD(INT(MOD(INT((AA8)/256),256)/2^5),2)*MOD(INT(MOD(INT((W8)/256),256)/2^5),2)*32+MOD(INT(MOD(INT((AA8)/256),256)/2^6),2)*MOD(INT(MOD(INT((W8)/256),256)/2^6),2)*64+MOD(INT(MOD(INT((AA8)/256),256)/2^7),2)*MOD(INT(MOD(INT((W8)/256),256)/2^7),2)*128)*256+(MOD(INT(MOD(INT((AA8)/65536),256)/2^0),2)*MOD(INT(MOD(INT((W8)/65536),256)/2^0),2)*1+MOD(INT(MOD(INT((AA8)/65536),256)/2^1),2)*MOD(INT(MOD(INT((W8)/65536),256)/2^1),2)*2+MOD(INT(MOD(INT((AA8)/65536),256)/2^2),2)*MOD(INT(MOD(INT((W8)/65536),256)/2^2),2)*4+MOD(INT(MOD(INT((AA8)/65536),256)/2^3),2)*MOD(INT(MOD(INT((W8)/65536),256)/2^3),2)*8+MOD(INT(MOD(INT((AA8)/65536),256)/2^4),2)*MOD(INT(MOD(INT((W8)/65536),256)/2^4),2)*16+MOD(INT(MOD(INT((AA8)/65536),256)/2^5),2)*MOD(INT(MOD(INT((W8)/65536),256)/2^5),2)*32+MOD(INT(MOD(INT((AA8)/65536),256)/2^6),2)*MOD(INT(MOD(INT((W8)/65536),256)/2^6),2)*64+MOD(INT(MOD(INT((AA8)/65536),256)/2^7),2)*MOD(INT(MOD(INT((W8)/65536),256)/2^7),2)*128)*65536+(MOD(INT(MOD(INT((AA8)/16777216),256)/2^0),2)*MOD(INT(MOD(INT((W8)/16777216),256)/2^0),2)*1+MOD(INT(MOD(INT((AA8)/16777216),256)/2^1),2)*MOD(INT(MOD(INT((W8)/16777216),256)/2^1),2)*2+MOD(INT(MOD(INT((AA8)/16777216),256)/2^2),2)*MOD(INT(MOD(INT((W8)/16777216),256)/2^2),2)*4+MOD(INT(MOD(INT((AA8)/16777216),256)/2^3),2)*MOD(INT(MOD(INT((W8)/16777216),256)/2^3),2)*8+MOD(INT(MOD(INT((AA8)/16777216),256)/2^4),2)*MOD(INT(MOD(INT((W8)/16777216),256)/2^4),2)*16+MOD(INT(MOD(INT((AA8)/16777216),256)/2^5),2)*MOD(INT(MOD(INT((W8)/16777216),256)/2^5),2)*32+MOD(INT(MOD(INT((AA8)/16777216),256)/2^6),2)*MOD(INT(MOD(INT((W8)/16777216),256)/2^6),2)*64+MOD(INT(MOD(INT((AA8)/16777216),256)/2^7),2)*MOD(INT(MOD(INT((W8)/16777216),256)/2^7),2)*128)*16777216) -> 1351000113 | AD8: =((MOD(INT(MOD(INT((AB8)/1),256)/2^0),2)*MOD(INT(MOD(INT((X8)/1),256)/2^0),2)*1+MOD(INT(MOD(INT((AB8)/1),256)/2^1),2)*MOD(INT(MOD(INT((X8)/1),256)/2^1),2)*2+MOD(INT(MOD(INT((AB8)/1),256)/2^2),2)*MOD(INT(MOD(INT((X8)/1),256)/2^2),2)*4+MOD(INT(MOD(INT((AB8)/1),256)/2^3),2)*MOD(INT(MOD(INT((X8)/1),256)/2^3),2)*8+MOD(INT(MOD(INT((AB8)/1),256)/2^4),2)*MOD(INT(MOD(INT((X8)/1),256)/2^4),2)*16+MOD(INT(MOD(INT((AB8)/1),256)/2^5),2)*MOD(INT(MOD(INT((X8)/1),256)/2^5),2)*32+MOD(INT(MOD(INT((AB8)/1),256)/2^6),2)*MOD(INT(MOD(INT((X8)/1),256)/2^6),2)*64+MOD(INT(MOD(INT((AB8)/1),256)/2^7),2)*MOD(INT(MOD(INT((X8)/1),256)/2^7),2)*128)*1+(MOD(INT(MOD(INT((AB8)/256),256)/2^0),2)*MOD(INT(MOD(INT((X8)/256),256)/2^0),2)*1+MOD(INT(MOD(INT((AB8)/256),256)/2^1),2)*MOD(INT(MOD(INT((X8)/256),256)/2^1),2)*2+MOD(INT(MOD(INT((AB8)/256),256)/2^2),2)*MOD(INT(MOD(INT((X8)/256),256)/2^2),2)*4+MOD(INT(MOD(INT((AB8)/256),256)/2^3),2)*MOD(INT(MOD(INT((X8)/256),256)/2^3),2)*8+MOD(INT(MOD(INT((AB8)/256),256)/2^4),2)*MOD(INT(MOD(INT((X8)/256),256)/2^4),2)*16+MOD(INT(MOD(INT((AB8)/256),256)/2^5),2)*MOD(INT(MOD(INT((X8)/256),256)/2^5),2)*32+MOD(INT(MOD(INT((AB8)/256),256)/2^6),2)*MOD(INT(MOD(INT((X8)/256),256)/2^6),2)*64+MOD(INT(MOD(INT((AB8)/256),256)/2^7),2)*MOD(INT(MOD(INT((X8)/256),256)/2^7),2)*128)*256+(MOD(INT(MOD(INT((AB8)/65536),256)/2^0),2)*MOD(INT(MOD(INT((X8)/65536),256)/2^0),2)*1+MOD(INT(MOD(INT((AB8)/65536),256)/2^1),2)*MOD(INT(MOD(INT((X8)/65536),256)/2^1),2)*2+MOD(INT(MOD(INT((AB8)/65536),256)/2^2),2)*MOD(INT(MOD(INT((X8)/65536),256)/2^2),2)*4+MOD(INT(MOD(INT((AB8)/65536),256)/2^3),2)*MOD(INT(MOD(INT((X8)/65536),256)/2^3),2)*8+MOD(INT(MOD(INT((AB8)/65536),256)/2^4),2)*MOD(INT(MOD(INT((X8)/65536),256)/2^4),2)*16+MOD(INT(MOD(INT((AB8)/65536),256)/2^5),2)*MOD(INT(MOD(INT((X8)/65536),256)/2^5),2)*32+MOD(INT(MOD(INT((AB8)/65536),256)/2^6),2)*MOD(INT(MOD(INT((X8)/65536),256)/2^6),2)*64+MOD(INT(MOD(INT((AB8)/65536),256)/2^7),2)*MOD(INT(MOD(INT((X8)/65536),256)/2^7),2)*128)*65536+(MOD(INT(MOD(INT((AB8)/16777216),256)/2^0),2)*MOD(INT(MOD(INT((X8)/16777216),256)/2^0),2)*1+MOD(INT(MOD(INT((AB8)/16777216),256)/2^1),2)*MOD(INT(MOD(INT((X8)/16777216),256)/2^1),2)*2+MOD(INT(MOD(INT((AB8)/16777216),256)/2^2),2)*MOD(INT(MOD(INT((X8)/16777216),256)/2^2),2)*4+MOD(INT(MOD(INT((AB8)/16777216),256)/2^3),2)*MOD(INT(MOD(INT((X8)/16777216),256)/2^3),2)*8+MOD(INT(MOD(INT((AB8)/16777216),256)/2^4),2)*MOD(INT(MOD(INT((X8)/16777216),256)/2^4),2)*16+MOD(INT(MOD(INT((AB8)/16777216),256)/2^5),2)*MOD(INT(MOD(INT((X8)/16777216),256)/2^5),2)*32+MOD(INT(MOD(INT((AB8)/16777216),256)/2^6),2)*MOD(INT(MOD(INT((X8)/16777216),256)/2^6),2)*64+MOD(INT(MOD(INT((AB8)/16777216),256)/2^7),2)*MOD(INT(MOD(INT((X8)/16777216),256)/2^7),2)*128)*16777216) -> 2737046545 | AE8: =MOD(AA8+W8-2*AC8,4294967296) -> 2704825932 | AF8: =MOD(AB8+X8-2*AD8,4294967296) -> 1544092358 | AG8: =MOD(INT(C7/2^28)+MOD(D7,2^28)*2^4,4294967296) -> 1068967948 | AH8: =MOD(INT(D7/2^28)+MOD(C7,2^28)*2^4,4294967296) -> 3570054866 | AI8: =MOD(INT(D7/2^2)+MOD(C7,2^2)*2^30,4294967296) -> 1224662176 | AJ8: =MOD(INT(C7/2^2)+MOD(D7,2^2)*2^30,4294967296) -> 861088475 | AK8: =MOD(INT(D7/2^7)+MOD(C7,2^7)*2^25,4294967296) -> 3662149349 | AL8: =MOD(INT(C7/2^7)+MOD(D7,2^7)*2^25,4294967296) -> 26909014 | AM8: =((MOD(INT(MOD(INT((AG8)/1),256)/2^0),2)*MOD(INT(MOD(INT((AI8)/1),256)/2^0),2)*1+MOD(INT(MOD(INT((AG8)/1),256)/2^1),2)*MOD(INT(MOD(INT((AI8)/1),256)/2^1),2)*2+MOD(INT(MOD(INT((AG8)/1),256)/2^2),2)*MOD(INT(MOD(INT((AI8)/1),256)/2^2),2)*4+MOD(INT(MOD(INT((AG8)/1),256)/2^3),2)*MOD(INT(MOD(INT((AI8)/1),256)/2^3),2)*8+MOD(INT(MOD(INT((AG8)/1),256)/2^4),2)*MOD(INT(MOD(INT((AI8)/1),256)/2^4),2)*16+MOD(INT(MOD(INT((AG8)/1),256)/2^5),2)*MOD(INT(MOD(INT((AI8)/1),256)/2^5),2)*32+MOD(INT(MOD(INT((AG8)/1),256)/2^6),2)*MOD(INT(MOD(INT((AI8)/1),256)/2^6),2)*64+MOD(INT(MOD(INT((AG8)/1),256)/2^7),2)*MOD(INT(MOD(INT((AI8)/1),256)/2^7),2)*128)*1+(MOD(INT(MOD(INT((AG8)/256),256)/2^0),2)*MOD(INT(MOD(INT((AI8)/256),256)/2^0),2)*1+MOD(INT(MOD(INT((AG8)/256),256)/2^1),2)*MOD(INT(MOD(INT((AI8)/256),256)/2^1),2)*2+MOD(INT(MOD(INT((AG8)/256),256)/2^2),2)*MOD(INT(MOD(INT((AI8)/256),256)/2^2),2)*4+MOD(INT(MOD(INT((AG8)/256),256)/2^3),2)*MOD(INT(MOD(INT((AI8)/256),256)/2^3),2)*8+MOD(INT(MOD(INT((AG8)/256),256)/2^4),2)*MOD(INT(MOD(INT((AI8)/256),256)/2^4),2)*16+MOD(INT(MOD(INT((AG8)/256),256)/2^5),2)*MOD(INT(MOD(INT((AI8)/256),256)/2^5),2)*32+MOD(INT(MOD(INT((AG8)/256),256)/2^6),2)*MOD(INT(MOD(INT((AI8)/256),256)/2^6),2)*64+MOD(INT(MOD(INT((AG8)/256),256)/2^7),2)*MOD(INT(MOD(INT((AI8)/256),256)/2^7),2)*128)*256+(MOD(INT(MOD(INT((AG8)/65536),256)/2^0),2)*MOD(INT(MOD(INT((AI8)/65536),256)/2^0),2)*1+MOD(INT(MOD(INT((AG8)/65536),256)/2^1),2)*MOD(INT(MOD(INT((AI8)/65536),256)/2^1),2)*2+MOD(INT(MOD(INT((AG8)/65536),256)/2^2),2)*MOD(INT(MOD(INT((AI8)/65536),256)/2^2),2)*4+MOD(INT(MOD(INT((AG8)/65536),256)/2^3),2)*MOD(INT(MOD(INT((AI8)/65536),256)/2^3),2)*8+MOD(INT(MOD(INT((AG8)/65536),256)/2^4),2)*MOD(INT(MOD(INT((AI8)/65536),256)/2^4),2)*16+MOD(INT(MOD(INT((AG8)/65536),256)/2^5),2)*MOD(INT(MOD(INT((AI8)/65536),256)/2^5),2)*32+MOD(INT(MOD(INT((AG8)/65536),256)/2^6),2)*MOD(INT(MOD(INT((AI8)/65536),256)/2^6),2)*64+MOD(INT(MOD(INT((AG8)/65536),256)/2^7),2)*MOD(INT(MOD(INT((AI8)/65536),256)/2^7),2)*128)*65536+(MOD(INT(MOD(INT((AG8)/16777216),256)/2^0),2)*MOD(INT(MOD(INT((AI8)/16777216),256)/2^0),2)*1+MOD(INT(MOD(INT((AG8)/16777216),256)/2^1),2)*MOD(INT(MOD(INT((AI8)/16777216),256)/2^1),2)*2+MOD(INT(MOD(INT((AG8)/16777216),256)/2^2),2)*MOD(INT(MOD(INT((AI8)/16777216),256)/2^2),2)*4+MOD(INT(MOD(INT((AG8)/16777216),256)/2^3),2)*MOD(INT(MOD(INT((AI8)/16777216),256)/2^3),2)*8+MOD(INT(MOD(INT((AG8)/16777216),256)/2^4),2)*MOD(INT(MOD(INT((AI8)/16777216),256)/2^4),2)*16+MOD(INT(MOD(INT((AG8)/16777216),256)/2^5),2)*MOD(INT(MOD(INT((AI8)/16777216),256)/2^5),2)*32+MOD(INT(MOD(INT((AG8)/16777216),256)/2^6),2)*MOD(INT(MOD(INT((AI8)/16777216),256)/2^6),2)*64+MOD(INT(MOD(INT((AG8)/16777216),256)/2^7),2)*MOD(INT(MOD(INT((AI8)/16777216),256)/2^7),2)*128)*16777216) -> 146147328 | AN8: =((MOD(INT(MOD(INT((AH8)/1),256)/2^0),2)*MOD(INT(MOD(INT((AJ8)/1),256)/2^0),2)*1+MOD(INT(MOD(INT((AH8)/1),256)/2^1),2)*MOD(INT(MOD(INT((AJ8)/1),256)/2^1),2)*2+MOD(INT(MOD(INT((AH8)/1),256)/2^2),2)*MOD(INT(MOD(INT((AJ8)/1),256)/2^2),2)*4+MOD(INT(MOD(INT((AH8)/1),256)/2^3),2)*MOD(INT(MOD(INT((AJ8)/1),256)/2^3),2)*8+MOD(INT(MOD(INT((AH8)/1),256)/2^4),2)*MOD(INT(MOD(INT((AJ8)/1),256)/2^4),2)*16+MOD(INT(MOD(INT((AH8)/1),256)/2^5),2)*MOD(INT(MOD(INT((AJ8)/1),256)/2^5),2)*32+MOD(INT(MOD(INT((AH8)/1),256)/2^6),2)*MOD(INT(MOD(INT((AJ8)/1),256)/2^6),2)*64+MOD(INT(MOD(INT((AH8)/1),256)/2^7),2)*MOD(INT(MOD(INT((AJ8)/1),256)/2^7),2)*128)*1+(MOD(INT(MOD(INT((AH8)/256),256)/2^0),2)*MOD(INT(MOD(INT((AJ8)/256),256)/2^0),2)*1+MOD(INT(MOD(INT((AH8)/256),256)/2^1),2)*MOD(INT(MOD(INT((AJ8)/256),256)/2^1),2)*2+MOD(INT(MOD(INT((AH8)/256),256)/2^2),2)*MOD(INT(MOD(INT((AJ8)/256),256)/2^2),2)*4+MOD(INT(MOD(INT((AH8)/256),256)/2^3),2)*MOD(INT(MOD(INT((AJ8)/256),256)/2^3),2)*8+MOD(INT(MOD(INT((AH8)/256),256)/2^4),2)*MOD(INT(MOD(INT((AJ8)/256),256)/2^4),2)*16+MOD(INT(MOD(INT((AH8)/256),256)/2^5),2)*MOD(INT(MOD(INT((AJ8)/256),256)/2^5),2)*32+MOD(INT(MOD(INT((AH8)/256),256)/2^6),2)*MOD(INT(MOD(INT((AJ8)/256),256)/2^6),2)*64+MOD(INT(MOD(INT((AH8)/256),256)/2^7),2)*MOD(INT(MOD(INT((AJ8)/256),256)/2^7),2)*128)*256+(MOD(INT(MOD(INT((AH8)/65536),256)/2^0),2)*MOD(INT(MOD(INT((AJ8)/65536),256)/2^0),2)*1+MOD(INT(MOD(INT((AH8)/65536),256)/2^1),2)*MOD(INT(MOD(INT((AJ8)/65536),256)/2^1),2)*2+MOD(INT(MOD(INT((AH8)/65536),256)/2^2),2)*MOD(INT(MOD(INT((AJ8)/65536),256)/2^2),2)*4+MOD(INT(MOD(INT((AH8)/65536),256)/2^3),2)*MOD(INT(MOD(INT((AJ8)/65536),256)/2^3),2)*8+MOD(INT(MOD(INT((AH8)/65536),256)/2^4),2)*MOD(INT(MOD(INT((AJ8)/65536),256)/2^4),2)*16+MOD(INT(MOD(INT((AH8)/65536),256)/2^5),2)*MOD(INT(MOD(INT((AJ8)/65536),256)/2^5),2)*32+MOD(INT(MOD(INT((AH8)/65536),256)/2^6),2)*MOD(INT(MOD(INT((AJ8)/65536),256)/2^6),2)*64+MOD(INT(MOD(INT((AH8)/65536),256)/2^7),2)*MOD(INT(MOD(INT((AJ8)/65536),256)/2^7),2)*128)*65536+(MOD(INT(MOD(INT((AH8)/16777216),256)/2^0),2)*MOD(INT(MOD(INT((AJ8)/16777216),256)/2^0),2)*1+MOD(INT(MOD(INT((AH8)/16777216),256)/2^1),2)*MOD(INT(MOD(INT((AJ8)/16777216),256)/2^1),2)*2+MOD(INT(MOD(INT((AH8)/16777216),256)/2^2),2)*MOD(INT(MOD(INT((AJ8)/16777216),256)/2^2),2)*4+MOD(INT(MOD(INT((AH8)/16777216),256)/2^3),2)*MOD(INT(MOD(INT((AJ8)/16777216),256)/2^3),2)*8+MOD(INT(MOD(INT((AH8)/16777216),256)/2^4),2)*MOD(INT(MOD(INT((AJ8)/16777216),256)/2^4),2)*16+MOD(INT(MOD(INT((AH8)/16777216),256)/2^5),2)*MOD(INT(MOD(INT((AJ8)/16777216),256)/2^5),2)*32+MOD(INT(MOD(INT((AH8)/16777216),256)/2^6),2)*MOD(INT(MOD(INT((AJ8)/16777216),256)/2^6),2)*64+MOD(INT(MOD(INT((AH8)/16777216),256)/2^7),2)*MOD(INT(MOD(INT((AJ8)/16777216),256)/2^7),2)*128)*16777216) -> 272769746 | AO8: =MOD(AG8+AI8-2*AM8,4294967296) -> 2001335468 | AP8: =MOD(AH8+AJ8-2*AN8,4294967296) -> 3885603849 | AQ8: =((MOD(INT(MOD(INT((AO8)/1),256)/2^0),2)*MOD(INT(MOD(INT((AK8)/1),256)/2^0),2)*1+MOD(INT(MOD(INT((AO8)/1),256)/2^1),2)*MOD(INT(MOD(INT((AK8)/1),256)/2^1),2)*2+MOD(INT(MOD(INT((AO8)/1),256)/2^2),2)*MOD(INT(MOD(INT((AK8)/1),256)/2^2),2)*4+MOD(INT(MOD(INT((AO8)/1),256)/2^3),2)*MOD(INT(MOD(INT((AK8)/1),256)/2^3),2)*8+MOD(INT(MOD(INT((AO8)/1),256)/2^4),2)*MOD(INT(MOD(INT((AK8)/1),256)/2^4),2)*16+MOD(INT(MOD(INT((AO8)/1),256)/2^5),2)*MOD(INT(MOD(INT((AK8)/1),256)/2^5),2)*32+MOD(INT(MOD(INT((AO8)/1),256)/2^6),2)*MOD(INT(MOD(INT((AK8)/1),256)/2^6),2)*64+MOD(INT(MOD(INT((AO8)/1),256)/2^7),2)*MOD(INT(MOD(INT((AK8)/1),256)/2^7),2)*128)*1+(MOD(INT(MOD(INT((AO8)/256),256)/2^0),2)*MOD(INT(MOD(INT((AK8)/256),256)/2^0),2)*1+MOD(INT(MOD(INT((AO8)/256),256)/2^1),2)*MOD(INT(MOD(INT((AK8)/256),256)/2^1),2)*2+MOD(INT(MOD(INT((AO8)/256),256)/2^2),2)*MOD(INT(MOD(INT((AK8)/256),256)/2^2),2)*4+MOD(INT(MOD(INT((AO8)/256),256)/2^3),2)*MOD(INT(MOD(INT((AK8)/256),256)/2^3),2)*8+MOD(INT(MOD(INT((AO8)/256),256)/2^4),2)*MOD(INT(MOD(INT((AK8)/256),256)/2^4),2)*16+MOD(INT(MOD(INT((AO8)/256),256)/2^5),2)*MOD(INT(MOD(INT((AK8)/256),256)/2^5),2)*32+MOD(INT(MOD(INT((AO8)/256),256)/2^6),2)*MOD(INT(MOD(INT((AK8)/256),256)/2^6),2)*64+MOD(INT(MOD(INT((AO8)/256),256)/2^7),2)*MOD(INT(MOD(INT((AK8)/256),256)/2^7),2)*128)*256+(MOD(INT(MOD(INT((AO8)/65536),256)/2^0),2)*MOD(INT(MOD(INT((AK8)/65536),256)/2^0),2)*1+MOD(INT(MOD(INT((AO8)/65536),256)/2^1),2)*MOD(INT(MOD(INT((AK8)/65536),256)/2^1),2)*2+MOD(INT(MOD(INT((AO8)/65536),256)/2^2),2)*MOD(INT(MOD(INT((AK8)/65536),256)/2^2),2)*4+MOD(INT(MOD(INT((AO8)/65536),256)/2^3),2)*MOD(INT(MOD(INT((AK8)/65536),256)/2^3),2)*8+MOD(INT(MOD(INT((AO8)/65536),256)/2^4),2)*MOD(INT(MOD(INT((AK8)/65536),256)/2^4),2)*16+MOD(INT(MOD(INT((AO8)/65536),256)/2^5),2)*MOD(INT(MOD(INT((AK8)/65536),256)/2^5),2)*32+MOD(INT(MOD(INT((AO8)/65536),256)/2^6),2)*MOD(INT(MOD(INT((AK8)/65536),256)/2^6),2)*64+MOD(INT(MOD(INT((AO8)/65536),256)/2^7),2)*MOD(INT(MOD(INT((AK8)/65536),256)/2^7),2)*128)*65536+(MOD(INT(MOD(INT((AO8)/16777216),256)/2^0),2)*MOD(INT(MOD(INT((AK8)/16777216),256)/2^0),2)*1+MOD(INT(MOD(INT((AO8)/16777216),256)/2^1),2)*MOD(INT(MOD(INT((AK8)/16777216),256)/2^1),2)*2+MOD(INT(MOD(INT((AO8)/16777216),256)/2^2),2)*MOD(INT(MOD(INT((AK8)/16777216),256)/2^2),2)*4+MOD(INT(MOD(INT((AO8)/16777216),256)/2^3),2)*MOD(INT(MOD(INT((AK8)/16777216),256)/2^3),2)*8+MOD(INT(MOD(INT((AO8)/16777216),256)/2^4),2)*MOD(INT(MOD(INT((AK8)/16777216),256)/2^4),2)*16+MOD(INT(MOD(INT((AO8)/16777216),256)/2^5),2)*MOD(INT(MOD(INT((AK8)/16777216),256)/2^5),2)*32+MOD(INT(MOD(INT((AO8)/16777216),256)/2^6),2)*MOD(INT(MOD(INT((AK8)/16777216),256)/2^6),2)*64+MOD(INT(MOD(INT((AO8)/16777216),256)/2^7),2)*MOD(INT(MOD(INT((AK8)/16777216),256)/2^7),2)*128)*16777216) -> 1380054180 | AR8: =((MOD(INT(MOD(INT((AP8)/1),256)/2^0),2)*MOD(INT(MOD(INT((AL8)/1),256)/2^0),2)*1+MOD(INT(MOD(INT((AP8)/1),256)/2^1),2)*MOD(INT(MOD(INT((AL8)/1),256)/2^1),2)*2+MOD(INT(MOD(INT((AP8)/1),256)/2^2),2)*MOD(INT(MOD(INT((AL8)/1),256)/2^2),2)*4+MOD(INT(MOD(INT((AP8)/1),256)/2^3),2)*MOD(INT(MOD(INT((AL8)/1),256)/2^3),2)*8+MOD(INT(MOD(INT((AP8)/1),256)/2^4),2)*MOD(INT(MOD(INT((AL8)/1),256)/2^4),2)*16+MOD(INT(MOD(INT((AP8)/1),256)/2^5),2)*MOD(INT(MOD(INT((AL8)/1),256)/2^5),2)*32+MOD(INT(MOD(INT((AP8)/1),256)/2^6),2)*MOD(INT(MOD(INT((AL8)/1),256)/2^6),2)*64+MOD(INT(MOD(INT((AP8)/1),256)/2^7),2)*MOD(INT(MOD(INT((AL8)/1),256)/2^7),2)*128)*1+(MOD(INT(MOD(INT((AP8)/256),256)/2^0),2)*MOD(INT(MOD(INT((AL8)/256),256)/2^0),2)*1+MOD(INT(MOD(INT((AP8)/256),256)/2^1),2)*MOD(INT(MOD(INT((AL8)/256),256)/2^1),2)*2+MOD(INT(MOD(INT((AP8)/256),256)/2^2),2)*MOD(INT(MOD(INT((AL8)/256),256)/2^2),2)*4+MOD(INT(MOD(INT((AP8)/256),256)/2^3),2)*MOD(INT(MOD(INT((AL8)/256),256)/2^3),2)*8+MOD(INT(MOD(INT((AP8)/256),256)/2^4),2)*MOD(INT(MOD(INT((AL8)/256),256)/2^4),2)*16+MOD(INT(MOD(INT((AP8)/256),256)/2^5),2)*MOD(INT(MOD(INT((AL8)/256),256)/2^5),2)*32+MOD(INT(MOD(INT((AP8)/256),256)/2^6),2)*MOD(INT(MOD(INT((AL8)/256),256)/2^6),2)*64+MOD(INT(MOD(INT((AP8)/256),256)/2^7),2)*MOD(INT(MOD(INT((AL8)/256),256)/2^7),2)*128)*256+(MOD(INT(MOD(INT((AP8)/65536),256)/2^0),2)*MOD(INT(MOD(INT((AL8)/65536),256)/2^0),2)*1+MOD(INT(MOD(INT((AP8)/65536),256)/2^1),2)*MOD(INT(MOD(INT((AL8)/65536),256)/2^1),2)*2+MOD(INT(MOD(INT((AP8)/65536),256)/2^2),2)*MOD(INT(MOD(INT((AL8)/65536),256)/2^2),2)*4+MOD(INT(MOD(INT((AP8)/65536),256)/2^3),2)*MOD(INT(MOD(INT((AL8)/65536),256)/2^3),2)*8+MOD(INT(MOD(INT((AP8)/65536),256)/2^4),2)*MOD(INT(MOD(INT((AL8)/65536),256)/2^4),2)*16+MOD(INT(MOD(INT((AP8)/65536),256)/2^5),2)*MOD(INT(MOD(INT((AL8)/65536),256)/2^5),2)*32+MOD(INT(MOD(INT((AP8)/65536),256)/2^6),2)*MOD(INT(MOD(INT((AL8)/65536),256)/2^6),2)*64+MOD(INT(MOD(INT((AP8)/65536),256)/2^7),2)*MOD(INT(MOD(INT((AL8)/65536),256)/2^7),2)*128)*65536+(MOD(INT(MOD(INT((AP8)/16777216),256)/2^0),2)*MOD(INT(MOD(INT((AL8)/16777216),256)/2^0),2)*1+MOD(INT(MOD(INT((AP8)/16777216),256)/2^1),2)*MOD(INT(MOD(INT((AL8)/16777216),256)/2^1),2)*2+MOD(INT(MOD(INT((AP8)/16777216),256)/2^2),2)*MOD(INT(MOD(INT((AL8)/16777216),256)/2^2),2)*4+MOD(INT(MOD(INT((AP8)/16777216),256)/2^3),2)*MOD(INT(MOD(INT((AL8)/16777216),256)/2^3),2)*8+MOD(INT(MOD(INT((AP8)/16777216),256)/2^4),2)*MOD(INT(MOD(INT((AL8)/16777216),256)/2^4),2)*16+MOD(INT(MOD(INT((AP8)/16777216),256)/2^5),2)*MOD(INT(MOD(INT((AL8)/16777216),256)/2^5),2)*32+MOD(INT(MOD(INT((AP8)/16777216),256)/2^6),2)*MOD(INT(MOD(INT((AL8)/16777216),256)/2^6),2)*64+MOD(INT(MOD(INT((AP8)/16777216),256)/2^7),2)*MOD(INT(MOD(INT((AL8)/16777216),256)/2^7),2)*128)*16777216) -> 26777600 | AS8: =MOD(AO8+AK8-2*AQ8,4294967296) -> 2903376457 | AT8: =MOD(AP8+AL8-2*AR8,4294967296) -> 3858957663 | AU8: =((MOD(INT(MOD(INT((K7)/1),256)/2^0),2)*MOD(INT(MOD(INT((M7)/1),256)/2^0),2)*1+MOD(INT(MOD(INT((K7)/1),256)/2^1),2)*MOD(INT(MOD(INT((M7)/1),256)/2^1),2)*2+MOD(INT(MOD(INT((K7)/1),256)/2^2),2)*MOD(INT(MOD(INT((M7)/1),256)/2^2),2)*4+MOD(INT(MOD(INT((K7)/1),256)/2^3),2)*MOD(INT(MOD(INT((M7)/1),256)/2^3),2)*8+MOD(INT(MOD(INT((K7)/1),256)/2^4),2)*MOD(INT(MOD(INT((M7)/1),256)/2^4),2)*16+MOD(INT(MOD(INT((K7)/1),256)/2^5),2)*MOD(INT(MOD(INT((M7)/1),256)/2^5),2)*32+MOD(INT(MOD(INT((K7)/1),256)/2^6),2)*MOD(INT(MOD(INT((M7)/1),256)/2^6),2)*64+MOD(INT(MOD(INT((K7)/1),256)/2^7),2)*MOD(INT(MOD(INT((M7)/1),256)/2^7),2)*128)*1+(MOD(INT(MOD(INT((K7)/256),256)/2^0),2)*MOD(INT(MOD(INT((M7)/256),256)/2^0),2)*1+MOD(INT(MOD(INT((K7)/256),256)/2^1),2)*MOD(INT(MOD(INT((M7)/256),256)/2^1),2)*2+MOD(INT(MOD(INT((K7)/256),256)/2^2),2)*MOD(INT(MOD(INT((M7)/256),256)/2^2),2)*4+MOD(INT(MOD(INT((K7)/256),256)/2^3),2)*MOD(INT(MOD(INT((M7)/256),256)/2^3),2)*8+MOD(INT(MOD(INT((K7)/256),256)/2^4),2)*MOD(INT(MOD(INT((M7)/256),256)/2^4),2)*16+MOD(INT(MOD(INT((K7)/256),256)/2^5),2)*MOD(INT(MOD(INT((M7)/256),256)/2^5),2)*32+MOD(INT(MOD(INT((K7)/256),256)/2^6),2)*MOD(INT(MOD(INT((M7)/256),256)/2^6),2)*64+MOD(INT(MOD(INT((K7)/256),256)/2^7),2)*MOD(INT(MOD(INT((M7)/256),256)/2^7),2)*128)*256+(MOD(INT(MOD(INT((K7)/65536),256)/2^0),2)*MOD(INT(MOD(INT((M7)/65536),256)/2^0),2)*1+MOD(INT(MOD(INT((K7)/65536),256)/2^1),2)*MOD(INT(MOD(INT((M7)/65536),256)/2^1),2)*2+MOD(INT(MOD(INT((K7)/65536),256)/2^2),2)*MOD(INT(MOD(INT((M7)/65536),256)/2^2),2)*4+MOD(INT(MOD(INT((K7)/65536),256)/2^3),2)*MOD(INT(MOD(INT((M7)/65536),256)/2^3),2)*8+MOD(INT(MOD(INT((K7)/65536),256)/2^4),2)*MOD(INT(MOD(INT((M7)/65536),256)/2^4),2)*16+MOD(INT(MOD(INT((K7)/65536),256)/2^5),2)*MOD(INT(MOD(INT((M7)/65536),256)/2^5),2)*32+MOD(INT(MOD(INT((K7)/65536),256)/2^6),2)*MOD(INT(MOD(INT((M7)/65536),256)/2^6),2)*64+MOD(INT(MOD(INT((K7)/65536),256)/2^7),2)*MOD(INT(MOD(INT((M7)/65536),256)/2^7),2)*128)*65536+(MOD(INT(MOD(INT((K7)/16777216),256)/2^0),2)*MOD(INT(MOD(INT((M7)/16777216),256)/2^0),2)*1+MOD(INT(MOD(INT((K7)/16777216),256)/2^1),2)*MOD(INT(MOD(INT((M7)/16777216),256)/2^1),2)*2+MOD(INT(MOD(INT((K7)/16777216),256)/2^2),2)*MOD(INT(MOD(INT((M7)/16777216),256)/2^2),2)*4+MOD(INT(MOD(INT((K7)/16777216),256)/2^3),2)*MOD(INT(MOD(INT((M7)/16777216),256)/2^3),2)*8+MOD(INT(MOD(INT((K7)/16777216),256)/2^4),2)*MOD(INT(MOD(INT((M7)/16777216),256)/2^4),2)*16+MOD(INT(MOD(INT((K7)/16777216),256)/2^5),2)*MOD(INT(MOD(INT((M7)/16777216),256)/2^5),2)*32+MOD(INT(MOD(INT((K7)/16777216),256)/2^6),2)*MOD(INT(MOD(INT((M7)/16777216),256)/2^6),2)*64+MOD(INT(MOD(INT((K7)/16777216),256)/2^7),2)*MOD(INT(MOD(INT((M7)/16777216),256)/2^7),2)*128)*16777216) -> 1208746528 | AV8: =((MOD(INT(MOD(INT((L7)/1),256)/2^0),2)*MOD(INT(MOD(INT((N7)/1),256)/2^0),2)*1+MOD(INT(MOD(INT((L7)/1),256)/2^1),2)*MOD(INT(MOD(INT((N7)/1),256)/2^1),2)*2+MOD(INT(MOD(INT((L7)/1),256)/2^2),2)*MOD(INT(MOD(INT((N7)/1),256)/2^2),2)*4+MOD(INT(MOD(INT((L7)/1),256)/2^3),2)*MOD(INT(MOD(INT((N7)/1),256)/2^3),2)*8+MOD(INT(MOD(INT((L7)/1),256)/2^4),2)*MOD(INT(MOD(INT((N7)/1),256)/2^4),2)*16+MOD(INT(MOD(INT((L7)/1),256)/2^5),2)*MOD(INT(MOD(INT((N7)/1),256)/2^5),2)*32+MOD(INT(MOD(INT((L7)/1),256)/2^6),2)*MOD(INT(MOD(INT((N7)/1),256)/2^6),2)*64+MOD(INT(MOD(INT((L7)/1),256)/2^7),2)*MOD(INT(MOD(INT((N7)/1),256)/2^7),2)*128)*1+(MOD(INT(MOD(INT((L7)/256),256)/2^0),2)*MOD(INT(MOD(INT((N7)/256),256)/2^0),2)*1+MOD(INT(MOD(INT((L7)/256),256)/2^1),2)*MOD(INT(MOD(INT((N7)/256),256)/2^1),2)*2+MOD(INT(MOD(INT((L7)/256),256)/2^2),2)*MOD(INT(MOD(INT((N7)/256),256)/2^2),2)*4+MOD(INT(MOD(INT((L7)/256),256)/2^3),2)*MOD(INT(MOD(INT((N7)/256),256)/2^3),2)*8+MOD(INT(MOD(INT((L7)/256),256)/2^4),2)*MOD(INT(MOD(INT((N7)/256),256)/2^4),2)*16+MOD(INT(MOD(INT((L7)/256),256)/2^5),2)*MOD(INT(MOD(INT((N7)/256),256)/2^5),2)*32+MOD(INT(MOD(INT((L7)/256),256)/2^6),2)*MOD(INT(MOD(INT((N7)/256),256)/2^6),2)*64+MOD(INT(MOD(INT((L7)/256),256)/2^7),2)*MOD(INT(MOD(INT((N7)/256),256)/2^7),2)*128)*256+(MOD(INT(MOD(INT((L7)/65536),256)/2^0),2)*MOD(INT(MOD(INT((N7)/65536),256)/2^0),2)*1+MOD(INT(MOD(INT((L7)/65536),256)/2^1),2)*MOD(INT(MOD(INT((N7)/65536),256)/2^1),2)*2+MOD(INT(MOD(INT((L7)/65536),256)/2^2),2)*MOD(INT(MOD(INT((N7)/65536),256)/2^2),2)*4+MOD(INT(MOD(INT((L7)/65536),256)/2^3),2)*MOD(INT(MOD(INT((N7)/65536),256)/2^3),2)*8+MOD(INT(MOD(INT((L7)/65536),256)/2^4),2)*MOD(INT(MOD(INT((N7)/65536),256)/2^4),2)*16+MOD(INT(MOD(INT((L7)/65536),256)/2^5),2)*MOD(INT(MOD(INT((N7)/65536),256)/2^5),2)*32+MOD(INT(MOD(INT((L7)/65536),256)/2^6),2)*MOD(INT(MOD(INT((N7)/65536),256)/2^6),2)*64+MOD(INT(MOD(INT((L7)/65536),256)/2^7),2)*MOD(INT(MOD(INT((N7)/65536),256)/2^7),2)*128)*65536+(MOD(INT(MOD(INT((L7)/16777216),256)/2^0),2)*MOD(INT(MOD(INT((N7)/16777216),256)/2^0),2)*1+MOD(INT(MOD(INT((L7)/16777216),256)/2^1),2)*MOD(INT(MOD(INT((N7)/16777216),256)/2^1),2)*2+MOD(INT(MOD(INT((L7)/16777216),256)/2^2),2)*MOD(INT(MOD(INT((N7)/16777216),256)/2^2),2)*4+MOD(INT(MOD(INT((L7)/16777216),256)/2^3),2)*MOD(INT(MOD(INT((N7)/16777216),256)/2^3),2)*8+MOD(INT(MOD(INT((L7)/16777216),256)/2^4),2)*MOD(INT(MOD(INT((N7)/16777216),256)/2^4),2)*16+MOD(INT(MOD(INT((L7)/16777216),256)/2^5),2)*MOD(INT(MOD(INT((N7)/16777216),256)/2^5),2)*32+MOD(INT(MOD(INT((L7)/16777216),256)/2^6),2)*MOD(INT(MOD(INT((N7)/16777216),256)/2^6),2)*64+MOD(INT(MOD(INT((L7)/16777216),256)/2^7),2)*MOD(INT(MOD(INT((N7)/16777216),256)/2^7),2)*128)*16777216) -> 672142096 | AW8: =((MOD(INT(MOD(INT(((4294967295-K7))/1),256)/2^0),2)*MOD(INT(MOD(INT((O7)/1),256)/2^0),2)*1+MOD(INT(MOD(INT(((4294967295-K7))/1),256)/2^1),2)*MOD(INT(MOD(INT((O7)/1),256)/2^1),2)*2+MOD(INT(MOD(INT(((4294967295-K7))/1),256)/2^2),2)*MOD(INT(MOD(INT((O7)/1),256)/2^2),2)*4+MOD(INT(MOD(INT(((4294967295-K7))/1),256)/2^3),2)*MOD(INT(MOD(INT((O7)/1),256)/2^3),2)*8+MOD(INT(MOD(INT(((4294967295-K7))/1),256)/2^4),2)*MOD(INT(MOD(INT((O7)/1),256)/2^4),2)*16+MOD(INT(MOD(INT(((4294967295-K7))/1),256)/2^5),2)*MOD(INT(MOD(INT((O7)/1),256)/2^5),2)*32+MOD(INT(MOD(INT(((4294967295-K7))/1),256)/2^6),2)*MOD(INT(MOD(INT((O7)/1),256)/2^6),2)*64+MOD(INT(MOD(INT(((4294967295-K7))/1),256)/2^7),2)*MOD(INT(MOD(INT((O7)/1),256)/2^7),2)*128)*1+(MOD(INT(MOD(INT(((4294967295-K7))/256),256)/2^0),2)*MOD(INT(MOD(INT((O7)/256),256)/2^0),2)*1+MOD(INT(MOD(INT(((4294967295-K7))/256),256)/2^1),2)*MOD(INT(MOD(INT((O7)/256),256)/2^1),2)*2+MOD(INT(MOD(INT(((4294967295-K7))/256),256)/2^2),2)*MOD(INT(MOD(INT((O7)/256),256)/2^2),2)*4+MOD(INT(MOD(INT(((4294967295-K7))/256),256)/2^3),2)*MOD(INT(MOD(INT((O7)/256),256)/2^3),2)*8+MOD(INT(MOD(INT(((4294967295-K7))/256),256)/2^4),2)*MOD(INT(MOD(INT((O7)/256),256)/2^4),2)*16+MOD(INT(MOD(INT(((4294967295-K7))/256),256)/2^5),2)*MOD(INT(MOD(INT((O7)/256),256)/2^5),2)*32+MOD(INT(MOD(INT(((4294967295-K7))/256),256)/2^6),2)*MOD(INT(MOD(INT((O7)/256),256)/2^6),2)*64+MOD(INT(MOD(INT(((4294967295-K7))/256),256)/2^7),2)*MOD(INT(MOD(INT((O7)/256),256)/2^7),2)*128)*256+(MOD(INT(MOD(INT(((4294967295-K7))/65536),256)/2^0),2)*MOD(INT(MOD(INT((O7)/65536),256)/2^0),2)*1+MOD(INT(MOD(INT(((4294967295-K7))/65536),256)/2^1),2)*MOD(INT(MOD(INT((O7)/65536),256)/2^1),2)*2+MOD(INT(MOD(INT(((4294967295-K7))/65536),256)/2^2),2)*MOD(INT(MOD(INT((O7)/65536),256)/2^2),2)*4+MOD(INT(MOD(INT(((4294967295-K7))/65536),256)/2^3),2)*MOD(INT(MOD(INT((O7)/65536),256)/2^3),2)*8+MOD(INT(MOD(INT(((4294967295-K7))/65536),256)/2^4),2)*MOD(INT(MOD(INT((O7)/65536),256)/2^4),2)*16+MOD(INT(MOD(INT(((4294967295-K7))/65536),256)/2^5),2)*MOD(INT(MOD(INT((O7)/65536),256)/2^5),2)*32+MOD(INT(MOD(INT(((4294967295-K7))/65536),256)/2^6),2)*MOD(INT(MOD(INT((O7)/65536),256)/2^6),2)*64+MOD(INT(MOD(INT(((4294967295-K7))/65536),256)/2^7),2)*MOD(INT(MOD(INT((O7)/65536),256)/2^7),2)*128)*65536+(MOD(INT(MOD(INT(((4294967295-K7))/16777216),256)/2^0),2)*MOD(INT(MOD(INT((O7)/16777216),256)/2^0),2)*1+MOD(INT(MOD(INT(((4294967295-K7))/16777216),256)/2^1),2)*MOD(INT(MOD(INT((O7)/16777216),256)/2^1),2)*2+MOD(INT(MOD(INT(((4294967295-K7))/16777216),256)/2^2),2)*MOD(INT(MOD(INT((O7)/16777216),256)/2^2),2)*4+MOD(INT(MOD(INT(((4294967295-K7))/16777216),256)/2^3),2)*MOD(INT(MOD(INT((O7)/16777216),256)/2^3),2)*8+MOD(INT(MOD(INT(((4294967295-K7))/16777216),256)/2^4),2)*MOD(INT(MOD(INT((O7)/16777216),256)/2^4),2)*16+MOD(INT(MOD(INT(((4294967295-K7))/16777216),256)/2^5),2)*MOD(INT(MOD(INT((O7)/16777216),256)/2^5),2)*32+MOD(INT(MOD(INT(((4294967295-K7))/16777216),256)/2^6),2)*MOD(INT(MOD(INT((O7)/16777216),256)/2^6),2)*64+MOD(INT(MOD(INT(((4294967295-K7))/16777216),256)/2^7),2)*MOD(INT(MOD(INT((O7)/16777216),256)/2^7),2)*128)*16777216) -> 285364318 | AX8: =((MOD(INT(MOD(INT(((4294967295-L7))/1),256)/2^0),2)*MOD(INT(MOD(INT((P7)/1),256)/2^0),2)*1+MOD(INT(MOD(INT(((4294967295-L7))/1),256)/2^1),2)*MOD(INT(MOD(INT((P7)/1),256)/2^1),2)*2+MOD(INT(MOD(INT(((4294967295-L7))/1),256)/2^2),2)*MOD(INT(MOD(INT((P7)/1),256)/2^2),2)*4+MOD(INT(MOD(INT(((4294967295-L7))/1),256)/2^3),2)*MOD(INT(MOD(INT((P7)/1),256)/2^3),2)*8+MOD(INT(MOD(INT(((4294967295-L7))/1),256)/2^4),2)*MOD(INT(MOD(INT((P7)/1),256)/2^4),2)*16+MOD(INT(MOD(INT(((4294967295-L7))/1),256)/2^5),2)*MOD(INT(MOD(INT((P7)/1),256)/2^5),2)*32+MOD(INT(MOD(INT(((4294967295-L7))/1),256)/2^6),2)*MOD(INT(MOD(INT((P7)/1),256)/2^6),2)*64+MOD(INT(MOD(INT(((4294967295-L7))/1),256)/2^7),2)*MOD(INT(MOD(INT((P7)/1),256)/2^7),2)*128)*1+(MOD(INT(MOD(INT(((4294967295-L7))/256),256)/2^0),2)*MOD(INT(MOD(INT((P7)/256),256)/2^0),2)*1+MOD(INT(MOD(INT(((4294967295-L7))/256),256)/2^1),2)*MOD(INT(MOD(INT((P7)/256),256)/2^1),2)*2+MOD(INT(MOD(INT(((4294967295-L7))/256),256)/2^2),2)*MOD(INT(MOD(INT((P7)/256),256)/2^2),2)*4+MOD(INT(MOD(INT(((4294967295-L7))/256),256)/2^3),2)*MOD(INT(MOD(INT((P7)/256),256)/2^3),2)*8+MOD(INT(MOD(INT(((4294967295-L7))/256),256)/2^4),2)*MOD(INT(MOD(INT((P7)/256),256)/2^4),2)*16+MOD(INT(MOD(INT(((4294967295-L7))/256),256)/2^5),2)*MOD(INT(MOD(INT((P7)/256),256)/2^5),2)*32+MOD(INT(MOD(INT(((4294967295-L7))/256),256)/2^6),2)*MOD(INT(MOD(INT((P7)/256),256)/2^6),2)*64+MOD(INT(MOD(INT(((4294967295-L7))/256),256)/2^7),2)*MOD(INT(MOD(INT((P7)/256),256)/2^7),2)*128)*256+(MOD(INT(MOD(INT(((4294967295-L7))/65536),256)/2^0),2)*MOD(INT(MOD(INT((P7)/65536),256)/2^0),2)*1+MOD(INT(MOD(INT(((4294967295-L7))/65536),256)/2^1),2)*MOD(INT(MOD(INT((P7)/65536),256)/2^1),2)*2+MOD(INT(MOD(INT(((4294967295-L7))/65536),256)/2^2),2)*MOD(INT(MOD(INT((P7)/65536),256)/2^2),2)*4+MOD(INT(MOD(INT(((4294967295-L7))/65536),256)/2^3),2)*MOD(INT(MOD(INT((P7)/65536),256)/2^3),2)*8+MOD(INT(MOD(INT(((4294967295-L7))/65536),256)/2^4),2)*MOD(INT(MOD(INT((P7)/65536),256)/2^4),2)*16+MOD(INT(MOD(INT(((4294967295-L7))/65536),256)/2^5),2)*MOD(INT(MOD(INT((P7)/65536),256)/2^5),2)*32+MOD(INT(MOD(INT(((4294967295-L7))/65536),256)/2^6),2)*MOD(INT(MOD(INT((P7)/65536),256)/2^6),2)*64+MOD(INT(MOD(INT(((4294967295-L7))/65536),256)/2^7),2)*MOD(INT(MOD(INT((P7)/65536),256)/2^7),2)*128)*65536+(MOD(INT(MOD(INT(((4294967295-L7))/16777216),256)/2^0),2)*MOD(INT(MOD(INT((P7)/16777216),256)/2^0),2)*1+MOD(INT(MOD(INT(((4294967295-L7))/16777216),256)/2^1),2)*MOD(INT(MOD(INT((P7)/16777216),256)/2^1),2)*2+MOD(INT(MOD(INT(((4294967295-L7))/16777216),256)/2^2),2)*MOD(INT(MOD(INT((P7)/16777216),256)/2^2),2)*4+MOD(INT(MOD(INT(((4294967295-L7))/16777216),256)/2^3),2)*MOD(INT(MOD(INT((P7)/16777216),256)/2^3),2)*8+MOD(INT(MOD(INT(((4294967295-L7))/16777216),256)/2^4),2)*MOD(INT(MOD(INT((P7)/16777216),256)/2^4),2)*16+MOD(INT(MOD(INT(((4294967295-L7))/16777216),256)/2^5),2)*MOD(INT(MOD(INT((P7)/16777216),256)/2^5),2)*32+MOD(INT(MOD(INT(((4294967295-L7))/16777216),256)/2^6),2)*MOD(INT(MOD(INT((P7)/16777216),256)/2^6),2)*64+MOD(INT(MOD(INT(((4294967295-L7))/16777216),256)/2^7),2)*MOD(INT(MOD(INT((P7)/16777216),256)/2^7),2)*128)*16777216) -> 2149974145 | BA8: =MOD(AU8+AW8,4294967296) -> 1494110846 | BB8: =MOD(AV8+AX8,4294967296) -> 2822116241 | BC8: =((MOD(INT(MOD(INT((C7)/1),256)/2^0),2)*MOD(INT(MOD(INT((E7)/1),256)/2^0),2)*1+MOD(INT(MOD(INT((C7)/1),256)/2^1),2)*MOD(INT(MOD(INT((E7)/1),256)/2^1),2)*2+MOD(INT(MOD(INT((C7)/1),256)/2^2),2)*MOD(INT(MOD(INT((E7)/1),256)/2^2),2)*4+MOD(INT(MOD(INT((C7)/1),256)/2^3),2)*MOD(INT(MOD(INT((E7)/1),256)/2^3),2)*8+MOD(INT(MOD(INT((C7)/1),256)/2^4),2)*MOD(INT(MOD(INT((E7)/1),256)/2^4),2)*16+MOD(INT(MOD(INT((C7)/1),256)/2^5),2)*MOD(INT(MOD(INT((E7)/1),256)/2^5),2)*32+MOD(INT(MOD(INT((C7)/1),256)/2^6),2)*MOD(INT(MOD(INT((E7)/1),256)/2^6),2)*64+MOD(INT(MOD(INT((C7)/1),256)/2^7),2)*MOD(INT(MOD(INT((E7)/1),256)/2^7),2)*128)*1+(MOD(INT(MOD(INT((C7)/256),256)/2^0),2)*MOD(INT(MOD(INT((E7)/256),256)/2^0),2)*1+MOD(INT(MOD(INT((C7)/256),256)/2^1),2)*MOD(INT(MOD(INT((E7)/256),256)/2^1),2)*2+MOD(INT(MOD(INT((C7)/256),256)/2^2),2)*MOD(INT(MOD(INT((E7)/256),256)/2^2),2)*4+MOD(INT(MOD(INT((C7)/256),256)/2^3),2)*MOD(INT(MOD(INT((E7)/256),256)/2^3),2)*8+MOD(INT(MOD(INT((C7)/256),256)/2^4),2)*MOD(INT(MOD(INT((E7)/256),256)/2^4),2)*16+MOD(INT(MOD(INT((C7)/256),256)/2^5),2)*MOD(INT(MOD(INT((E7)/256),256)/2^5),2)*32+MOD(INT(MOD(INT((C7)/256),256)/2^6),2)*MOD(INT(MOD(INT((E7)/256),256)/2^6),2)*64+MOD(INT(MOD(INT((C7)/256),256)/2^7),2)*MOD(INT(MOD(INT((E7)/256),256)/2^7),2)*128)*256+(MOD(INT(MOD(INT((C7)/65536),256)/2^0),2)*MOD(INT(MOD(INT((E7)/65536),256)/2^0),2)*1+MOD(INT(MOD(INT((C7)/65536),256)/2^1),2)*MOD(INT(MOD(INT((E7)/65536),256)/2^1),2)*2+MOD(INT(MOD(INT((C7)/65536),256)/2^2),2)*MOD(INT(MOD(INT((E7)/65536),256)/2^2),2)*4+MOD(INT(MOD(INT((C7)/65536),256)/2^3),2)*MOD(INT(MOD(INT((E7)/65536),256)/2^3),2)*8+MOD(INT(MOD(INT((C7)/65536),256)/2^4),2)*MOD(INT(MOD(INT((E7)/65536),256)/2^4),2)*16+MOD(INT(MOD(INT((C7)/65536),256)/2^5),2)*MOD(INT(MOD(INT((E7)/65536),256)/2^5),2)*32+MOD(INT(MOD(INT((C7)/65536),256)/2^6),2)*MOD(INT(MOD(INT((E7)/65536),256)/2^6),2)*64+MOD(INT(MOD(INT((C7)/65536),256)/2^7),2)*MOD(INT(MOD(INT((E7)/65536),256)/2^7),2)*128)*65536+(MOD(INT(MOD(INT((C7)/16777216),256)/2^0),2)*MOD(INT(MOD(INT((E7)/16777216),256)/2^0),2)*1+MOD(INT(MOD(INT((C7)/16777216),256)/2^1),2)*MOD(INT(MOD(INT((E7)/16777216),256)/2^1),2)*2+MOD(INT(MOD(INT((C7)/16777216),256)/2^2),2)*MOD(INT(MOD(INT((E7)/16777216),256)/2^2),2)*4+MOD(INT(MOD(INT((C7)/16777216),256)/2^3),2)*MOD(INT(MOD(INT((E7)/16777216),256)/2^3),2)*8+MOD(INT(MOD(INT((C7)/16777216),256)/2^4),2)*MOD(INT(MOD(INT((E7)/16777216),256)/2^4),2)*16+MOD(INT(MOD(INT((C7)/16777216),256)/2^5),2)*MOD(INT(MOD(INT((E7)/16777216),256)/2^5),2)*32+MOD(INT(MOD(INT((C7)/16777216),256)/2^6),2)*MOD(INT(MOD(INT((E7)/16777216),256)/2^6),2)*64+MOD(INT(MOD(INT((C7)/16777216),256)/2^7),2)*MOD(INT(MOD(INT((E7)/16777216),256)/2^7),2)*128)*16777216) -> 3439362853 | BD8: =((MOD(INT(MOD(INT((D7)/1),256)/2^0),2)*MOD(INT(MOD(INT((F7)/1),256)/2^0),2)*1+MOD(INT(MOD(INT((D7)/1),256)/2^1),2)*MOD(INT(MOD(INT((F7)/1),256)/2^1),2)*2+MOD(INT(MOD(INT((D7)/1),256)/2^2),2)*MOD(INT(MOD(INT((F7)/1),256)/2^2),2)*4+MOD(INT(MOD(INT((D7)/1),256)/2^3),2)*MOD(INT(MOD(INT((F7)/1),256)/2^3),2)*8+MOD(INT(MOD(INT((D7)/1),256)/2^4),2)*MOD(INT(MOD(INT((F7)/1),256)/2^4),2)*16+MOD(INT(MOD(INT((D7)/1),256)/2^5),2)*MOD(INT(MOD(INT((F7)/1),256)/2^5),2)*32+MOD(INT(MOD(INT((D7)/1),256)/2^6),2)*MOD(INT(MOD(INT((F7)/1),256)/2^6),2)*64+MOD(INT(MOD(INT((D7)/1),256)/2^7),2)*MOD(INT(MOD(INT((F7)/1),256)/2^7),2)*128)*1+(MOD(INT(MOD(INT((D7)/256),256)/2^0),2)*MOD(INT(MOD(INT((F7)/256),256)/2^0),2)*1+MOD(INT(MOD(INT((D7)/256),256)/2^1),2)*MOD(INT(MOD(INT((F7)/256),256)/2^1),2)*2+MOD(INT(MOD(INT((D7)/256),256)/2^2),2)*MOD(INT(MOD(INT((F7)/256),256)/2^2),2)*4+MOD(INT(MOD(INT((D7)/256),256)/2^3),2)*MOD(INT(MOD(INT((F7)/256),256)/2^3),2)*8+MOD(INT(MOD(INT((D7)/256),256)/2^4),2)*MOD(INT(MOD(INT((F7)/256),256)/2^4),2)*16+MOD(INT(MOD(INT((D7)/256),256)/2^5),2)*MOD(INT(MOD(INT((F7)/256),256)/2^5),2)*32+MOD(INT(MOD(INT((D7)/256),256)/2^6),2)*MOD(INT(MOD(INT((F7)/256),256)/2^6),2)*64+MOD(INT(MOD(INT((D7)/256),256)/2^7),2)*MOD(INT(MOD(INT((F7)/256),256)/2^7),2)*128)*256+(MOD(INT(MOD(INT((D7)/65536),256)/2^0),2)*MOD(INT(MOD(INT((F7)/65536),256)/2^0),2)*1+MOD(INT(MOD(INT((D7)/65536),256)/2^1),2)*MOD(INT(MOD(INT((F7)/65536),256)/2^1),2)*2+MOD(INT(MOD(INT((D7)/65536),256)/2^2),2)*MOD(INT(MOD(INT((F7)/65536),256)/2^2),2)*4+MOD(INT(MOD(INT((D7)/65536),256)/2^3),2)*MOD(INT(MOD(INT((F7)/65536),256)/2^3),2)*8+MOD(INT(MOD(INT((D7)/65536),256)/2^4),2)*MOD(INT(MOD(INT((F7)/65536),256)/2^4),2)*16+MOD(INT(MOD(INT((D7)/65536),256)/2^5),2)*MOD(INT(MOD(INT((F7)/65536),256)/2^5),2)*32+MOD(INT(MOD(INT((D7)/65536),256)/2^6),2)*MOD(INT(MOD(INT((F7)/65536),256)/2^6),2)*64+MOD(INT(MOD(INT((D7)/65536),256)/2^7),2)*MOD(INT(MOD(INT((F7)/65536),256)/2^7),2)*128)*65536+(MOD(INT(MOD(INT((D7)/16777216),256)/2^0),2)*MOD(INT(MOD(INT((F7)/16777216),256)/2^0),2)*1+MOD(INT(MOD(INT((D7)/16777216),256)/2^1),2)*MOD(INT(MOD(INT((F7)/16777216),256)/2^1),2)*2+MOD(INT(MOD(INT((D7)/16777216),256)/2^2),2)*MOD(INT(MOD(INT((F7)/16777216),256)/2^2),2)*4+MOD(INT(MOD(INT((D7)/16777216),256)/2^3),2)*MOD(INT(MOD(INT((F7)/16777216),256)/2^3),2)*8+MOD(INT(MOD(INT((D7)/16777216),256)/2^4),2)*MOD(INT(MOD(INT((F7)/16777216),256)/2^4),2)*16+MOD(INT(MOD(INT((D7)/16777216),256)/2^5),2)*MOD(INT(MOD(INT((F7)/16777216),256)/2^5),2)*32+MOD(INT(MOD(INT((D7)/16777216),256)/2^6),2)*MOD(INT(MOD(INT((F7)/16777216),256)/2^6),2)*64+MOD(INT(MOD(INT((D7)/16777216),256)/2^7),2)*MOD(INT(MOD(INT((F7)/16777216),256)/2^7),2)*128)*16777216) -> 544755840 | BE8: =((MOD(INT(MOD(INT((C7)/1),256)/2^0),2)*MOD(INT(MOD(INT((G7)/1),256)/2^0),2)*1+MOD(INT(MOD(INT((C7)/1),256)/2^1),2)*MOD(INT(MOD(INT((G7)/1),256)/2^1),2)*2+MOD(INT(MOD(INT((C7)/1),256)/2^2),2)*MOD(INT(MOD(INT((G7)/1),256)/2^2),2)*4+MOD(INT(MOD(INT((C7)/1),256)/2^3),2)*MOD(INT(MOD(INT((G7)/1),256)/2^3),2)*8+MOD(INT(MOD(INT((C7)/1),256)/2^4),2)*MOD(INT(MOD(INT((G7)/1),256)/2^4),2)*16+MOD(INT(MOD(INT((C7)/1),256)/2^5),2)*MOD(INT(MOD(INT((G7)/1),256)/2^5),2)*32+MOD(INT(MOD(INT((C7)/1),256)/2^6),2)*MOD(INT(MOD(INT((G7)/1),256)/2^6),2)*64+MOD(INT(MOD(INT((C7)/1),256)/2^7),2)*MOD(INT(MOD(INT((G7)/1),256)/2^7),2)*128)*1+(MOD(INT(MOD(INT((C7)/256),256)/2^0),2)*MOD(INT(MOD(INT((G7)/256),256)/2^0),2)*1+MOD(INT(MOD(INT((C7)/256),256)/2^1),2)*MOD(INT(MOD(INT((G7)/256),256)/2^1),2)*2+MOD(INT(MOD(INT((C7)/256),256)/2^2),2)*MOD(INT(MOD(INT((G7)/256),256)/2^2),2)*4+MOD(INT(MOD(INT((C7)/256),256)/2^3),2)*MOD(INT(MOD(INT((G7)/256),256)/2^3),2)*8+MOD(INT(MOD(INT((C7)/256),256)/2^4),2)*MOD(INT(MOD(INT((G7)/256),256)/2^4),2)*16+MOD(INT(MOD(INT((C7)/256),256)/2^5),2)*MOD(INT(MOD(INT((G7)/256),256)/2^5),2)*32+MOD(INT(MOD(INT((C7)/256),256)/2^6),2)*MOD(INT(MOD(INT((G7)/256),256)/2^6),2)*64+MOD(INT(MOD(INT((C7)/256),256)/2^7),2)*MOD(INT(MOD(INT((G7)/256),256)/2^7),2)*128)*256+(MOD(INT(MOD(INT((C7)/65536),256)/2^0),2)*MOD(INT(MOD(INT((G7)/65536),256)/2^0),2)*1+MOD(INT(MOD(INT((C7)/65536),256)/2^1),2)*MOD(INT(MOD(INT((G7)/65536),256)/2^1),2)*2+MOD(INT(MOD(INT((C7)/65536),256)/2^2),2)*MOD(INT(MOD(INT((G7)/65536),256)/2^2),2)*4+MOD(INT(MOD(INT((C7)/65536),256)/2^3),2)*MOD(INT(MOD(INT((G7)/65536),256)/2^3),2)*8+MOD(INT(MOD(INT((C7)/65536),256)/2^4),2)*MOD(INT(MOD(INT((G7)/65536),256)/2^4),2)*16+MOD(INT(MOD(INT((C7)/65536),256)/2^5),2)*MOD(INT(MOD(INT((G7)/65536),256)/2^5),2)*32+MOD(INT(MOD(INT((C7)/65536),256)/2^6),2)*MOD(INT(MOD(INT((G7)/65536),256)/2^6),2)*64+MOD(INT(MOD(INT((C7)/65536),256)/2^7),2)*MOD(INT(MOD(INT((G7)/65536),256)/2^7),2)*128)*65536+(MOD(INT(MOD(INT((C7)/16777216),256)/2^0),2)*MOD(INT(MOD(INT((G7)/16777216),256)/2^0),2)*1+MOD(INT(MOD(INT((C7)/16777216),256)/2^1),2)*MOD(INT(MOD(INT((G7)/16777216),256)/2^1),2)*2+MOD(INT(MOD(INT((C7)/16777216),256)/2^2),2)*MOD(INT(MOD(INT((G7)/16777216),256)/2^2),2)*4+MOD(INT(MOD(INT((C7)/16777216),256)/2^3),2)*MOD(INT(MOD(INT((G7)/16777216),256)/2^3),2)*8+MOD(INT(MOD(INT((C7)/16777216),256)/2^4),2)*MOD(INT(MOD(INT((G7)/16777216),256)/2^4),2)*16+MOD(INT(MOD(INT((C7)/16777216),256)/2^5),2)*MOD(INT(MOD(INT((G7)/16777216),256)/2^5),2)*32+MOD(INT(MOD(INT((C7)/16777216),256)/2^6),2)*MOD(INT(MOD(INT((G7)/16777216),256)/2^6),2)*64+MOD(INT(MOD(INT((C7)/16777216),256)/2^7),2)*MOD(INT(MOD(INT((G7)/16777216),256)/2^7),2)*128)*16777216) -> 1208525413 | BF8: =((MOD(INT(MOD(INT((D7)/1),256)/2^0),2)*MOD(INT(MOD(INT((H7)/1),256)/2^0),2)*1+MOD(INT(MOD(INT((D7)/1),256)/2^1),2)*MOD(INT(MOD(INT((H7)/1),256)/2^1),2)*2+MOD(INT(MOD(INT((D7)/1),256)/2^2),2)*MOD(INT(MOD(INT((H7)/1),256)/2^2),2)*4+MOD(INT(MOD(INT((D7)/1),256)/2^3),2)*MOD(INT(MOD(INT((H7)/1),256)/2^3),2)*8+MOD(INT(MOD(INT((D7)/1),256)/2^4),2)*MOD(INT(MOD(INT((H7)/1),256)/2^4),2)*16+MOD(INT(MOD(INT((D7)/1),256)/2^5),2)*MOD(INT(MOD(INT((H7)/1),256)/2^5),2)*32+MOD(INT(MOD(INT((D7)/1),256)/2^6),2)*MOD(INT(MOD(INT((H7)/1),256)/2^6),2)*64+MOD(INT(MOD(INT((D7)/1),256)/2^7),2)*MOD(INT(MOD(INT((H7)/1),256)/2^7),2)*128)*1+(MOD(INT(MOD(INT((D7)/256),256)/2^0),2)*MOD(INT(MOD(INT((H7)/256),256)/2^0),2)*1+MOD(INT(MOD(INT((D7)/256),256)/2^1),2)*MOD(INT(MOD(INT((H7)/256),256)/2^1),2)*2+MOD(INT(MOD(INT((D7)/256),256)/2^2),2)*MOD(INT(MOD(INT((H7)/256),256)/2^2),2)*4+MOD(INT(MOD(INT((D7)/256),256)/2^3),2)*MOD(INT(MOD(INT((H7)/256),256)/2^3),2)*8+MOD(INT(MOD(INT((D7)/256),256)/2^4),2)*MOD(INT(MOD(INT((H7)/256),256)/2^4),2)*16+MOD(INT(MOD(INT((D7)/256),256)/2^5),2)*MOD(INT(MOD(INT((H7)/256),256)/2^5),2)*32+MOD(INT(MOD(INT((D7)/256),256)/2^6),2)*MOD(INT(MOD(INT((H7)/256),256)/2^6),2)*64+MOD(INT(MOD(INT((D7)/256),256)/2^7),2)*MOD(INT(MOD(INT((H7)/256),256)/2^7),2)*128)*256+(MOD(INT(MOD(INT((D7)/65536),256)/2^0),2)*MOD(INT(MOD(INT((H7)/65536),256)/2^0),2)*1+MOD(INT(MOD(INT((D7)/65536),256)/2^1),2)*MOD(INT(MOD(INT((H7)/65536),256)/2^1),2)*2+MOD(INT(MOD(INT((D7)/65536),256)/2^2),2)*MOD(INT(MOD(INT((H7)/65536),256)/2^2),2)*4+MOD(INT(MOD(INT((D7)/65536),256)/2^3),2)*MOD(INT(MOD(INT((H7)/65536),256)/2^3),2)*8+MOD(INT(MOD(INT((D7)/65536),256)/2^4),2)*MOD(INT(MOD(INT((H7)/65536),256)/2^4),2)*16+MOD(INT(MOD(INT((D7)/65536),256)/2^5),2)*MOD(INT(MOD(INT((H7)/65536),256)/2^5),2)*32+MOD(INT(MOD(INT((D7)/65536),256)/2^6),2)*MOD(INT(MOD(INT((H7)/65536),256)/2^6),2)*64+MOD(INT(MOD(INT((D7)/65536),256)/2^7),2)*MOD(INT(MOD(INT((H7)/65536),256)/2^7),2)*128)*65536+(MOD(INT(MOD(INT((D7)/16777216),256)/2^0),2)*MOD(INT(MOD(INT((H7)/16777216),256)/2^0),2)*1+MOD(INT(MOD(INT((D7)/16777216),256)/2^1),2)*MOD(INT(MOD(INT((H7)/16777216),256)/2^1),2)*2+MOD(INT(MOD(INT((D7)/16777216),256)/2^2),2)*MOD(INT(MOD(INT((H7)/16777216),256)/2^2),2)*4+MOD(INT(MOD(INT((D7)/16777216),256)/2^3),2)*MOD(INT(MOD(INT((H7)/16777216),256)/2^3),2)*8+MOD(INT(MOD(INT((D7)/16777216),256)/2^4),2)*MOD(INT(MOD(INT((H7)/16777216),256)/2^4),2)*16+MOD(INT(MOD(INT((D7)/16777216),256)/2^5),2)*MOD(INT(MOD(INT((H7)/16777216),256)/2^5),2)*32+MOD(INT(MOD(INT((D7)/16777216),256)/2^6),2)*MOD(INT(MOD(INT((H7)/16777216),256)/2^6),2)*64+MOD(INT(MOD(INT((D7)/16777216),256)/2^7),2)*MOD(INT(MOD(INT((H7)/16777216),256)/2^7),2)*128)*16777216) -> 599277568 | BG8: =((MOD(INT(MOD(INT((E7)/1),256)/2^0),2)*MOD(INT(MOD(INT((G7)/1),256)/2^0),2)*1+MOD(INT(MOD(INT((E7)/1),256)/2^1),2)*MOD(INT(MOD(INT((G7)/1),256)/2^1),2)*2+MOD(INT(MOD(INT((E7)/1),256)/2^2),2)*MOD(INT(MOD(INT((G7)/1),256)/2^2),2)*4+MOD(INT(MOD(INT((E7)/1),256)/2^3),2)*MOD(INT(MOD(INT((G7)/1),256)/2^3),2)*8+MOD(INT(MOD(INT((E7)/1),256)/2^4),2)*MOD(INT(MOD(INT((G7)/1),256)/2^4),2)*16+MOD(INT(MOD(INT((E7)/1),256)/2^5),2)*MOD(INT(MOD(INT((G7)/1),256)/2^5),2)*32+MOD(INT(MOD(INT((E7)/1),256)/2^6),2)*MOD(INT(MOD(INT((G7)/1),256)/2^6),2)*64+MOD(INT(MOD(INT((E7)/1),256)/2^7),2)*MOD(INT(MOD(INT((G7)/1),256)/2^7),2)*128)*1+(MOD(INT(MOD(INT((E7)/256),256)/2^0),2)*MOD(INT(MOD(INT((G7)/256),256)/2^0),2)*1+MOD(INT(MOD(INT((E7)/256),256)/2^1),2)*MOD(INT(MOD(INT((G7)/256),256)/2^1),2)*2+MOD(INT(MOD(INT((E7)/256),256)/2^2),2)*MOD(INT(MOD(INT((G7)/256),256)/2^2),2)*4+MOD(INT(MOD(INT((E7)/256),256)/2^3),2)*MOD(INT(MOD(INT((G7)/256),256)/2^3),2)*8+MOD(INT(MOD(INT((E7)/256),256)/2^4),2)*MOD(INT(MOD(INT((G7)/256),256)/2^4),2)*16+MOD(INT(MOD(INT((E7)/256),256)/2^5),2)*MOD(INT(MOD(INT((G7)/256),256)/2^5),2)*32+MOD(INT(MOD(INT((E7)/256),256)/2^6),2)*MOD(INT(MOD(INT((G7)/256),256)/2^6),2)*64+MOD(INT(MOD(INT((E7)/256),256)/2^7),2)*MOD(INT(MOD(INT((G7)/256),256)/2^7),2)*128)*256+(MOD(INT(MOD(INT((E7)/65536),256)/2^0),2)*MOD(INT(MOD(INT((G7)/65536),256)/2^0),2)*1+MOD(INT(MOD(INT((E7)/65536),256)/2^1),2)*MOD(INT(MOD(INT((G7)/65536),256)/2^1),2)*2+MOD(INT(MOD(INT((E7)/65536),256)/2^2),2)*MOD(INT(MOD(INT((G7)/65536),256)/2^2),2)*4+MOD(INT(MOD(INT((E7)/65536),256)/2^3),2)*MOD(INT(MOD(INT((G7)/65536),256)/2^3),2)*8+MOD(INT(MOD(INT((E7)/65536),256)/2^4),2)*MOD(INT(MOD(INT((G7)/65536),256)/2^4),2)*16+MOD(INT(MOD(INT((E7)/65536),256)/2^5),2)*MOD(INT(MOD(INT((G7)/65536),256)/2^5),2)*32+MOD(INT(MOD(INT((E7)/65536),256)/2^6),2)*MOD(INT(MOD(INT((G7)/65536),256)/2^6),2)*64+MOD(INT(MOD(INT((E7)/65536),256)/2^7),2)*MOD(INT(MOD(INT((G7)/65536),256)/2^7),2)*128)*65536+(MOD(INT(MOD(INT((E7)/16777216),256)/2^0),2)*MOD(INT(MOD(INT((G7)/16777216),256)/2^0),2)*1+MOD(INT(MOD(INT((E7)/16777216),256)/2^1),2)*MOD(INT(MOD(INT((G7)/16777216),256)/2^1),2)*2+MOD(INT(MOD(INT((E7)/16777216),256)/2^2),2)*MOD(INT(MOD(INT((G7)/16777216),256)/2^2),2)*4+MOD(INT(MOD(INT((E7)/16777216),256)/2^3),2)*MOD(INT(MOD(INT((G7)/16777216),256)/2^3),2)*8+MOD(INT(MOD(INT((E7)/16777216),256)/2^4),2)*MOD(INT(MOD(INT((G7)/16777216),256)/2^4),2)*16+MOD(INT(MOD(INT((E7)/16777216),256)/2^5),2)*MOD(INT(MOD(INT((G7)/16777216),256)/2^5),2)*32+MOD(INT(MOD(INT((E7)/16777216),256)/2^6),2)*MOD(INT(MOD(INT((G7)/16777216),256)/2^6),2)*64+MOD(INT(MOD(INT((E7)/16777216),256)/2^7),2)*MOD(INT(MOD(INT((G7)/16777216),256)/2^7),2)*128)*16777216) -> 1744881189 | BH8: =((MOD(INT(MOD(INT((F7)/1),256)/2^0),2)*MOD(INT(MOD(INT((H7)/1),256)/2^0),2)*1+MOD(INT(MOD(INT((F7)/1),256)/2^1),2)*MOD(INT(MOD(INT((H7)/1),256)/2^1),2)*2+MOD(INT(MOD(INT((F7)/1),256)/2^2),2)*MOD(INT(MOD(INT((H7)/1),256)/2^2),2)*4+MOD(INT(MOD(INT((F7)/1),256)/2^3),2)*MOD(INT(MOD(INT((H7)/1),256)/2^3),2)*8+MOD(INT(MOD(INT((F7)/1),256)/2^4),2)*MOD(INT(MOD(INT((H7)/1),256)/2^4),2)*16+MOD(INT(MOD(INT((F7)/1),256)/2^5),2)*MOD(INT(MOD(INT((H7)/1),256)/2^5),2)*32+MOD(INT(MOD(INT((F7)/1),256)/2^6),2)*MOD(INT(MOD(INT((H7)/1),256)/2^6),2)*64+MOD(INT(MOD(INT((F7)/1),256)/2^7),2)*MOD(INT(MOD(INT((H7)/1),256)/2^7),2)*128)*1+(MOD(INT(MOD(INT((F7)/256),256)/2^0),2)*MOD(INT(MOD(INT((H7)/256),256)/2^0),2)*1+MOD(INT(MOD(INT((F7)/256),256)/2^1),2)*MOD(INT(MOD(INT((H7)/256),256)/2^1),2)*2+MOD(INT(MOD(INT((F7)/256),256)/2^2),2)*MOD(INT(MOD(INT((H7)/256),256)/2^2),2)*4+MOD(INT(MOD(INT((F7)/256),256)/2^3),2)*MOD(INT(MOD(INT((H7)/256),256)/2^3),2)*8+MOD(INT(MOD(INT((F7)/256),256)/2^4),2)*MOD(INT(MOD(INT((H7)/256),256)/2^4),2)*16+MOD(INT(MOD(INT((F7)/256),256)/2^5),2)*MOD(INT(MOD(INT((H7)/256),256)/2^5),2)*32+MOD(INT(MOD(INT((F7)/256),256)/2^6),2)*MOD(INT(MOD(INT((H7)/256),256)/2^6),2)*64+MOD(INT(MOD(INT((F7)/256),256)/2^7),2)*MOD(INT(MOD(INT((H7)/256),256)/2^7),2)*128)*256+(MOD(INT(MOD(INT((F7)/65536),256)/2^0),2)*MOD(INT(MOD(INT((H7)/65536),256)/2^0),2)*1+MOD(INT(MOD(INT((F7)/65536),256)/2^1),2)*MOD(INT(MOD(INT((H7)/65536),256)/2^1),2)*2+MOD(INT(MOD(INT((F7)/65536),256)/2^2),2)*MOD(INT(MOD(INT((H7)/65536),256)/2^2),2)*4+MOD(INT(MOD(INT((F7)/65536),256)/2^3),2)*MOD(INT(MOD(INT((H7)/65536),256)/2^3),2)*8+MOD(INT(MOD(INT((F7)/65536),256)/2^4),2)*MOD(INT(MOD(INT((H7)/65536),256)/2^4),2)*16+MOD(INT(MOD(INT((F7)/65536),256)/2^5),2)*MOD(INT(MOD(INT((H7)/65536),256)/2^5),2)*32+MOD(INT(MOD(INT((F7)/65536),256)/2^6),2)*MOD(INT(MOD(INT((H7)/65536),256)/2^6),2)*64+MOD(INT(MOD(INT((F7)/65536),256)/2^7),2)*MOD(INT(MOD(INT((H7)/65536),256)/2^7),2)*128)*65536+(MOD(INT(MOD(INT((F7)/16777216),256)/2^0),2)*MOD(INT(MOD(INT((H7)/16777216),256)/2^0),2)*1+MOD(INT(MOD(INT((F7)/16777216),256)/2^1),2)*MOD(INT(MOD(INT((H7)/16777216),256)/2^1),2)*2+MOD(INT(MOD(INT((F7)/16777216),256)/2^2),2)*MOD(INT(MOD(INT((H7)/16777216),256)/2^2),2)*4+MOD(INT(MOD(INT((F7)/16777216),256)/2^3),2)*MOD(INT(MOD(INT((H7)/16777216),256)/2^3),2)*8+MOD(INT(MOD(INT((F7)/16777216),256)/2^4),2)*MOD(INT(MOD(INT((H7)/16777216),256)/2^4),2)*16+MOD(INT(MOD(INT((F7)/16777216),256)/2^5),2)*MOD(INT(MOD(INT((H7)/16777216),256)/2^5),2)*32+MOD(INT(MOD(INT((F7)/16777216),256)/2^6),2)*MOD(INT(MOD(INT((H7)/16777216),256)/2^6),2)*64+MOD(INT(MOD(INT((F7)/16777216),256)/2^7),2)*MOD(INT(MOD(INT((H7)/16777216),256)/2^7),2)*128)*16777216) -> 540854528 | BI8: =((MOD(INT(MOD(INT((BC8)/1),256)/2^0),2)*MOD(INT(MOD(INT((BG8)/1),256)/2^0),2)*1+MOD(INT(MOD(INT((BC8)/1),256)/2^1),2)*MOD(INT(MOD(INT((BG8)/1),256)/2^1),2)*2+MOD(INT(MOD(INT((BC8)/1),256)/2^2),2)*MOD(INT(MOD(INT((BG8)/1),256)/2^2),2)*4+MOD(INT(MOD(INT((BC8)/1),256)/2^3),2)*MOD(INT(MOD(INT((BG8)/1),256)/2^3),2)*8+MOD(INT(MOD(INT((BC8)/1),256)/2^4),2)*MOD(INT(MOD(INT((BG8)/1),256)/2^4),2)*16+MOD(INT(MOD(INT((BC8)/1),256)/2^5),2)*MOD(INT(MOD(INT((BG8)/1),256)/2^5),2)*32+MOD(INT(MOD(INT((BC8)/1),256)/2^6),2)*MOD(INT(MOD(INT((BG8)/1),256)/2^6),2)*64+MOD(INT(MOD(INT((BC8)/1),256)/2^7),2)*MOD(INT(MOD(INT((BG8)/1),256)/2^7),2)*128)*1+(MOD(INT(MOD(INT((BC8)/256),256)/2^0),2)*MOD(INT(MOD(INT((BG8)/256),256)/2^0),2)*1+MOD(INT(MOD(INT((BC8)/256),256)/2^1),2)*MOD(INT(MOD(INT((BG8)/256),256)/2^1),2)*2+MOD(INT(MOD(INT((BC8)/256),256)/2^2),2)*MOD(INT(MOD(INT((BG8)/256),256)/2^2),2)*4+MOD(INT(MOD(INT((BC8)/256),256)/2^3),2)*MOD(INT(MOD(INT((BG8)/256),256)/2^3),2)*8+MOD(INT(MOD(INT((BC8)/256),256)/2^4),2)*MOD(INT(MOD(INT((BG8)/256),256)/2^4),2)*16+MOD(INT(MOD(INT((BC8)/256),256)/2^5),2)*MOD(INT(MOD(INT((BG8)/256),256)/2^5),2)*32+MOD(INT(MOD(INT((BC8)/256),256)/2^6),2)*MOD(INT(MOD(INT((BG8)/256),256)/2^6),2)*64+MOD(INT(MOD(INT((BC8)/256),256)/2^7),2)*MOD(INT(MOD(INT((BG8)/256),256)/2^7),2)*128)*256+(MOD(INT(MOD(INT((BC8)/65536),256)/2^0),2)*MOD(INT(MOD(INT((BG8)/65536),256)/2^0),2)*1+MOD(INT(MOD(INT((BC8)/65536),256)/2^1),2)*MOD(INT(MOD(INT((BG8)/65536),256)/2^1),2)*2+MOD(INT(MOD(INT((BC8)/65536),256)/2^2),2)*MOD(INT(MOD(INT((BG8)/65536),256)/2^2),2)*4+MOD(INT(MOD(INT((BC8)/65536),256)/2^3),2)*MOD(INT(MOD(INT((BG8)/65536),256)/2^3),2)*8+MOD(INT(MOD(INT((BC8)/65536),256)/2^4),2)*MOD(INT(MOD(INT((BG8)/65536),256)/2^4),2)*16+MOD(INT(MOD(INT((BC8)/65536),256)/2^5),2)*MOD(INT(MOD(INT((BG8)/65536),256)/2^5),2)*32+MOD(INT(MOD(INT((BC8)/65536),256)/2^6),2)*MOD(INT(MOD(INT((BG8)/65536),256)/2^6),2)*64+MOD(INT(MOD(INT((BC8)/65536),256)/2^7),2)*MOD(INT(MOD(INT((BG8)/65536),256)/2^7),2)*128)*65536+(MOD(INT(MOD(INT((BC8)/16777216),256)/2^0),2)*MOD(INT(MOD(INT((BG8)/16777216),256)/2^0),2)*1+MOD(INT(MOD(INT((BC8)/16777216),256)/2^1),2)*MOD(INT(MOD(INT((BG8)/16777216),256)/2^1),2)*2+MOD(INT(MOD(INT((BC8)/16777216),256)/2^2),2)*MOD(INT(MOD(INT((BG8)/16777216),256)/2^2),2)*4+MOD(INT(MOD(INT((BC8)/16777216),256)/2^3),2)*MOD(INT(MOD(INT((BG8)/16777216),256)/2^3),2)*8+MOD(INT(MOD(INT((BC8)/16777216),256)/2^4),2)*MOD(INT(MOD(INT((BG8)/16777216),256)/2^4),2)*16+MOD(INT(MOD(INT((BC8)/16777216),256)/2^5),2)*MOD(INT(MOD(INT((BG8)/16777216),256)/2^5),2)*32+MOD(INT(MOD(INT((BC8)/16777216),256)/2^6),2)*MOD(INT(MOD(INT((BG8)/16777216),256)/2^6),2)*64+MOD(INT(MOD(INT((BC8)/16777216),256)/2^7),2)*MOD(INT(MOD(INT((BG8)/16777216),256)/2^7),2)*128)*16777216) -> 1207992869 | BJ8: =((MOD(INT(MOD(INT((BD8)/1),256)/2^0),2)*MOD(INT(MOD(INT((BH8)/1),256)/2^0),2)*1+MOD(INT(MOD(INT((BD8)/1),256)/2^1),2)*MOD(INT(MOD(INT((BH8)/1),256)/2^1),2)*2+MOD(INT(MOD(INT((BD8)/1),256)/2^2),2)*MOD(INT(MOD(INT((BH8)/1),256)/2^2),2)*4+MOD(INT(MOD(INT((BD8)/1),256)/2^3),2)*MOD(INT(MOD(INT((BH8)/1),256)/2^3),2)*8+MOD(INT(MOD(INT((BD8)/1),256)/2^4),2)*MOD(INT(MOD(INT((BH8)/1),256)/2^4),2)*16+MOD(INT(MOD(INT((BD8)/1),256)/2^5),2)*MOD(INT(MOD(INT((BH8)/1),256)/2^5),2)*32+MOD(INT(MOD(INT((BD8)/1),256)/2^6),2)*MOD(INT(MOD(INT((BH8)/1),256)/2^6),2)*64+MOD(INT(MOD(INT((BD8)/1),256)/2^7),2)*MOD(INT(MOD(INT((BH8)/1),256)/2^7),2)*128)*1+(MOD(INT(MOD(INT((BD8)/256),256)/2^0),2)*MOD(INT(MOD(INT((BH8)/256),256)/2^0),2)*1+MOD(INT(MOD(INT((BD8)/256),256)/2^1),2)*MOD(INT(MOD(INT((BH8)/256),256)/2^1),2)*2+MOD(INT(MOD(INT((BD8)/256),256)/2^2),2)*MOD(INT(MOD(INT((BH8)/256),256)/2^2),2)*4+MOD(INT(MOD(INT((BD8)/256),256)/2^3),2)*MOD(INT(MOD(INT((BH8)/256),256)/2^3),2)*8+MOD(INT(MOD(INT((BD8)/256),256)/2^4),2)*MOD(INT(MOD(INT((BH8)/256),256)/2^4),2)*16+MOD(INT(MOD(INT((BD8)/256),256)/2^5),2)*MOD(INT(MOD(INT((BH8)/256),256)/2^5),2)*32+MOD(INT(MOD(INT((BD8)/256),256)/2^6),2)*MOD(INT(MOD(INT((BH8)/256),256)/2^6),2)*64+MOD(INT(MOD(INT((BD8)/256),256)/2^7),2)*MOD(INT(MOD(INT((BH8)/256),256)/2^7),2)*128)*256+(MOD(INT(MOD(INT((BD8)/65536),256)/2^0),2)*MOD(INT(MOD(INT((BH8)/65536),256)/2^0),2)*1+MOD(INT(MOD(INT((BD8)/65536),256)/2^1),2)*MOD(INT(MOD(INT((BH8)/65536),256)/2^1),2)*2+MOD(INT(MOD(INT((BD8)/65536),256)/2^2),2)*MOD(INT(MOD(INT((BH8)/65536),256)/2^2),2)*4+MOD(INT(MOD(INT((BD8)/65536),256)/2^3),2)*MOD(INT(MOD(INT((BH8)/65536),256)/2^3),2)*8+MOD(INT(MOD(INT((BD8)/65536),256)/2^4),2)*MOD(INT(MOD(INT((BH8)/65536),256)/2^4),2)*16+MOD(INT(MOD(INT((BD8)/65536),256)/2^5),2)*MOD(INT(MOD(INT((BH8)/65536),256)/2^5),2)*32+MOD(INT(MOD(INT((BD8)/65536),256)/2^6),2)*MOD(INT(MOD(INT((BH8)/65536),256)/2^6),2)*64+MOD(INT(MOD(INT((BD8)/65536),256)/2^7),2)*MOD(INT(MOD(INT((BH8)/65536),256)/2^7),2)*128)*65536+(MOD(INT(MOD(INT((BD8)/16777216),256)/2^0),2)*MOD(INT(MOD(INT((BH8)/16777216),256)/2^0),2)*1+MOD(INT(MOD(INT((BD8)/16777216),256)/2^1),2)*MOD(INT(MOD(INT((BH8)/16777216),256)/2^1),2)*2+MOD(INT(MOD(INT((BD8)/16777216),256)/2^2),2)*MOD(INT(MOD(INT((BH8)/16777216),256)/2^2),2)*4+MOD(INT(MOD(INT((BD8)/16777216),256)/2^3),2)*MOD(INT(MOD(INT((BH8)/16777216),256)/2^3),2)*8+MOD(INT(MOD(INT((BD8)/16777216),256)/2^4),2)*MOD(INT(MOD(INT((BH8)/16777216),256)/2^4),2)*16+MOD(INT(MOD(INT((BD8)/16777216),256)/2^5),2)*MOD(INT(MOD(INT((BH8)/16777216),256)/2^5),2)*32+MOD(INT(MOD(INT((BD8)/16777216),256)/2^6),2)*MOD(INT(MOD(INT((BH8)/16777216),256)/2^6),2)*64+MOD(INT(MOD(INT((BD8)/16777216),256)/2^7),2)*MOD(INT(MOD(INT((BH8)/16777216),256)/2^7),2)*128)*16777216) -> 540557312 | BK8: =MOD(BC8+BE8+BG8-2*BI8,4294967296) -> 3976783717 | BL8: =MOD(BD8+BF8+BH8-2*BJ8,4294967296) -> 603773312 | BM8: =MOD(R7+AF8+BB8+'📦 Константы SHA-512'!D6+BI202,4294967296) -> 466269605 | BN8: =INT((R7+AF8+BB8+'📦 Константы SHA-512'!D6+BI202)/4294967296) -> 2 | BO8: =MOD(Q7+AE8+BA8+'📦 Константы SHA-512'!C6+BH202+BN8,4294967296) -> 1259148583 | BP8: BM8 | BQ8: =MOD(AT8+BL8,4294967296) -> 167763679 | BR8: =INT((AT8+BL8)/4294967296) -> 1 | BS8: =MOD(AS8+BK8+BR8,4294967296) -> 2585192879 | BU8: =MOD(I7+BO8+INT((J7+BM8)/4294967296),4294967296) -> 108315564 | BV8: =MOD(J7+BM8,4294967296) -> 2694143200 | BW8: =MOD(BO8+BS8+INT((BM8+BQ8)/4294967296),4294967296) -> 3844341462 | BX8: =MOD(BM8+BQ8,4294967296) -> 634033284
